id,name,host_id,host_name,host_is_superhost,neighbourhood_group,neighbourhood,latitude,longitude,room_type,price,minimum_nights,number_of_reviews,last_review,reviews_per_month,calculated_host_listings_count,availability_365,price_per_night_bucket,is_superhost,days_since_last_review,availability_status
1000001,Entire home/apt in Greenpoint,500001,Host1,f,Brooklyn,Greenpoint,40.682662,-73.94164,Entire home/apt,226.73,1,15,2026-07-26,0.75,1,300,$150-250,False,40.0,Highly Available
1000002,Entire home/apt in East Village,500002,Host2,f,Manhattan,East Village,40.763411,-73.959046,Entire home/apt,296.71,1,23,2026-05-20,1.94,1,0,$250-400,False,107.0,Rarely Available
1000003,Entire home/apt in Williamsburg,500003,Host3,t,Brooklyn,Williamsburg,40.657569,-73.947235,Entire home/apt,91.4,14,84,2026-03-16,2.1,1,191,$75-150,True,172.0,Highly Available
1000004,Entire home/apt in DUMBO,500004,Host4,f,Brooklyn,DUMBO,40.691968,-73.947433,Entire home/apt,88.9,2,5,2026-05-22,0.17,1,105,$75-150,False,105.0,Sometimes Available
1000005,Entire home/apt in Jamaica,500005,Host5,t,Queens,Jamaica,40.714462,-73.781766,Entire home/apt,73.43,7,11,2026-01-19,0.62,1,0,$0-75,True,228.0,Rarely Available
1000006,Entire home/apt in Chelsea,500006,Host6,f,Manhattan,Chelsea,40.805379,-73.993478,Entire home/apt,411.33,14,26,2026-07-20,0.59,3,224,$400+,False,46.0,Highly Available
1000007,Private room in Jamaica,500007,Host7,f,Queens,Jamaica,40.720027,-73.795217,Private room,67.96,5,35,2026-05-05,1.18,2,260,$0-75,False,122.0,Highly Available
1000008,Private room in Hell's Kitchen,500008,Host8,f,Manhattan,Hell's Kitchen,40.7901,-73.963782,Private room,437.92,1,23,2026-04-14,0.8,1,37,$400+,False,143.0,Sometimes Available
1000009,Private room in Crown Heights,500009,Host9,f,Brooklyn,Crown Heights,40.670158,-73.97327,Private room,109.76,7,19,2026-07-19,0.48,3,184,$75-150,False,47.0,Highly Available
1000010,Entire home/apt in Astoria,500010,Host10,t,Queens,Astoria,40.714745,-73.796929,Entire home/apt,139.97,3,7,2026-04-25,0.43,1,12,$75-150,True,132.0,Rarely Available
1000011,Entire home/apt in East Village,500011,Host11,f,Manhattan,East Village,40.764506,-73.97943,Entire home/apt,77.44,1,23,2025-10-19,0.85,1,147,$75-150,False,320.0,Sometimes Available
1000012,Entire home/apt in Crown Heights,500012,Host12,f,Brooklyn,Crown Heights,40.668131,-73.925537,Entire home/apt,308.06,5,11,2026-07-21,0.34,1,232,$250-400,False,45.0,Highly Available
1000013,Private room in Financial District,500013,Host13,f,Manhattan,Financial District,40.78564,-73.952471,Private room,74.77,7,10,2026-05-06,1.0,5,74,$0-75,False,121.0,Sometimes Available
1000014,Private room in Long Island City,500014,Host14,t,Queens,Long Island City,40.733198,-73.778364,Private room,58.23,7,20,2025-11-01,0.71,1,211,$0-75,True,307.0,Highly Available
1000015,Private room in Park Slope,500015,Host15,f,Brooklyn,Park Slope,40.689338,-73.94729,Private room,101.82,7,47,2026-04-19,1.04,2,161,$75-150,False,138.0,Sometimes Available
1000016,Entire home/apt in Tottenville,500016,Host16,f,Staten Island,Tottenville,40.58749,-74.132189,Entire home/apt,263.22,1,31,2026-03-29,1.94,1,202,$250-400,False,159.0,Highly Available
1000017,Entire home/apt in Bedford-Stuyvesant,500017,Host17,f,Brooklyn,Bedford-Stuyvesant,40.695002,-73.936113,Entire home/apt,81.75,30,16,2026-03-30,0.36,1,229,$75-150,False,158.0,Highly Available
1000018,Private room in Chelsea,500018,Host18,f,Manhattan,Chelsea,40.75701,-73.982938,Private room,140.31,7,34,2026-04-22,0.74,1,170,$75-150,False,135.0,Sometimes Available
1000019,Entire home/apt in Chelsea,500019,Host19,t,Manhattan,Chelsea,40.783156,-73.959784,Entire home/apt,371.9,3,2,2026-05-06,0.06,10,160,$250-400,True,121.0,Sometimes Available
1000020,Private room in Flushing,500020,Host20,f,Queens,Flushing,40.724694,-73.807744,Private room,22.82,1,23,2026-07-07,2.44,1,201,$0-75,False,59.0,Highly Available
1000021,Entire home/apt in Chelsea,500021,Host21,f,Manhattan,Chelsea,40.758138,-73.977696,Entire home/apt,169.95,1,15,2026-07-29,0.52,1,123,$150-250,False,37.0,Sometimes Available
1000022,Entire home/apt in Greenpoint,500022,Host22,t,Brooklyn,Greenpoint,40.651842,-73.983812,Entire home/apt,174.34,1,13,2025-06-09,0.37,1,207,$150-250,True,452.0,Highly Available
1000023,Entire home/apt in Long Island City,500023,Host23,f,Queens,Long Island City,40.770443,-73.773351,Entire home/apt,85.03,1,7,2026-06-23,0.24,1,332,$75-150,False,73.0,Highly Available
1000024,Private room in Bedford-Stuyvesant,500024,Host24,f,Brooklyn,Bedford-Stuyvesant,40.668375,-73.985876,Private room,65.96,1,97,2026-01-16,7.26,1,121,$0-75,False,231.0,Sometimes Available
1000025,Private room in Bushwick,500025,Host25,t,Brooklyn,Bushwick,40.673951,-73.942782,Private room,75.78,3,17,2026-07-24,0.41,1,164,$75-150,True,42.0,Sometimes Available
1000026,Private room in Park Slope,500026,Host26,f,Brooklyn,Park Slope,40.660338,-73.957988,Private room,139.03,7,42,2026-07-05,1.3,2,348,$75-150,False,61.0,Highly Available
1000027,Entire home/apt in Greenpoint,500027,Host27,f,Brooklyn,Greenpoint,40.68514,-73.957858,Entire home/apt,137.08,7,0,,0.0,2,172,$75-150,False,,Sometimes Available
1000028,Entire home/apt in Greenpoint,500028,Host28,t,Brooklyn,Greenpoint,40.698874,-73.93942,Entire home/apt,223.99,2,21,2026-06-28,0.7,1,141,$150-250,True,68.0,Sometimes Available
1000029,Entire home/apt in Bedford-Stuyvesant,500029,Host29,f,Brooklyn,Bedford-Stuyvesant,40.672579,-73.956262,Entire home/apt,267.4,14,17,2026-06-03,0.42,1,239,$250-400,False,93.0,Highly Available
1000030,Entire home/apt in Tottenville,500030,Host30,f,Staten Island,Tottenville,40.58549,-74.117494,Entire home/apt,69.88,3,20,2026-07-18,1.34,5,148,$0-75,False,48.0,Sometimes Available
1000031,Private room in Jamaica,500031,Host31,t,Queens,Jamaica,40.73691,-73.823235,Private room,73.96,2,6,2026-05-07,0.26,3,159,$0-75,True,120.0,Sometimes Available
1000032,Private room in Riverdale,500032,Host32,t,Bronx,Riverdale,40.83663,-73.891773,Private room,37.73,5,20,2026-05-12,0.84,3,299,$0-75,True,115.0,Highly Available
1000033,Private room in East Village,500033,Host33,f,Manhattan,East Village,40.738065,-73.959018,Private room,186.14,1,12,2026-05-25,0.46,1,230,$150-250,False,102.0,Highly Available
1000034,Hotel room in Financial District,500034,Host34,f,Manhattan,Financial District,40.773781,-73.951474,Hotel room,339.41,2,24,2026-04-18,0.68,1,64,$250-400,False,139.0,Sometimes Available
1000035,Entire home/apt in Bushwick,500035,Host35,f,Brooklyn,Bushwick,40.689427,-73.92459,Entire home/apt,44.75,1,91,2026-06-18,1.92,1,92,$0-75,False,78.0,Sometimes Available
1000036,Entire home/apt in Midtown,500036,Host36,t,Manhattan,Midtown,40.77384,-73.940458,Entire home/apt,245.71,14,2,2026-05-30,0.05,1,221,$150-250,True,97.0,Highly Available
1000037,Private room in St. George,500037,Host37,t,Staten Island,St. George,40.579105,-74.15006,Private room,72.47,7,15,2025-12-04,0.64,1,140,$0-75,True,274.0,Sometimes Available
1000038,Private room in Ridgewood,500038,Host38,f,Queens,Ridgewood,40.658437,-73.799365,Private room,31.58,1,8,2026-07-27,0.54,3,79,$0-75,False,39.0,Sometimes Available
1000039,Private room in Long Island City,500039,Host39,f,Queens,Long Island City,40.719327,-73.800846,Private room,177.05,2,3,2026-03-08,0.42,2,343,$150-250,False,180.0,Highly Available
1000040,Private room in Midtown,500040,Host40,f,Manhattan,Midtown,40.795373,-73.958085,Private room,210.98,5,19,2026-05-05,0.76,3,365,$150-250,False,122.0,Highly Available
1000041,Entire home/apt in Williamsburg,500041,Host41,t,Brooklyn,Williamsburg,40.685332,-73.962798,Entire home/apt,153.75,2,9,2026-07-16,0.28,1,0,$150-250,True,50.0,Rarely Available
1000042,Private room in Harlem,500042,Host42,t,Manhattan,Harlem,40.773859,-73.991705,Private room,353.34,1,1,2026-07-21,0.08,1,114,$250-400,True,45.0,Sometimes Available
1000043,Entire home/apt in Upper West Side,500043,Host43,f,Manhattan,Upper West Side,40.779563,-73.970287,Entire home/apt,128.22,2,29,2026-08-01,1.05,1,22,$75-150,False,34.0,Rarely Available
1000044,Entire home/apt in Crown Heights,500044,Host44,f,Brooklyn,Crown Heights,40.654605,-73.977182,Entire home/apt,197.29,1,3,2026-02-16,0.26,1,325,$150-250,False,200.0,Highly Available
1000045,Entire home/apt in Hell's Kitchen,500045,Host45,f,Manhattan,Hell's Kitchen,40.823487,-73.950709,Entire home/apt,183.23,7,22,2026-07-22,0.64,2,31,$150-250,False,44.0,Sometimes Available
1000046,Private room in Astoria,500046,Host46,f,Queens,Astoria,40.715658,-73.819177,Private room,28.01,3,7,2026-08-01,0.26,1,25,$0-75,False,34.0,Rarely Available
1000047,Entire home/apt in Crown Heights,500047,Host47,t,Brooklyn,Crown Heights,40.666465,-73.928892,Entire home/apt,112.02,1,18,2026-06-02,0.77,10,90,$75-150,True,94.0,Sometimes Available
1000048,Private room in Chelsea,500048,Host48,t,Manhattan,Chelsea,40.81294,-73.965681,Private room,163.32,7,5,2026-02-23,0.11,1,346,$150-250,True,193.0,Highly Available
1000049,Entire home/apt in Ridgewood,500049,Host49,t,Queens,Ridgewood,40.775798,-73.806088,Entire home/apt,117.99,2,15,2026-03-16,0.52,1,202,$75-150,True,172.0,Highly Available
1000050,Private room in Astoria,500050,Host50,f,Queens,Astoria,40.739586,-73.784054,Private room,51.9,30,5,2026-07-27,0.23,3,315,$0-75,False,39.0,Highly Available
1000051,Entire home/apt in Jamaica,500051,Host51,f,Queens,Jamaica,40.714472,-73.838607,Entire home/apt,159.98,2,11,2026-05-24,0.26,1,103,$150-250,False,103.0,Sometimes Available
1000052,Entire home/apt in Hell's Kitchen,500052,Host52,f,Manhattan,Hell's Kitchen,40.794323,-73.949193,Entire home/apt,81.01,2,1,2026-06-14,0.06,1,259,$75-150,False,82.0,Highly Available
1000053,Private room in Hell's Kitchen,500053,Host53,t,Manhattan,Hell's Kitchen,40.78558,-73.964327,Private room,225.02,1,9,2026-04-22,0.55,1,159,$150-250,True,135.0,Sometimes Available
1000054,Private room in Crown Heights,500054,Host54,f,Brooklyn,Crown Heights,40.704609,-73.904014,Private room,62.15,2,19,2026-07-31,0.72,1,0,$0-75,False,35.0,Rarely Available
1000055,Entire home/apt in Flushing,500055,Host55,f,Queens,Flushing,40.763643,-73.782195,Entire home/apt,43.13,14,4,2026-07-30,0.13,1,314,$0-75,False,36.0,Highly Available
1000056,Entire home/apt in Mott Haven,500056,Host56,t,Bronx,Mott Haven,40.887774,-73.875521,Entire home/apt,237.02,5,68,2025-03-17,1.52,1,297,$150-250,True,536.0,Highly Available
1000057,Private room in Williamsburg,500057,Host57,f,Brooklyn,Williamsburg,40.681227,-73.928491,Private room,130.67,1,13,2026-05-15,0.31,3,80,$75-150,False,112.0,Sometimes Available
1000058,Entire home/apt in Chelsea,500058,Host58,t,Manhattan,Chelsea,40.770622,-73.993131,Entire home/apt,261.26,14,11,2026-03-24,0.36,1,4,$250-400,True,164.0,Rarely Available
1000059,Entire home/apt in Financial District,500059,Host59,f,Manhattan,Financial District,40.782062,-73.94767,Entire home/apt,142.15,2,40,2026-06-06,1.93,1,27,$75-150,False,90.0,Rarely Available
1000060,Entire home/apt in Chelsea,500060,Host60,f,Manhattan,Chelsea,40.792664,-73.997531,Entire home/apt,40.94,3,4,2026-06-06,0.29,3,270,$0-75,False,90.0,Highly Available
1000061,Shared room in DUMBO,500061,Host61,f,Brooklyn,DUMBO,40.712333,-73.935181,Shared room,98.1,1,17,2025-11-12,0.55,1,0,$75-150,False,296.0,Rarely Available
1000062,Shared room in Flushing,500062,Host62,f,Queens,Flushing,40.738548,-73.788761,Shared room,20.0,3,33,2026-03-31,0.79,1,50,$0-75,False,157.0,Sometimes Available
1000063,Entire home/apt in Park Slope,500063,Host63,f,Brooklyn,Park Slope,40.667102,-73.936017,Entire home/apt,331.86,3,13,2025-08-11,0.45,1,0,$250-400,False,389.0,Rarely Available
1000064,Private room in Mott Haven,500064,Host64,t,Bronx,Mott Haven,40.837369,-73.879048,Private room,45.53,1,19,2025-12-28,0.58,1,298,$0-75,True,250.0,Highly Available
1000065,Private room in Hell's Kitchen,500065,Host65,f,Manhattan,Hell's Kitchen,40.767516,-73.983924,Private room,150.25,2,1,2026-07-19,0.04,1,294,$150-250,False,47.0,Highly Available
1000066,Private room in Chelsea,500066,Host66,t,Manhattan,Chelsea,40.76904,-73.967029,Private room,302.99,14,13,2026-07-11,0.59,1,261,$250-400,True,55.0,Highly Available
1000067,Entire home/apt in Bushwick,500067,Host67,f,Brooklyn,Bushwick,40.642904,-73.946478,Entire home/apt,158.56,5,23,2026-07-15,0.5,1,282,$150-250,False,51.0,Highly Available
1000068,Private room in Park Slope,500068,Host68,f,Brooklyn,Park Slope,40.665461,-73.907751,Private room,95.98,1,36,2026-05-11,3.44,1,77,$75-150,False,116.0,Sometimes Available
1000069,Entire home/apt in Chelsea,500069,Host69,f,Manhattan,Chelsea,40.801691,-73.957219,Entire home/apt,421.61,5,29,2026-02-12,1.04,1,84,$400+,False,204.0,Sometimes Available
1000070,Private room in Astoria,500070,Host70,f,Queens,Astoria,40.713341,-73.801229,Private room,133.23,3,1,2026-05-17,0.03,10,263,$75-150,False,110.0,Highly Available
1000071,Private room in Flushing,500071,Host71,f,Queens,Flushing,40.732443,-73.803575,Private room,120.92,1,44,2026-07-17,5.82,1,141,$75-150,False,49.0,Sometimes Available
1000072,Entire home/apt in DUMBO,500072,Host72,f,Brooklyn,DUMBO,40.683123,-73.944398,Entire home/apt,334.41,3,33,2026-05-29,1.19,1,184,$250-400,False,98.0,Highly Available
1000073,Private room in Financial District,500073,Host73,f,Manhattan,Financial District,40.758547,-73.955127,Private room,106.36,3,51,2026-05-28,1.08,2,305,$75-150,False,99.0,Highly Available
1000074,Entire home/apt in Midtown,500074,Host74,f,Manhattan,Midtown,40.787262,-74.001651,Entire home/apt,329.46,1,60,2026-07-17,7.6,1,231,$250-400,False,49.0,Highly Available
1000075,Shared room in St. George,500075,Host75,f,Staten Island,St. George,40.566245,-74.16162,Shared room,96.01,30,6,2026-05-07,0.13,1,76,$75-150,False,120.0,Sometimes Available
1000076,Shared room in Harlem,500076,Host76,f,Manhattan,Harlem,40.779393,-73.97106,Shared room,102.06,1,18,2026-05-07,0.58,1,205,$75-150,False,120.0,Highly Available
1000077,Entire home/apt in Mott Haven,500077,Host77,t,Bronx,Mott Haven,40.84787,-73.864328,Entire home/apt,112.41,3,2,2025-11-11,0.05,1,0,$75-150,True,297.0,Rarely Available
1000078,Entire home/apt in Park Slope,500078,Host78,t,Brooklyn,Park Slope,40.69615,-73.943282,Entire home/apt,157.66,14,2,2025-11-17,0.05,10,161,$150-250,True,291.0,Sometimes Available
1000079,Private room in Bushwick,500079,Host79,f,Brooklyn,Bushwick,40.659435,-73.932113,Private room,118.33,7,7,2026-06-30,0.56,1,220,$75-150,False,66.0,Highly Available
1000080,Private room in Fordham,500080,Host80,t,Bronx,Fordham,40.840822,-73.885071,Private room,44.66,1,42,2026-06-22,1.03,1,58,$0-75,True,74.0,Sometimes Available
1000081,Entire home/apt in DUMBO,500081,Host81,f,Brooklyn,DUMBO,40.688373,-73.956494,Entire home/apt,144.68,2,45,2026-01-27,2.0,1,76,$75-150,False,220.0,Sometimes Available
1000082,Private room in Fordham,500082,Host82,f,Bronx,Fordham,40.802898,-73.858342,Private room,48.14,1,47,2026-03-29,0.99,1,353,$0-75,False,159.0,Highly Available
1000083,Entire home/apt in Harlem,500083,Host83,f,Manhattan,Harlem,40.788973,-73.951254,Entire home/apt,540.22,2,7,2026-07-11,0.15,1,142,$400+,False,55.0,Sometimes Available
1000084,Private room in Upper West Side,500084,Host84,f,Manhattan,Upper West Side,40.769126,-73.940016,Private room,108.39,14,0,,0.0,1,110,$75-150,False,,Sometimes Available
1000085,Private room in Upper West Side,500085,Host85,f,Manhattan,Upper West Side,40.782855,-73.961865,Private room,94.98,3,11,2026-07-08,0.26,1,76,$75-150,False,58.0,Sometimes Available
1000086,Private room in Long Island City,500086,Host86,t,Queens,Long Island City,40.714472,-73.757981,Private room,41.18,14,23,2026-07-16,0.58,1,185,$0-75,True,50.0,Highly Available
1000087,Entire home/apt in Harlem,500087,Host87,f,Manhattan,Harlem,40.800303,-73.956158,Entire home/apt,119.27,2,103,2026-06-02,8.39,1,277,$75-150,False,94.0,Highly Available
1000088,Entire home/apt in St. George,500088,Host88,f,Staten Island,St. George,40.561474,-74.150247,Entire home/apt,65.12,30,3,2026-04-25,0.11,1,144,$0-75,False,132.0,Sometimes Available
1000089,Private room in Williamsburg,500089,Host89,f,Brooklyn,Williamsburg,40.712034,-73.916337,Private room,42.06,1,29,2025-08-03,0.72,1,28,$0-75,False,397.0,Rarely Available
1000090,Private room in Williamsburg,500090,Host90,f,Brooklyn,Williamsburg,40.719505,-73.957784,Private room,117.4,1,42,2026-01-10,4.48,3,224,$75-150,False,237.0,Highly Available
1000091,Entire home/apt in Bushwick,500091,Host91,f,Brooklyn,Bushwick,40.66674,-73.945637,Entire home/apt,246.58,2,23,2025-11-28,1.16,1,322,$150-250,False,280.0,Highly Available
1000092,Private room in Midtown,500092,Host92,f,Manhattan,Midtown,40.794658,-73.953537,Private room,143.99,3,1,2025-12-01,0.14,1,163,$75-150,False,277.0,Sometimes Available
1000093,Private room in Bedford-Stuyvesant,500093,Host93,f,Brooklyn,Bedford-Stuyvesant,40.689996,-73.921329,Private room,97.69,2,22,2026-04-14,3.04,1,323,$75-150,False,143.0,Highly Available
1000094,Private room in Tottenville,500094,Host94,t,Staten Island,Tottenville,40.578489,-74.127545,Private room,79.54,5,3,2026-06-30,0.08,3,12,$75-150,True,66.0,Rarely Available
1000095,Entire home/apt in East Village,500095,Host95,f,Manhattan,East Village,40.810335,-73.940248,Entire home/apt,535.08,1,26,2026-07-31,1.36,1,348,$400+,False,35.0,Highly Available
1000096,Entire home/apt in DUMBO,500096,Host96,f,Brooklyn,DUMBO,40.694942,-73.91955,Entire home/apt,186.02,7,14,2026-07-11,0.85,1,8,$150-250,False,55.0,Rarely Available
1000097,Private room in Williamsburg,500097,Host97,t,Brooklyn,Williamsburg,40.653253,-73.931415,Private room,162.43,2,0,,0.0,10,132,$150-250,True,,Sometimes Available
1000098,Entire home/apt in Chelsea,500098,Host98,f,Manhattan,Chelsea,40.79596,-74.028925,Entire home/apt,189.54,30,83,2025-12-02,13.37,5,151,$150-250,False,276.0,Sometimes Available
1000099,Private room in Bedford-Stuyvesant,500099,Host99,f,Brooklyn,Bedford-Stuyvesant,40.676967,-73.940068,Private room,63.92,5,4,2026-03-24,0.25,5,205,$0-75,False,164.0,Highly Available
1000100,Private room in Upper West Side,500100,Host100,f,Manhattan,Upper West Side,40.760567,-73.965067,Private room,156.52,14,29,2026-06-02,0.84,1,265,$150-250,False,94.0,Highly Available
1000101,Private room in Bushwick,500101,Host101,f,Brooklyn,Bushwick,40.67577,-73.928644,Private room,142.48,5,2,2026-02-09,0.11,1,106,$75-150,False,207.0,Sometimes Available
1000102,Private room in Fordham,500102,Host102,f,Bronx,Fordham,40.86889,-73.902939,Private room,100.14,2,0,,0.0,1,121,$75-150,False,,Sometimes Available
1000103,Private room in Williamsburg,500103,Host103,f,Brooklyn,Williamsburg,40.645387,-73.940581,Private room,23.56,3,4,2026-04-30,0.12,2,344,$0-75,False,127.0,Highly Available
1000104,Private room in Park Slope,500104,Host104,f,Brooklyn,Park Slope,40.674222,-73.932939,Private room,129.35,1,5,2026-06-29,0.79,1,243,$75-150,False,67.0,Highly Available
1000105,Private room in Financial District,500105,Host105,f,Manhattan,Financial District,40.777829,-73.944712,Private room,352.53,2,21,2025-05-07,2.15,1,180,$250-400,False,485.0,Sometimes Available
1000106,Entire home/apt in East Village,500106,Host106,f,Manhattan,East Village,40.778504,-73.979588,Entire home/apt,553.4843000000001,3,7,2026-04-28,0.15,1,174,$400+,False,129.0,Sometimes Available
1000107,Private room in St. George,500107,Host107,f,Staten Island,St. George,40.561855,-74.172166,Private room,183.24,3,4,2026-04-26,0.19,3,195,$150-250,False,131.0,Highly Available
1000108,Entire home/apt in Jamaica,500108,Host108,f,Queens,Jamaica,40.752492,-73.761532,Entire home/apt,90.17,2,22,2026-07-03,1.68,1,180,$75-150,False,63.0,Sometimes Available
1000109,Entire home/apt in Bushwick,500109,Host109,f,Brooklyn,Bushwick,40.685799,-73.919919,Entire home/apt,132.39,1,22,2026-02-28,0.64,1,167,$75-150,False,188.0,Sometimes Available
1000110,Private room in DUMBO,500110,Host110,f,Brooklyn,DUMBO,40.667582,-73.939891,Private room,142.95,2,11,2025-12-31,0.54,1,5,$75-150,False,247.0,Rarely Available
1000111,Private room in Crown Heights,500111,Host111,f,Brooklyn,Crown Heights,40.695369,-73.979921,Private room,51.03,1,1,2026-05-23,0.05,1,230,$0-75,False,104.0,Highly Available
1000112,Entire home/apt in Financial District,500112,Host112,f,Manhattan,Financial District,40.754154,-73.977328,Entire home/apt,148.58,1,14,2026-01-23,0.37,1,219,$75-150,False,224.0,Highly Available
1000113,Private room in Tottenville,500113,Host113,f,Staten Island,Tottenville,40.565359,-74.17449,Private room,89.03,1,38,2026-07-12,0.9,1,22,$75-150,False,54.0,Rarely Available
1000114,Private room in Bushwick,500114,Host114,f,Brooklyn,Bushwick,40.670303,-73.934721,Private room,30.31,2,22,2024-12-28,0.8,3,205,$0-75,False,615.0,Highly Available
1000115,Private room in Riverdale,500115,Host115,f,Bronx,Riverdale,40.828318,-73.896876,Private room,108.32,5,3,2026-07-30,0.2,2,269,$75-150,False,36.0,Highly Available
1000116,Private room in Tottenville,500116,Host116,t,Staten Island,Tottenville,40.557698,-74.157104,Private room,54.07,14,16,2026-05-10,0.51,2,171,$0-75,True,117.0,Sometimes Available
1000117,Entire home/apt in Greenpoint,500117,Host117,f,Brooklyn,Greenpoint,40.708615,-73.919625,Entire home/apt,230.46,1,17,2026-07-03,0.7,1,155,$150-250,False,63.0,Sometimes Available
1000118,Private room in Chelsea,500118,Host118,t,Manhattan,Chelsea,40.761817,-73.953911,Private room,103.62,5,24,2026-07-23,1.3,1,83,$75-150,True,43.0,Sometimes Available
1000119,Private room in East Village,500119,Host119,f,Manhattan,East Village,40.810291,-73.992188,Private room,66.52,1,4,2026-01-25,0.12,2,218,$0-75,False,222.0,Highly Available
1000120,Entire home/apt in Park Slope,500120,Host120,f,Brooklyn,Park Slope,40.680177,-73.966373,Entire home/apt,234.21,1,13,2026-02-11,0.5,1,233,$150-250,False,205.0,Highly Available
1000121,Private room in Financial District,500121,Host121,f,Manhattan,Financial District,40.768208,-73.959923,Private room,70.15,1,11,2026-06-25,0.64,1,206,$0-75,False,71.0,Highly Available
1000122,Entire home/apt in Park Slope,500122,Host122,f,Brooklyn,Park Slope,40.691559,-73.953758,Entire home/apt,108.89,7,77,2026-05-24,1.97,1,0,$75-150,False,103.0,Rarely Available
1000123,Private room in East Village,500123,Host123,f,Manhattan,East Village,40.775398,-73.965816,Private room,139.82,2,6,2026-07-19,0.14,1,294,$75-150,False,47.0,Highly Available
1000124,Private room in Harlem,500124,Host124,f,Manhattan,Harlem,40.754467,-74.006573,Private room,238.06,1,17,2025-06-04,0.76,1,213,$150-250,False,457.0,Highly Available
1000125,Private room in Crown Heights,500125,Host125,f,Brooklyn,Crown Heights,40.666333,-73.943228,Private room,155.5,2,5,2026-03-31,0.45,1,66,$150-250,False,157.0,Sometimes Available
1000126,Entire home/apt in St. George,500126,Host126,t,Staten Island,St. George,40.562419,-74.146966,Entire home/apt,63.36,14,18,2026-07-18,0.56,1,142,$0-75,True,48.0,Sometimes Available
1000127,Entire home/apt in Crown Heights,500127,Host127,f,Brooklyn,Crown Heights,40.674658,-73.938348,Entire home/apt,238.48,1,5,2026-01-10,0.12,1,166,$150-250,False,237.0,Sometimes Available
1000128,Shared room in Ridgewood,500128,Host128,f,Queens,Ridgewood,40.73445,-73.807647,Shared room,48.7,1,9,2026-02-26,0.24,1,325,$0-75,False,190.0,Highly Available
1000129,Entire home/apt in Upper West Side,500129,Host129,f,Manhattan,Upper West Side,40.782573,-73.952995,Entire home/apt,470.87,2,22,2026-03-14,0.8,1,152,$400+,False,174.0,Sometimes Available
1000130,Private room in Long Island City,500130,Host130,f,Queens,Long Island City,40.736662,-73.770259,Private room,94.94,1,5,2026-02-20,0.12,1,234,$75-150,False,196.0,Highly Available
1000131,Private room in Ridgewood,500131,Host131,f,Queens,Ridgewood,40.750527,-73.778319,Private room,124.53,7,0,,0.0,1,159,$75-150,False,,Sometimes Available
1000132,Hotel room in Flushing,500132,Host132,f,Queens,Flushing,40.697487,-73.768748,Hotel room,101.81,7,22,2026-08-01,0.98,1,0,$75-150,False,34.0,Rarely Available
1000133,Entire home/apt in Jamaica,500133,Host133,f,Queens,Jamaica,40.721873,-73.792688,Entire home/apt,133.08,1,6,2026-04-14,0.17,1,268,$75-150,False,143.0,Highly Available
1000134,Entire home/apt in DUMBO,500134,Host134,t,Brooklyn,DUMBO,40.661135,-73.946705,Entire home/apt,163.33,5,38,2026-06-15,1.37,1,100,$150-250,True,81.0,Sometimes Available
1000135,Private room in Chelsea,500135,Host135,f,Manhattan,Chelsea,40.793002,-73.953486,Private room,206.18,1,25,2025-01-12,0.93,1,247,$150-250,False,600.0,Highly Available
1000136,Entire home/apt in St. George,500136,Host136,f,Staten Island,St. George,40.569679,-74.182894,Entire home/apt,48.61,1,44,2025-08-28,2.52,1,20,$0-75,False,372.0,Rarely Available
1000137,Entire home/apt in Fordham,500137,Host137,t,Bronx,Fordham,40.839919,-73.891485,Entire home/apt,64.61,3,1,2026-07-02,0.02,1,160,$0-75,True,64.0,Sometimes Available
1000138,Shared room in Fordham,500138,Host138,f,Bronx,Fordham,40.832578,-73.856146,Shared room,20.0,1,8,2026-02-12,0.47,1,189,$0-75,False,204.0,Highly Available
1000139,Private room in Financial District,500139,Host139,f,Manhattan,Financial District,40.761437,-73.992262,Private room,122.11,3,20,2026-02-24,0.97,1,267,$75-150,False,192.0,Highly Available
1000140,Entire home/apt in Fordham,500140,Host140,f,Bronx,Fordham,40.811914,-73.8844,Entire home/apt,108.77,1,32,2026-05-19,0.68,1,237,$75-150,False,108.0,Highly Available
1000141,Entire home/apt in Williamsburg,500141,Host141,f,Brooklyn,Williamsburg,40.678703,-73.939214,Entire home/apt,213.23,2,2,2026-04-30,0.06,1,191,$150-250,False,127.0,Highly Available
1000142,Entire home/apt in Crown Heights,500142,Host142,f,Brooklyn,Crown Heights,40.7182,-73.943584,Entire home/apt,348.13,1,72,2026-04-29,1.73,1,100,$250-400,False,128.0,Sometimes Available
1000143,Shared room in Long Island City,500143,Host143,t,Queens,Long Island City,40.733494,-73.813481,Shared room,26.86,2,10,2026-07-16,0.23,2,324,$0-75,True,50.0,Highly Available
1000144,Entire home/apt in Financial District,500144,Host144,f,Manhattan,Financial District,40.761283,-73.990469,Entire home/apt,330.24,5,0,,0.0,3,143,$250-400,False,,Sometimes Available
1000145,Entire home/apt in Williamsburg,500145,Host145,f,Brooklyn,Williamsburg,40.663411,-73.966835,Entire home/apt,178.25,2,5,2026-06-18,0.36,2,121,$150-250,False,78.0,Sometimes Available
1000146,Entire home/apt in Riverdale,500146,Host146,t,Bronx,Riverdale,40.846669,-73.905102,Entire home/apt,132.35,5,9,2026-07-05,0.21,10,120,$75-150,True,61.0,Sometimes Available
1000147,Shared room in Crown Heights,500147,Host147,f,Brooklyn,Crown Heights,40.684062,-73.961238,Shared room,68.09,1,33,2026-06-16,1.7,1,149,$0-75,False,80.0,Sometimes Available
1000148,Private room in Flushing,500148,Host148,f,Queens,Flushing,40.722092,-73.800073,Private room,84.85,7,2,2026-03-06,0.05,2,187,$75-150,False,182.0,Highly Available
1000149,Entire home/apt in Jamaica,500149,Host149,f,Queens,Jamaica,40.721962,-73.789016,Entire home/apt,37.62,7,52,2026-05-28,1.85,1,99,$0-75,False,99.0,Sometimes Available
1000150,Private room in Chelsea,500150,Host150,f,Manhattan,Chelsea,40.778711,-73.980292,Private room,174.57,2,46,2026-06-15,1.78,1,154,$150-250,False,81.0,Sometimes Available
1000151,Private room in Harlem,500151,Host151,t,Manhattan,Harlem,40.784655,-73.941841,Private room,156.52,1,2,2026-02-10,0.1,1,113,$150-250,True,206.0,Sometimes Available
1000152,Private room in Fordham,500152,Host152,f,Bronx,Fordham,40.874998,-73.883183,Private room,41.13,3,7,2026-05-19,0.16,1,223,$0-75,False,108.0,Highly Available
1000153,Private room in Crown Heights,500153,Host153,f,Brooklyn,Crown Heights,40.695695,-73.903165,Private room,162.85,1,13,2026-04-07,1.82,2,209,$150-250,False,150.0,Highly Available
1000154,Private room in Park Slope,500154,Host154,f,Brooklyn,Park Slope,40.672075,-73.924994,Private room,151.81,5,19,2026-06-20,1.89,1,0,$150-250,False,76.0,Rarely Available
1000155,Private room in Mott Haven,500155,Host155,f,Bronx,Mott Haven,40.82331,-73.887264,Private room,119.22,7,8,2026-06-28,0.33,1,243,$75-150,False,68.0,Highly Available
1000156,Private room in Astoria,500156,Host156,f,Queens,Astoria,40.741558,-73.776284,Private room,28.04,7,52,2026-02-04,1.73,1,0,$0-75,False,212.0,Rarely Available
1000157,Private room in Greenpoint,500157,Host157,f,Brooklyn,Greenpoint,40.661135,-73.914418,Private room,108.28,5,6,2025-08-06,0.22,1,122,$75-150,False,394.0,Sometimes Available
1000158,Entire home/apt in DUMBO,500158,Host158,f,Brooklyn,DUMBO,40.684093,-73.955252,Entire home/apt,242.08,1,1,2026-05-17,0.03,1,128,$150-250,False,110.0,Sometimes Available
1000159,Entire home/apt in Bedford-Stuyvesant,500159,Host159,f,Brooklyn,Bedford-Stuyvesant,40.662957,-73.981503,Entire home/apt,486.92,1,0,,0.0,2,115,$400+,False,,Sometimes Available
1000160,Private room in Fordham,500160,Host160,t,Bronx,Fordham,40.838386,-73.856389,Private room,57.88,7,18,2026-05-22,0.42,1,102,$0-75,True,105.0,Sometimes Available
1000161,Private room in Fordham,500161,Host161,t,Bronx,Fordham,40.839936,-73.900166,Private room,36.73,1,43,2026-04-12,0.93,1,96,$0-75,True,145.0,Sometimes Available
1000162,Private room in DUMBO,500162,Host162,f,Brooklyn,DUMBO,40.660076,-73.92782,Private room,114.53,3,19,2026-03-30,0.43,1,0,$75-150,False,158.0,Rarely Available
1000163,Private room in Crown Heights,500163,Host163,t,Brooklyn,Crown Heights,40.663104,-73.946571,Private room,112.43,3,51,2026-05-28,1.4,1,156,$75-150,True,99.0,Sometimes Available
1000164,Private room in Bushwick,500164,Host164,f,Brooklyn,Bushwick,40.665046,-73.92164,Private room,29.26,1,15,2026-07-23,0.37,3,131,$0-75,False,43.0,Sometimes Available
1000165,Private room in Bedford-Stuyvesant,500165,Host165,f,Brooklyn,Bedford-Stuyvesant,40.643029,-73.963736,Private room,103.01,7,62,2026-03-08,2.57,1,237,$75-150,False,180.0,Highly Available
1000166,Private room in Financial District,500166,Host166,f,Manhattan,Financial District,40.78269,-73.98831,Private room,281.04,5,73,2026-01-25,3.6,1,0,$250-400,False,222.0,Rarely Available
1000167,Private room in Long Island City,500167,Host167,t,Queens,Long Island City,40.736364,-73.796971,Private room,78.55,3,2,2026-07-04,0.15,1,153,$75-150,True,62.0,Sometimes Available
1000168,Private room in Crown Heights,500168,Host168,f,Brooklyn,Crown Heights,40.68258,-73.946146,Private room,138.21,1,57,2026-01-03,5.24,3,139,$75-150,False,244.0,Sometimes Available
1000169,Private room in Crown Heights,500169,Host169,f,Brooklyn,Crown Heights,40.702554,-73.947363,Private room,120.55,3,19,2026-07-07,0.5,1,125,$75-150,False,59.0,Sometimes Available
1000170,Private room in East Village,500170,Host170,f,Manhattan,East Village,40.768842,-73.99197,Private room,109.15,1,21,2026-02-23,0.44,1,185,$75-150,False,193.0,Highly Available
1000171,Entire home/apt in Flushing,500171,Host171,f,Queens,Flushing,40.737354,-73.801235,Entire home/apt,64.86,1,16,2026-07-16,0.56,1,177,$0-75,False,50.0,Sometimes Available
1000172,Entire home/apt in Jamaica,500172,Host172,f,Queens,Jamaica,40.721067,-73.74053,Entire home/apt,151.21,14,74,2026-05-12,2.69,1,173,$150-250,False,115.0,Sometimes Available
1000173,Entire home/apt in Park Slope,500173,Host173,f,Brooklyn,Park Slope,40.671262,-73.947947,Entire home/apt,283.77,3,50,2025-07-23,1.06,2,281,$250-400,False,408.0,Highly Available
1000174,Private room in Astoria,500174,Host174,f,Queens,Astoria,40.710753,-73.79242,Private room,65.15,1,9,2026-07-29,0.54,2,229,$0-75,False,37.0,Highly Available
1000175,Entire home/apt in Greenpoint,500175,Host175,t,Brooklyn,Greenpoint,40.688262,-73.933699,Entire home/apt,299.65,1,5,2026-02-22,0.11,1,254,$250-400,True,194.0,Highly Available
1000176,Private room in Financial District,500176,Host176,f,Manhattan,Financial District,40.762077,-73.961594,Private room,200.77,7,30,2026-07-30,2.89,1,319,$150-250,False,36.0,Highly Available
1000177,Shared room in Greenpoint,500177,Host177,f,Brooklyn,Greenpoint,40.661658,-73.947227,Shared room,20.0,14,18,2026-07-26,0.97,2,150,$0-75,False,40.0,Sometimes Available
1000178,Private room in East Village,500178,Host178,f,Manhattan,East Village,40.769162,-73.941375,Private room,95.05,1,4,2026-07-03,0.23,2,156,$75-150,False,63.0,Sometimes Available
1000179,Entire home/apt in Hell's Kitchen,500179,Host179,f,Manhattan,Hell's Kitchen,40.791644,-73.949796,Entire home/apt,201.95,3,24,2026-01-18,2.66,1,28,$150-250,False,229.0,Rarely Available
1000180,Private room in Hell's Kitchen,500180,Host180,t,Manhattan,Hell's Kitchen,40.794718,-73.956864,Private room,458.0,1,53,2026-07-07,1.31,1,43,$400+,True,59.0,Sometimes Available
1000181,Entire home/apt in Williamsburg,500181,Host181,f,Brooklyn,Williamsburg,40.671925,-73.923452,Entire home/apt,280.41,1,7,2025-12-23,0.19,1,77,$250-400,False,255.0,Sometimes Available
1000182,Entire home/apt in Fordham,500182,Host182,f,Bronx,Fordham,40.825903,-73.894289,Entire home/apt,70.08,14,28,2026-03-19,2.58,5,158,$0-75,False,169.0,Sometimes Available
1000183,Shared room in Fordham,500183,Host183,t,Bronx,Fordham,40.831306,-73.885989,Shared room,22.27,14,30,2026-06-09,1.62,1,172,$0-75,True,87.0,Sometimes Available
1000184,Entire home/apt in DUMBO,500184,Host184,f,Brooklyn,DUMBO,40.684548,-73.960623,Entire home/apt,240.95,5,0,,0.0,1,118,$150-250,False,,Sometimes Available
1000185,Private room in Riverdale,500185,Host185,f,Bronx,Riverdale,40.818959,-73.85504,Private room,105.68,3,23,2026-03-30,1.25,1,191,$75-150,False,158.0,Highly Available
1000186,Entire home/apt in East Village,500186,Host186,f,Manhattan,East Village,40.778027,-73.960934,Entire home/apt,171.13,3,43,2025-10-15,1.11,1,48,$150-250,False,324.0,Sometimes Available
1000187,Entire home/apt in Mott Haven,500187,Host187,f,Bronx,Mott Haven,40.836166,-73.871692,Entire home/apt,150.68,2,22,2026-06-18,3.43,1,209,$150-250,False,78.0,Highly Available
1000188,Private room in Bushwick,500188,Host188,f,Brooklyn,Bushwick,40.652244,-73.931426,Private room,137.05,1,12,2026-02-21,0.56,1,121,$75-150,False,195.0,Sometimes Available
1000189,Private room in Park Slope,500189,Host189,t,Brooklyn,Park Slope,40.701065,-73.938042,Private room,46.83,7,28,2026-07-13,0.97,1,190,$0-75,True,53.0,Highly Available
1000190,Entire home/apt in Riverdale,500190,Host190,t,Bronx,Riverdale,40.841614,-73.899243,Entire home/apt,134.3,2,1,2026-06-08,0.02,5,152,$75-150,True,88.0,Sometimes Available
1000191,Private room in Upper West Side,500191,Host191,f,Manhattan,Upper West Side,40.786351,-73.985109,Private room,101.52,1,99,2026-02-28,3.52,5,273,$75-150,False,188.0,Highly Available
1000192,Entire home/apt in Long Island City,500192,Host192,f,Queens,Long Island City,40.739691,-73.797801,Entire home/apt,135.4,3,14,2026-03-18,1.2,1,154,$75-150,False,170.0,Sometimes Available
1000193,Private room in Long Island City,500193,Host193,t,Queens,Long Island City,40.727105,-73.841513,Private room,58.21,2,20,2024-11-04,0.47,1,254,$0-75,True,669.0,Highly Available
1000194,Entire home/apt in Williamsburg,500194,Host194,f,Brooklyn,Williamsburg,40.687243,-73.940745,Entire home/apt,240.61,30,31,2026-07-23,0.66,1,0,$150-250,False,43.0,Rarely Available
1000195,Private room in Chelsea,500195,Host195,f,Manhattan,Chelsea,40.784037,-73.975818,Private room,144.24,3,12,2026-06-18,0.26,3,139,$75-150,False,78.0,Sometimes Available
1000196,Private room in Jamaica,500196,Host196,f,Queens,Jamaica,40.74009,-73.803401,Private room,27.56,2,0,,0.0,1,12,$0-75,False,,Rarely Available
1000197,Entire home/apt in Williamsburg,500197,Host197,f,Brooklyn,Williamsburg,40.648732,-73.978094,Entire home/apt,204.74,1,57,2026-07-21,4.57,1,365,$150-250,False,45.0,Highly Available
1000198,Entire home/apt in Greenpoint,500198,Host198,t,Brooklyn,Greenpoint,40.658921,-73.939722,Entire home/apt,142.14,2,26,2026-07-28,1.62,1,151,$75-150,True,38.0,Sometimes Available
1000199,Entire home/apt in Financial District,500199,Host199,f,Manhattan,Financial District,40.779467,-73.942595,Entire home/apt,237.08,3,13,2025-12-20,0.66,1,130,$150-250,False,258.0,Sometimes Available
1000200,Entire home/apt in Jamaica,500200,Host200,t,Queens,Jamaica,40.736878,-73.846084,Entire home/apt,97.78,3,5,2025-08-27,0.25,1,109,$75-150,True,373.0,Sometimes Available
1000201,Private room in Ridgewood,500201,Host201,f,Queens,Ridgewood,40.727024,-73.760615,Private room,78.17,2,43,2026-06-03,1.55,1,83,$75-150,False,93.0,Sometimes Available
1000202,Private room in Bedford-Stuyvesant,500202,Host202,f,Brooklyn,Bedford-Stuyvesant,40.663019,-73.930413,Private room,277.8,30,6,2025-06-19,0.32,1,36,$250-400,False,442.0,Sometimes Available
1000203,Private room in Ridgewood,500203,Host203,f,Queens,Ridgewood,40.720476,-73.779893,Private room,36.14,7,42,2026-05-31,2.53,1,82,$0-75,False,96.0,Sometimes Available
1000204,Entire home/apt in Williamsburg,500204,Host204,f,Brooklyn,Williamsburg,40.643016,-73.988813,Entire home/apt,117.4,5,0,,0.0,1,164,$75-150,False,,Sometimes Available
1000205,Private room in Mott Haven,500205,Host205,f,Bronx,Mott Haven,40.833336,-73.869679,Private room,46.59,1,18,2026-03-04,0.66,2,216,$0-75,False,184.0,Highly Available
1000206,Private room in Ridgewood,500206,Host206,f,Queens,Ridgewood,40.743579,-73.841825,Private room,67.88,7,5,2025-08-14,0.24,1,198,$0-75,False,386.0,Highly Available
1000207,Entire home/apt in East Village,500207,Host207,f,Manhattan,East Village,40.768859,-73.960987,Entire home/apt,252.05,7,0,,0.0,1,0,$250-400,False,,Rarely Available
1000208,Entire home/apt in Harlem,500208,Host208,f,Manhattan,Harlem,40.780599,-73.97087,Entire home/apt,269.04,1,81,2026-06-17,2.25,1,170,$250-400,False,79.0,Sometimes Available
1000209,Private room in Midtown,500209,Host209,f,Manhattan,Midtown,40.778868,-73.946004,Private room,266.23,7,59,2026-06-19,9.06,1,109,$250-400,False,77.0,Sometimes Available
1000210,Private room in Williamsburg,500210,Host210,t,Brooklyn,Williamsburg,40.654783,-73.95518,Private room,38.41,1,10,2026-06-05,1.05,1,286,$0-75,True,91.0,Highly Available
1000211,Entire home/apt in Ridgewood,500211,Host211,f,Queens,Ridgewood,40.71283,-73.763728,Entire home/apt,155.77,1,14,2026-07-18,0.3,1,153,$150-250,False,48.0,Sometimes Available
1000212,Entire home/apt in Astoria,500212,Host212,f,Queens,Astoria,40.755296,-73.817718,Entire home/apt,93.42,1,23,2026-07-14,0.83,1,231,$75-150,False,52.0,Highly Available
1000213,Entire home/apt in Mott Haven,500213,Host213,f,Bronx,Mott Haven,40.856106,-73.868871,Entire home/apt,120.65,2,2,2026-05-22,0.07,1,301,$75-150,False,105.0,Highly Available
1000214,Private room in Park Slope,500214,Host214,f,Brooklyn,Park Slope,40.683536,-73.948588,Private room,214.89,14,2,2026-03-18,0.16,1,126,$150-250,False,170.0,Sometimes Available
1000215,Private room in Williamsburg,500215,Host215,f,Brooklyn,Williamsburg,40.691952,-73.929439,Private room,94.08,1,32,2026-02-20,1.0,1,58,$75-150,False,196.0,Sometimes Available
1000216,Entire home/apt in Harlem,500216,Host216,f,Manhattan,Harlem,40.803629,-73.963816,Entire home/apt,220.41,2,32,2026-03-04,5.02,1,342,$150-250,False,184.0,Highly Available
1000217,Entire home/apt in Hell's Kitchen,500217,Host217,f,Manhattan,Hell's Kitchen,40.768563,-73.955636,Entire home/apt,347.87,1,60,2026-06-07,2.87,1,0,$250-400,False,89.0,Rarely Available
1000218,Private room in Bedford-Stuyvesant,500218,Host218,f,Brooklyn,Bedford-Stuyvesant,40.712239,-73.92254,Private room,80.46,1,23,2025-10-01,0.62,1,166,$75-150,False,338.0,Sometimes Available
1000219,Private room in East Village,500219,Host219,f,Manhattan,East Village,40.793887,-73.963343,Private room,396.98,1,38,2026-05-02,1.63,2,186,$250-400,False,125.0,Highly Available
1000220,Entire home/apt in DUMBO,500220,Host220,t,Brooklyn,DUMBO,40.664205,-73.909016,Entire home/apt,137.63,1,8,2026-02-09,0.3,3,148,$75-150,True,207.0,Sometimes Available
1000221,Entire home/apt in Midtown,500221,Host221,f,Manhattan,Midtown,40.786929,-73.973082,Entire home/apt,146.01,5,71,2026-08-01,1.9,1,238,$75-150,False,34.0,Highly Available
1000222,Entire home/apt in Williamsburg,500222,Host222,f,Brooklyn,Williamsburg,40.650733,-73.948596,Entire home/apt,261.87,7,38,2025-11-24,2.01,1,23,$250-400,False,284.0,Rarely Available
1000223,Entire home/apt in Park Slope,500223,Host223,f,Brooklyn,Park Slope,40.656896,-73.912105,Entire home/apt,110.47,5,53,2026-05-20,2.59,1,0,$75-150,False,107.0,Rarely Available
1000224,Entire home/apt in DUMBO,500224,Host224,f,Brooklyn,DUMBO,40.64123,-73.921622,Entire home/apt,125.5,7,18,2026-02-24,0.46,1,191,$75-150,False,192.0,Highly Available
1000225,Private room in Upper West Side,500225,Host225,f,Manhattan,Upper West Side,40.817769,-73.949281,Private room,324.12,1,12,2026-04-30,0.76,1,262,$250-400,False,127.0,Highly Available
1000226,Entire home/apt in Upper West Side,500226,Host226,f,Manhattan,Upper West Side,40.782028,-73.963908,Entire home/apt,434.8,3,0,,0.0,1,164,$400+,False,,Sometimes Available
1000227,Entire home/apt in Greenpoint,500227,Host227,f,Brooklyn,Greenpoint,40.6627,-73.938387,Entire home/apt,174.59,1,17,2026-03-14,0.72,1,144,$150-250,False,174.0,Sometimes Available
1000228,Private room in Astoria,500228,Host228,f,Queens,Astoria,40.728877,-73.758848,Private room,157.28,1,8,2026-07-31,0.28,1,296,$150-250,False,35.0,Highly Available
1000229,Entire home/apt in Upper West Side,500229,Host229,f,Manhattan,Upper West Side,40.764805,-74.008531,Entire home/apt,140.94,2,19,2026-01-18,0.41,1,171,$75-150,False,229.0,Sometimes Available
1000230,Private room in Midtown,500230,Host230,f,Manhattan,Midtown,40.768094,-73.978791,Private room,191.96,5,11,2025-12-31,0.51,3,135,$150-250,False,247.0,Sometimes Available
1000231,Private room in Bushwick,500231,Host231,f,Brooklyn,Bushwick,40.693781,-73.922515,Private room,159.4,1,36,2026-07-14,1.18,2,227,$150-250,False,52.0,Highly Available
1000232,Entire home/apt in Jamaica,500232,Host232,f,Queens,Jamaica,40.749431,-73.795848,Entire home/apt,265.77,5,59,2026-04-03,1.56,3,336,$250-400,False,154.0,Highly Available
1000233,Entire home/apt in Flushing,500233,Host233,t,Queens,Flushing,40.760181,-73.782686,Entire home/apt,64.17,7,50,2026-05-23,1.37,1,191,$0-75,True,104.0,Highly Available
1000234,Private room in Crown Heights,500234,Host234,t,Brooklyn,Crown Heights,40.665809,-73.927037,Private room,93.23,14,25,2026-04-15,1.27,1,60,$75-150,True,142.0,Sometimes Available
1000235,Entire home/apt in Jamaica,500235,Host235,f,Queens,Jamaica,40.717852,-73.774398,Entire home/apt,63.52,5,37,2026-05-29,0.99,1,104,$0-75,False,98.0,Sometimes Available
1000236,Private room in Astoria,500236,Host236,f,Queens,Astoria,40.734323,-73.770772,Private room,84.53,1,57,2026-07-24,1.19,1,186,$75-150,False,42.0,Highly Available
1000237,Entire home/apt in Long Island City,500237,Host237,t,Queens,Long Island City,40.749988,-73.789208,Entire home/apt,83.02,3,9,2026-06-18,0.46,1,117,$75-150,True,78.0,Sometimes Available
1000238,Private room in Hell's Kitchen,500238,Host238,f,Manhattan,Hell's Kitchen,40.811096,-73.987369,Private room,179.95,3,24,2026-05-23,0.57,10,329,$150-250,False,104.0,Highly Available
1000239,Private room in Chelsea,500239,Host239,f,Manhattan,Chelsea,40.748844,-73.97087,Private room,286.95,2,24,2026-05-19,0.74,1,0,$250-400,False,108.0,Rarely Available
1000240,Private room in Fordham,500240,Host240,f,Bronx,Fordham,40.837074,-73.877918,Private room,77.56,2,71,2026-06-24,5.45,1,365,$75-150,False,72.0,Highly Available
1000241,Entire home/apt in DUMBO,500241,Host241,t,Brooklyn,DUMBO,40.669986,-73.905881,Entire home/apt,99.32,3,15,2026-05-21,0.33,1,168,$75-150,True,106.0,Sometimes Available
1000242,Entire home/apt in Riverdale,500242,Host242,t,Bronx,Riverdale,40.86846,-73.902149,Entire home/apt,78.71,3,8,2026-07-29,0.18,1,343,$75-150,True,37.0,Highly Available
1000243,Entire home/apt in Bedford-Stuyvesant,500243,Host243,f,Brooklyn,Bedford-Stuyvesant,40.70784,-73.956064,Entire home/apt,165.2,3,17,2026-07-16,0.36,2,38,$150-250,False,50.0,Sometimes Available
1000244,Entire home/apt in Astoria,500244,Host244,t,Queens,Astoria,40.713068,-73.828598,Entire home/apt,92.16,1,10,2026-07-01,1.13,1,127,$75-150,True,65.0,Sometimes Available
1000245,Entire home/apt in East Village,500245,Host245,t,Manhattan,East Village,40.751642,-73.9993,Entire home/apt,231.81,30,4,2026-01-03,0.37,1,209,$150-250,True,244.0,Highly Available
1000246,Entire home/apt in East Village,500246,Host246,f,Manhattan,East Village,40.772998,-73.967323,Entire home/apt,121.43,1,10,2026-07-15,0.24,1,0,$75-150,False,51.0,Rarely Available
1000247,Entire home/apt in Chelsea,500247,Host247,f,Manhattan,Chelsea,40.761017,-73.958402,Entire home/apt,553.4843000000001,7,14,2026-07-07,0.3,1,320,$400+,False,59.0,Highly Available
1000248,Private room in St. George,500248,Host248,f,Staten Island,St. George,40.595903,-74.217495,Private room,20.0,2,45,2026-02-20,0.95,1,119,$0-75,False,196.0,Sometimes Available
1000249,Private room in Astoria,500249,Host249,t,Queens,Astoria,40.722003,-73.801024,Private room,29.1,1,15,2026-04-23,0.39,5,123,$0-75,True,134.0,Sometimes Available
1000250,Shared room in Bedford-Stuyvesant,500250,Host250,f,Brooklyn,Bedford-Stuyvesant,40.705636,-73.90654,Shared room,33.43,7,4,2025-10-25,0.1,1,255,$0-75,False,314.0,Highly Available
1000251,Entire home/apt in Crown Heights,500251,Host251,t,Brooklyn,Crown Heights,40.664352,-73.957537,Entire home/apt,318.25,1,20,2026-03-20,0.48,2,93,$250-400,True,168.0,Sometimes Available
1000252,Private room in Mott Haven,500252,Host252,f,Bronx,Mott Haven,40.817005,-73.90167,Private room,75.94,1,11,2026-07-06,0.7,1,300,$75-150,False,60.0,Highly Available
1000253,Entire home/apt in Mott Haven,500253,Host253,f,Bronx,Mott Haven,40.826475,-73.858233,Entire home/apt,70.39,2,15,2026-05-26,0.4,1,69,$0-75,False,101.0,Sometimes Available
1000254,Private room in Ridgewood,500254,Host254,f,Queens,Ridgewood,40.740985,-73.778852,Private room,34.53,2,37,2025-12-14,3.31,1,221,$0-75,False,264.0,Highly Available
1000255,Entire home/apt in Hell's Kitchen,500255,Host255,t,Manhattan,Hell's Kitchen,40.752869,-73.958882,Entire home/apt,280.54,14,29,2026-04-23,0.92,1,159,$250-400,True,134.0,Sometimes Available
1000256,Private room in Greenpoint,500256,Host256,f,Brooklyn,Greenpoint,40.688108,-73.940083,Private room,87.69,1,43,2026-06-12,1.53,2,223,$75-150,False,84.0,Highly Available
1000257,Private room in Harlem,500257,Host257,f,Manhattan,Harlem,40.785409,-73.932044,Private room,100.87,3,17,2026-05-21,0.82,3,49,$75-150,False,106.0,Sometimes Available
1000258,Hotel room in Bedford-Stuyvesant,500258,Host258,f,Brooklyn,Bedford-Stuyvesant,40.69081,-73.94781,Hotel room,117.15,2,7,2026-07-08,0.34,2,9,$75-150,False,58.0,Rarely Available
1000259,Entire home/apt in Harlem,500259,Host259,t,Manhattan,Harlem,40.749728,-73.953924,Entire home/apt,146.12,2,61,2025-10-23,4.37,1,253,$75-150,True,316.0,Highly Available
1000260,Entire home/apt in Financial District,500260,Host260,f,Manhattan,Financial District,40.773111,-73.989941,Entire home/apt,444.78,5,48,2026-06-20,2.29,2,137,$400+,False,76.0,Sometimes Available
1000261,Entire home/apt in Flushing,500261,Host261,f,Queens,Flushing,40.703819,-73.798767,Entire home/apt,233.9,5,18,2026-04-15,0.99,1,121,$150-250,False,142.0,Sometimes Available
1000262,Entire home/apt in Financial District,500262,Host262,f,Manhattan,Financial District,40.772384,-73.977131,Entire home/apt,268.11,7,18,2025-08-23,0.51,1,121,$250-400,False,377.0,Sometimes Available
1000263,Private room in Long Island City,500263,Host263,t,Queens,Long Island City,40.708962,-73.79245,Private room,39.06,1,1,2026-03-25,0.03,1,139,$0-75,True,163.0,Sometimes Available
1000264,Private room in Chelsea,500264,Host264,f,Manhattan,Chelsea,40.776467,-73.980352,Private room,54.28,5,0,,0.0,2,191,$0-75,False,,Highly Available
1000265,Private room in Financial District,500265,Host265,f,Manhattan,Financial District,40.754439,-73.983733,Private room,180.12,7,42,2026-01-17,1.61,1,0,$150-250,False,230.0,Rarely Available
1000266,Entire home/apt in Harlem,500266,Host266,f,Manhattan,Harlem,40.77316,-73.986177,Entire home/apt,280.79,1,21,2026-07-05,0.55,2,241,$250-400,False,61.0,Highly Available
1000267,Entire home/apt in DUMBO,500267,Host267,f,Brooklyn,DUMBO,40.690204,-73.940861,Entire home/apt,91.62,30,20,2026-07-18,0.56,1,115,$75-150,False,48.0,Sometimes Available
1000268,Private room in Astoria,500268,Host268,f,Queens,Astoria,40.732159,-73.761154,Private room,101.4,1,9,2026-05-23,0.37,3,29,$75-150,False,104.0,Rarely Available
1000269,Entire home/apt in Greenpoint,500269,Host269,f,Brooklyn,Greenpoint,40.678285,-73.975527,Entire home/apt,88.38,7,1,2026-04-26,0.04,1,106,$75-150,False,131.0,Sometimes Available
1000270,Entire home/apt in Astoria,500270,Host270,f,Queens,Astoria,40.74696,-73.796702,Entire home/apt,29.35,1,2,2026-06-02,0.1,1,77,$0-75,False,94.0,Sometimes Available
1000271,Private room in Crown Heights,500271,Host271,f,Brooklyn,Crown Heights,40.64164,-73.928806,Private room,85.05,14,7,2026-06-18,0.17,1,278,$75-150,False,78.0,Highly Available
1000272,Private room in Chelsea,500272,Host272,f,Manhattan,Chelsea,40.805765,-74.000367,Private room,228.71,1,5,2026-07-15,0.12,2,269,$150-250,False,51.0,Highly Available
1000273,Entire home/apt in Bushwick,500273,Host273,f,Brooklyn,Bushwick,40.633037,-73.918774,Entire home/apt,381.17,1,69,2026-06-18,5.07,1,267,$250-400,False,78.0,Highly Available
1000274,Private room in Financial District,500274,Host274,t,Manhattan,Financial District,40.775217,-73.972251,Private room,270.49,3,10,2026-06-13,0.25,1,120,$250-400,True,83.0,Sometimes Available
1000275,Entire home/apt in Ridgewood,500275,Host275,t,Queens,Ridgewood,40.714173,-73.773097,Entire home/apt,78.38,1,65,2025-12-10,4.34,1,43,$75-150,True,268.0,Sometimes Available
1000276,Private room in Upper West Side,500276,Host276,f,Manhattan,Upper West Side,40.774018,-73.983056,Private room,168.11,1,30,2026-04-28,1.72,3,141,$150-250,False,129.0,Sometimes Available
1000277,Entire home/apt in Astoria,500277,Host277,f,Queens,Astoria,40.752259,-73.819035,Entire home/apt,67.87,1,5,2026-06-23,0.62,1,55,$0-75,False,73.0,Sometimes Available
1000278,Entire home/apt in Fordham,500278,Host278,t,Bronx,Fordham,40.820873,-73.912912,Entire home/apt,55.69,1,21,2026-07-13,0.53,2,0,$0-75,True,53.0,Rarely Available
1000279,Entire home/apt in Bushwick,500279,Host279,f,Brooklyn,Bushwick,40.668617,-73.972563,Entire home/apt,169.88,1,25,2026-06-20,1.48,3,104,$150-250,False,76.0,Sometimes Available
1000280,Private room in Hell's Kitchen,500280,Host280,t,Manhattan,Hell's Kitchen,40.7749,-73.980316,Private room,152.0,1,26,2025-01-29,0.91,1,25,$150-250,True,583.0,Rarely Available
1000281,Shared room in Bedford-Stuyvesant,500281,Host281,f,Brooklyn,Bedford-Stuyvesant,40.692254,-73.981663,Shared room,74.28,7,8,2026-05-27,0.31,1,272,$0-75,False,100.0,Highly Available
1000282,Entire home/apt in Ridgewood,500282,Host282,f,Queens,Ridgewood,40.751544,-73.781253,Entire home/apt,90.99,3,18,2026-07-06,1.08,1,106,$75-150,False,60.0,Sometimes Available
1000283,Private room in Long Island City,500283,Host283,f,Queens,Long Island City,40.713294,-73.77957,Private room,55.16,3,23,2026-06-24,0.66,1,248,$0-75,False,72.0,Highly Available
1000284,Private room in Astoria,500284,Host284,f,Queens,Astoria,40.743587,-73.79478,Private room,44.79,1,23,2026-06-12,0.55,1,228,$0-75,False,84.0,Highly Available
1000285,Entire home/apt in Bedford-Stuyvesant,500285,Host285,f,Brooklyn,Bedford-Stuyvesant,40.669593,-73.918846,Entire home/apt,315.15,2,37,2026-04-03,1.08,1,202,$250-400,False,154.0,Highly Available
1000286,Private room in Ridgewood,500286,Host286,f,Queens,Ridgewood,40.708047,-73.773267,Private room,71.05,1,22,2026-07-14,1.08,3,365,$0-75,False,52.0,Highly Available
1000287,Private room in Greenpoint,500287,Host287,t,Brooklyn,Greenpoint,40.702252,-73.909303,Private room,132.05,14,8,2026-03-24,1.32,1,266,$75-150,True,164.0,Highly Available
1000288,Private room in Midtown,500288,Host288,f,Manhattan,Midtown,40.787679,-74.009089,Private room,135.11,7,25,2026-07-31,1.38,1,0,$75-150,False,35.0,Rarely Available
1000289,Private room in Midtown,500289,Host289,f,Manhattan,Midtown,40.763445,-73.976761,Private room,190.94,2,11,2026-07-21,0.35,1,365,$150-250,False,45.0,Highly Available
1000290,Shared room in Hell's Kitchen,500290,Host290,f,Manhattan,Hell's Kitchen,40.781428,-73.949856,Shared room,51.58,7,15,2026-05-13,0.77,1,129,$0-75,False,114.0,Sometimes Available
1000291,Private room in Astoria,500291,Host291,f,Queens,Astoria,40.718809,-73.828762,Private room,78.87,5,35,2026-04-08,0.82,1,37,$75-150,False,149.0,Sometimes Available
1000292,Entire home/apt in Crown Heights,500292,Host292,f,Brooklyn,Crown Heights,40.67752,-73.935175,Entire home/apt,206.19,1,8,2025-12-30,0.45,2,0,$150-250,False,248.0,Rarely Available
1000293,Private room in Chelsea,500293,Host293,f,Manhattan,Chelsea,40.803992,-73.997843,Private room,342.01,1,23,2026-02-25,0.53,2,147,$250-400,False,191.0,Sometimes Available
1000294,Private room in Williamsburg,500294,Host294,f,Brooklyn,Williamsburg,40.679921,-73.937004,Private room,65.2,2,32,2026-06-19,0.71,10,277,$0-75,False,77.0,Highly Available
1000295,Entire home/apt in Mott Haven,500295,Host295,t,Bronx,Mott Haven,40.811986,-73.885561,Entire home/apt,141.62,1,21,2026-06-13,0.45,1,134,$75-150,True,83.0,Sometimes Available
1000296,Entire home/apt in Williamsburg,500296,Host296,f,Brooklyn,Williamsburg,40.709634,-73.955671,Entire home/apt,166.32,1,23,2026-05-21,0.72,1,266,$150-250,False,106.0,Highly Available
1000297,Entire home/apt in Harlem,500297,Host297,t,Manhattan,Harlem,40.819301,-73.947189,Entire home/apt,553.4843000000001,2,10,2026-02-23,0.88,1,90,$400+,True,193.0,Sometimes Available
1000298,Entire home/apt in Mott Haven,500298,Host298,f,Bronx,Mott Haven,40.830514,-73.867321,Entire home/apt,62.44,3,22,2026-04-25,1.8,1,36,$0-75,False,132.0,Sometimes Available
1000299,Private room in DUMBO,500299,Host299,f,Brooklyn,DUMBO,40.689192,-73.960271,Private room,123.97,1,16,2026-06-24,0.49,2,313,$75-150,False,72.0,Highly Available
1000300,Entire home/apt in Midtown,500300,Host300,f,Manhattan,Midtown,40.770062,-73.969623,Entire home/apt,320.63,1,51,2026-06-11,7.8,1,96,$250-400,False,85.0,Sometimes Available
1000301,Private room in Upper West Side,500301,Host301,f,Manhattan,Upper West Side,40.781051,-73.943309,Private room,124.59,2,1,2026-06-10,0.02,2,238,$75-150,False,86.0,Highly Available
1000302,Private room in Long Island City,500302,Host302,f,Queens,Long Island City,40.73091,-73.806282,Private room,28.04,2,23,2026-07-08,1.51,1,342,$0-75,False,58.0,Highly Available
1000303,Entire home/apt in Flushing,500303,Host303,t,Queens,Flushing,40.669411,-73.752941,Entire home/apt,94.56,1,5,2026-06-02,0.34,1,175,$75-150,True,94.0,Sometimes Available
1000304,Entire home/apt in DUMBO,500304,Host304,f,Brooklyn,DUMBO,40.625018,-73.91697,Entire home/apt,158.0,3,18,2026-07-18,0.38,1,148,$150-250,False,48.0,Sometimes Available
1000305,Entire home/apt in Crown Heights,500305,Host305,t,Brooklyn,Crown Heights,40.697404,-73.968099,Entire home/apt,253.94,5,35,2026-03-14,1.01,1,141,$250-400,True,174.0,Sometimes Available
1000306,Private room in East Village,500306,Host306,f,Manhattan,East Village,40.757682,-73.948314,Private room,120.04,1,10,2026-04-14,0.74,1,0,$75-150,False,143.0,Rarely Available
1000307,Entire home/apt in Greenpoint,500307,Host307,f,Brooklyn,Greenpoint,40.697804,-73.935505,Entire home/apt,191.96,3,2,2026-04-05,0.1,2,91,$150-250,False,152.0,Sometimes Available
1000308,Private room in Bushwick,500308,Host308,f,Brooklyn,Bushwick,40.712241,-73.978953,Private room,73.41,2,95,2026-02-25,6.99,2,215,$0-75,False,191.0,Highly Available
1000309,Entire home/apt in Flushing,500309,Host309,f,Queens,Flushing,40.738171,-73.761388,Entire home/apt,153.18,3,24,2026-02-07,0.8,1,236,$150-250,False,209.0,Highly Available
1000310,Hotel room in Greenpoint,500310,Host310,f,Brooklyn,Greenpoint,40.729398,-73.971164,Hotel room,159.7,2,13,2026-07-11,0.62,1,20,$150-250,False,55.0,Rarely Available
1000311,Entire home/apt in Bushwick,500311,Host311,f,Brooklyn,Bushwick,40.656038,-73.943217,Entire home/apt,133.18,1,30,2026-07-06,1.51,1,228,$75-150,False,60.0,Highly Available
1000312,Entire home/apt in Bedford-Stuyvesant,500312,Host312,f,Brooklyn,Bedford-Stuyvesant,40.690811,-73.941538,Entire home/apt,406.46,1,0,,0.0,1,0,$400+,False,,Rarely Available
1000313,Entire home/apt in Chelsea,500313,Host313,f,Manhattan,Chelsea,40.799537,-73.96131,Entire home/apt,158.27,3,8,2026-06-17,0.3,1,113,$150-250,False,79.0,Sometimes Available
1000314,Private room in Crown Heights,500314,Host314,f,Brooklyn,Crown Heights,40.663498,-73.94,Private room,45.48,1,7,2026-05-27,0.37,1,181,$0-75,False,100.0,Highly Available
1000315,Private room in Upper West Side,500315,Host315,f,Manhattan,Upper West Side,40.758706,-73.995201,Private room,191.06,2,23,2026-06-21,1.03,3,332,$150-250,False,75.0,Highly Available
1000316,Entire home/apt in Greenpoint,500316,Host316,f,Brooklyn,Greenpoint,40.684723,-73.94855,Entire home/apt,421.79,14,144,2026-07-26,3.97,1,232,$400+,False,40.0,Highly Available
1000317,Private room in Chelsea,500317,Host317,f,Manhattan,Chelsea,40.771946,-73.985794,Private room,45.25,1,17,2026-01-18,0.49,5,33,$0-75,False,229.0,Sometimes Available
1000318,Private room in Greenpoint,500318,Host318,f,Brooklyn,Greenpoint,40.703805,-73.928718,Private room,54.72,5,21,2026-05-27,1.43,1,118,$0-75,False,100.0,Sometimes Available
1000319,Entire home/apt in Chelsea,500319,Host319,t,Manhattan,Chelsea,40.772197,-73.969865,Entire home/apt,391.48,7,39,2026-03-26,1.99,2,155,$250-400,True,162.0,Sometimes Available
1000320,Entire home/apt in Flushing,500320,Host320,t,Queens,Flushing,40.730987,-73.786717,Entire home/apt,211.23,1,48,2026-03-14,1.14,2,85,$150-250,True,174.0,Sometimes Available
1000321,Private room in Williamsburg,500321,Host321,t,Brooklyn,Williamsburg,40.670149,-73.930158,Private room,63.15,1,4,2026-03-17,0.64,1,63,$0-75,True,171.0,Sometimes Available
1000322,Hotel room in Astoria,500322,Host322,f,Queens,Astoria,40.738783,-73.774433,Hotel room,105.39,3,25,2026-07-03,1.32,3,169,$75-150,False,63.0,Sometimes Available
1000323,Private room in DUMBO,500323,Host323,f,Brooklyn,DUMBO,40.658434,-73.915864,Private room,283.0,7,44,2026-03-21,1.23,1,179,$250-400,False,167.0,Sometimes Available
1000324,Private room in Mott Haven,500324,Host324,f,Bronx,Mott Haven,40.835228,-73.883382,Private room,29.21,1,49,2025-12-06,3.1,1,17,$0-75,False,272.0,Rarely Available
1000325,Entire home/apt in Hell's Kitchen,500325,Host325,f,Manhattan,Hell's Kitchen,40.780297,-73.982236,Entire home/apt,302.55,7,17,2026-06-28,0.62,1,0,$250-400,False,68.0,Rarely Available
1000326,Entire home/apt in Greenpoint,500326,Host326,t,Brooklyn,Greenpoint,40.702394,-73.928078,Entire home/apt,321.48,7,27,2025-09-15,2.29,1,111,$250-400,True,354.0,Sometimes Available
1000327,Entire home/apt in Harlem,500327,Host327,f,Manhattan,Harlem,40.761706,-73.960574,Entire home/apt,232.13,1,13,2025-12-22,0.85,1,218,$150-250,False,256.0,Highly Available
1000328,Private room in Midtown,500328,Host328,f,Manhattan,Midtown,40.781661,-73.967621,Private room,83.43,1,6,2026-06-30,0.66,1,234,$75-150,False,66.0,Highly Available
1000329,Entire home/apt in Upper West Side,500329,Host329,f,Manhattan,Upper West Side,40.771751,-73.940916,Entire home/apt,473.82,2,28,2026-07-31,1.02,3,100,$400+,False,35.0,Sometimes Available
1000330,Entire home/apt in Tottenville,500330,Host330,f,Staten Island,Tottenville,40.585229,-74.153389,Entire home/apt,39.53,7,12,2025-12-10,0.28,1,202,$0-75,False,268.0,Highly Available
1000331,Entire home/apt in Midtown,500331,Host331,f,Manhattan,Midtown,40.734488,-73.972721,Entire home/apt,141.83,1,5,2026-06-06,0.17,1,63,$75-150,False,90.0,Sometimes Available
1000332,Entire home/apt in Hell's Kitchen,500332,Host332,t,Manhattan,Hell's Kitchen,40.810197,-73.974374,Entire home/apt,448.46,14,31,2026-02-11,1.73,1,18,$400+,True,205.0,Rarely Available
1000333,Private room in Chelsea,500333,Host333,t,Manhattan,Chelsea,40.758956,-74.000255,Private room,141.75,14,59,2026-06-22,1.46,3,114,$75-150,True,74.0,Sometimes Available
1000334,Entire home/apt in Crown Heights,500334,Host334,f,Brooklyn,Crown Heights,40.704283,-73.952832,Entire home/apt,380.02,2,44,2026-07-17,1.31,1,232,$250-400,False,49.0,Highly Available
1000335,Entire home/apt in Harlem,500335,Host335,f,Manhattan,Harlem,40.775102,-73.96735,Entire home/apt,244.22,1,12,2026-07-19,0.26,1,195,$150-250,False,47.0,Highly Available
1000336,Private room in Long Island City,500336,Host336,f,Queens,Long Island City,40.7658,-73.780357,Private room,137.77,2,34,2026-01-08,0.84,1,302,$75-150,False,239.0,Highly Available
1000337,Entire home/apt in Riverdale,500337,Host337,f,Bronx,Riverdale,40.817296,-73.857901,Entire home/apt,181.88,1,5,2026-04-13,0.31,1,191,$150-250,False,144.0,Highly Available
1000338,Entire home/apt in Astoria,500338,Host338,t,Queens,Astoria,40.737016,-73.779847,Entire home/apt,30.75,2,13,2026-04-21,0.9,1,0,$0-75,True,136.0,Rarely Available
1000339,Entire home/apt in Greenpoint,500339,Host339,f,Brooklyn,Greenpoint,40.68439,-73.910928,Entire home/apt,133.23,1,16,2026-07-11,1.43,1,120,$75-150,False,55.0,Sometimes Available
1000340,Private room in Riverdale,500340,Host340,f,Bronx,Riverdale,40.856,-73.88114,Private room,42.21,1,11,2026-02-22,0.29,1,102,$0-75,False,194.0,Sometimes Available
1000341,Entire home/apt in Hell's Kitchen,500341,Host341,f,Manhattan,Hell's Kitchen,40.778117,-73.954507,Entire home/apt,322.14,2,29,2026-07-07,1.71,1,115,$250-400,False,59.0,Sometimes Available
1000342,Private room in East Village,500342,Host342,f,Manhattan,East Village,40.769347,-73.949126,Private room,90.02,2,39,2026-01-17,0.86,1,0,$75-150,False,230.0,Rarely Available
1000343,Entire home/apt in Upper West Side,500343,Host343,t,Manhattan,Upper West Side,40.766649,-73.971303,Entire home/apt,492.48,3,16,2026-04-15,0.47,1,0,$400+,True,142.0,Rarely Available
1000344,Shared room in Park Slope,500344,Host344,t,Brooklyn,Park Slope,40.697206,-73.93475,Shared room,33.31,2,30,2026-07-05,1.81,1,0,$0-75,True,61.0,Rarely Available
1000345,Private room in Bedford-Stuyvesant,500345,Host345,f,Brooklyn,Bedford-Stuyvesant,40.685236,-73.922311,Private room,95.62,7,13,2026-05-11,0.68,5,229,$75-150,False,116.0,Highly Available
1000346,Private room in DUMBO,500346,Host346,f,Brooklyn,DUMBO,40.671262,-73.938887,Private room,43.01,1,11,2026-02-21,0.32,1,192,$0-75,False,195.0,Highly Available
1000347,Entire home/apt in Midtown,500347,Host347,f,Manhattan,Midtown,40.742211,-73.967134,Entire home/apt,249.65,7,27,2025-09-16,1.11,5,123,$150-250,False,353.0,Sometimes Available
1000348,Entire home/apt in Upper West Side,500348,Host348,f,Manhattan,Upper West Side,40.759314,-73.959331,Entire home/apt,349.88,1,4,2026-04-19,0.11,1,209,$250-400,False,138.0,Highly Available
1000349,Private room in Park Slope,500349,Host349,t,Brooklyn,Park Slope,40.716469,-73.959492,Private room,84.25,1,18,2026-07-22,1.26,2,365,$75-150,True,44.0,Highly Available
1000350,Private room in Greenpoint,500350,Host350,f,Brooklyn,Greenpoint,40.680766,-73.954084,Private room,84.42,5,45,2026-07-27,1.07,1,244,$75-150,False,39.0,Highly Available
1000351,Entire home/apt in Chelsea,500351,Host351,t,Manhattan,Chelsea,40.761699,-73.983198,Entire home/apt,264.64,1,16,2025-12-26,0.67,1,201,$250-400,True,252.0,Highly Available
1000352,Entire home/apt in Bedford-Stuyvesant,500352,Host352,f,Brooklyn,Bedford-Stuyvesant,40.669667,-73.949197,Entire home/apt,176.29,2,13,2025-08-21,0.59,1,191,$150-250,False,379.0,Highly Available
1000353,Entire home/apt in Bedford-Stuyvesant,500353,Host353,f,Brooklyn,Bedford-Stuyvesant,40.709971,-73.927957,Entire home/apt,386.63,1,2,2025-06-21,0.09,1,352,$250-400,False,440.0,Highly Available
1000354,Private room in Chelsea,500354,Host354,t,Manhattan,Chelsea,40.754727,-73.98489,Private room,83.74,1,2,2026-04-28,0.08,1,78,$75-150,True,129.0,Sometimes Available
1000355,Entire home/apt in Bushwick,500355,Host355,t,Brooklyn,Bushwick,40.667975,-73.915468,Entire home/apt,169.19,1,28,2026-04-19,0.62,1,193,$150-250,True,138.0,Highly Available
1000356,Entire home/apt in Fordham,500356,Host356,f,Bronx,Fordham,40.829344,-73.906805,Entire home/apt,57.96,7,16,2026-04-06,0.47,1,252,$0-75,False,151.0,Highly Available
1000357,Private room in East Village,500357,Host357,t,Manhattan,East Village,40.809573,-74.009233,Private room,134.42,1,104,2026-02-07,7.04,1,122,$75-150,True,209.0,Sometimes Available
1000358,Entire home/apt in Harlem,500358,Host358,t,Manhattan,Harlem,40.771363,-73.997524,Entire home/apt,104.84,2,12,2025-05-06,0.37,1,51,$75-150,True,486.0,Sometimes Available
1000359,Entire home/apt in Bushwick,500359,Host359,f,Brooklyn,Bushwick,40.674769,-73.956498,Entire home/apt,168.36,5,36,2026-02-22,0.8,1,174,$150-250,False,194.0,Sometimes Available
1000360,Shared room in East Village,500360,Host360,f,Manhattan,East Village,40.788884,-74.002292,Shared room,45.28,3,25,2026-03-27,0.6,1,0,$0-75,False,161.0,Rarely Available
1000361,Entire home/apt in DUMBO,500361,Host361,f,Brooklyn,DUMBO,40.697156,-73.939848,Entire home/apt,111.2,1,16,2026-07-25,1.23,1,232,$75-150,False,41.0,Highly Available
1000362,Entire home/apt in Harlem,500362,Host362,f,Manhattan,Harlem,40.799185,-73.970059,Entire home/apt,359.27,14,3,2026-06-18,0.08,1,0,$250-400,False,78.0,Rarely Available
1000363,Private room in Bushwick,500363,Host363,t,Brooklyn,Bushwick,40.662684,-73.94469,Private room,116.72,2,12,2025-12-06,0.26,1,184,$75-150,True,272.0,Highly Available
1000364,Private room in Bedford-Stuyvesant,500364,Host364,f,Brooklyn,Bedford-Stuyvesant,40.658975,-73.956078,Private room,125.22,1,89,2025-12-10,3.23,1,97,$75-150,False,268.0,Sometimes Available
1000365,Private room in East Village,500365,Host365,f,Manhattan,East Village,40.779918,-73.933615,Private room,243.16,2,9,2026-06-10,1.1,1,101,$150-250,False,86.0,Sometimes Available
1000366,Entire home/apt in Harlem,500366,Host366,t,Manhattan,Harlem,40.783916,-73.965729,Entire home/apt,249.0,2,0,,0.0,2,28,$150-250,True,,Rarely Available
1000367,Hotel room in Williamsburg,500367,Host367,f,Brooklyn,Williamsburg,40.697455,-73.941643,Hotel room,227.51,5,16,2026-07-26,0.35,1,0,$150-250,False,40.0,Rarely Available
1000368,Private room in Financial District,500368,Host368,t,Manhattan,Financial District,40.741903,-73.969521,Private room,80.26,30,1,2026-05-24,0.03,1,43,$75-150,True,103.0,Sometimes Available
1000369,Private room in Financial District,500369,Host369,f,Manhattan,Financial District,40.815086,-73.946107,Private room,322.79,1,10,2026-03-18,0.25,1,123,$250-400,False,170.0,Sometimes Available
1000370,Entire home/apt in Fordham,500370,Host370,f,Bronx,Fordham,40.836889,-73.86243,Entire home/apt,84.39,5,134,2026-05-31,7.41,1,0,$75-150,False,96.0,Rarely Available
1000371,Entire home/apt in Williamsburg,500371,Host371,t,Brooklyn,Williamsburg,40.676753,-73.947553,Entire home/apt,151.31,3,3,2025-11-03,0.07,2,83,$150-250,True,305.0,Sometimes Available
1000372,Entire home/apt in Park Slope,500372,Host372,f,Brooklyn,Park Slope,40.679438,-73.934571,Entire home/apt,129.15,2,7,2026-05-23,1.1,1,226,$75-150,False,104.0,Highly Available
1000373,Private room in Mott Haven,500373,Host373,f,Bronx,Mott Haven,40.842149,-73.905415,Private room,46.21,3,12,2026-03-03,1.04,1,0,$0-75,False,185.0,Rarely Available
1000374,Entire home/apt in Crown Heights,500374,Host374,t,Brooklyn,Crown Heights,40.650829,-73.965595,Entire home/apt,54.1,3,7,2026-06-04,0.19,1,84,$0-75,True,92.0,Sometimes Available
1000375,Private room in Greenpoint,500375,Host375,f,Brooklyn,Greenpoint,40.673001,-73.94404,Private room,194.84,3,38,2026-06-05,1.65,1,158,$150-250,False,91.0,Sometimes Available
1000376,Private room in Greenpoint,500376,Host376,f,Brooklyn,Greenpoint,40.66667,-73.966404,Private room,124.15,7,15,2026-07-23,0.99,1,102,$75-150,False,43.0,Sometimes Available
1000377,Entire home/apt in Bushwick,500377,Host377,f,Brooklyn,Bushwick,40.655256,-73.961857,Entire home/apt,101.69,2,30,2025-05-09,1.98,1,62,$75-150,False,483.0,Sometimes Available
1000378,Private room in Greenpoint,500378,Host378,f,Brooklyn,Greenpoint,40.698933,-73.928796,Private room,77.11,1,1,2026-06-15,0.03,1,260,$75-150,False,81.0,Highly Available
1000379,Private room in Hell's Kitchen,500379,Host379,f,Manhattan,Hell's Kitchen,40.759904,-73.960023,Private room,243.02,2,14,2026-05-06,0.47,1,365,$150-250,False,121.0,Highly Available
1000380,Entire home/apt in Bedford-Stuyvesant,500380,Host380,t,Brooklyn,Bedford-Stuyvesant,40.686084,-73.929683,Entire home/apt,50.87,2,9,2025-09-20,0.53,1,140,$0-75,True,349.0,Sometimes Available
1000381,Entire home/apt in Midtown,500381,Host381,f,Manhattan,Midtown,40.77595,-73.948676,Entire home/apt,298.75,1,17,2026-06-28,0.45,1,237,$250-400,False,68.0,Highly Available
1000382,Entire home/apt in Hell's Kitchen,500382,Host382,f,Manhattan,Hell's Kitchen,40.793775,-73.963776,Entire home/apt,423.25,1,3,2026-07-19,0.07,1,221,$400+,False,47.0,Highly Available
1000383,Entire home/apt in Ridgewood,500383,Host383,f,Queens,Ridgewood,40.709946,-73.775061,Entire home/apt,93.74,2,71,2026-07-18,2.24,2,105,$75-150,False,48.0,Sometimes Available
1000384,Entire home/apt in Park Slope,500384,Host384,f,Brooklyn,Park Slope,40.693046,-73.936822,Entire home/apt,352.41,3,157,2026-06-11,17.16,1,130,$250-400,False,85.0,Sometimes Available
1000385,Private room in Park Slope,500385,Host385,f,Brooklyn,Park Slope,40.682009,-73.931822,Private room,71.52,7,30,2026-05-18,1.19,1,142,$0-75,False,109.0,Sometimes Available
1000386,Private room in Midtown,500386,Host386,f,Manhattan,Midtown,40.801743,-73.995203,Private room,193.78,3,42,2026-07-25,1.12,1,122,$150-250,False,41.0,Sometimes Available
1000387,Entire home/apt in Financial District,500387,Host387,f,Manhattan,Financial District,40.814587,-73.983105,Entire home/apt,261.53,5,17,2026-06-10,0.57,1,190,$250-400,False,86.0,Highly Available
1000388,Private room in Park Slope,500388,Host388,f,Brooklyn,Park Slope,40.670063,-73.968936,Private room,280.84,2,21,2025-11-30,0.6,2,185,$250-400,False,278.0,Highly Available
1000389,Private room in Fordham,500389,Host389,f,Bronx,Fordham,40.868148,-73.875592,Private room,99.2,1,22,2026-04-06,1.26,1,181,$75-150,False,151.0,Highly Available
1000390,Entire home/apt in Long Island City,500390,Host390,f,Queens,Long Island City,40.742144,-73.774416,Entire home/apt,198.31,3,5,2026-04-08,0.48,2,195,$150-250,False,149.0,Highly Available
1000391,Private room in Jamaica,500391,Host391,t,Queens,Jamaica,40.713988,-73.780371,Private room,97.22,1,14,2026-01-27,1.9,5,149,$75-150,True,220.0,Sometimes Available
1000392,Private room in Greenpoint,500392,Host392,f,Brooklyn,Greenpoint,40.695134,-73.910452,Private room,74.89,2,60,2026-07-12,4.94,1,108,$0-75,False,54.0,Sometimes Available
1000393,Private room in Flushing,500393,Host393,f,Queens,Flushing,40.766233,-73.784509,Private room,64.89,7,5,2026-07-02,0.11,1,287,$0-75,False,64.0,Highly Available
1000394,Entire home/apt in Financial District,500394,Host394,t,Manhattan,Financial District,40.753129,-73.960167,Entire home/apt,189.5,1,2,2026-07-16,0.08,2,47,$150-250,True,50.0,Sometimes Available
1000395,Entire home/apt in East Village,500395,Host395,t,Manhattan,East Village,40.770785,-73.995771,Entire home/apt,185.11,2,6,2026-07-19,0.4,1,95,$150-250,True,47.0,Sometimes Available
1000396,Private room in Park Slope,500396,Host396,t,Brooklyn,Park Slope,40.673623,-73.928675,Private room,162.13,30,29,2026-01-31,1.79,2,281,$150-250,True,216.0,Highly Available
1000397,Entire home/apt in DUMBO,500397,Host397,f,Brooklyn,DUMBO,40.67055,-73.931755,Entire home/apt,191.67,2,70,2026-05-16,1.52,1,64,$150-250,False,111.0,Sometimes Available
1000398,Private room in Upper West Side,500398,Host398,f,Manhattan,Upper West Side,40.808579,-74.003158,Private room,215.78,2,24,2026-03-28,1.98,2,43,$150-250,False,160.0,Sometimes Available
1000399,Private room in Financial District,500399,Host399,f,Manhattan,Financial District,40.777472,-73.973753,Private room,130.19,1,2,2026-06-12,0.05,1,67,$75-150,False,84.0,Sometimes Available
1000400,Entire home/apt in Bushwick,500400,Host400,t,Brooklyn,Bushwick,40.666672,-73.927368,Entire home/apt,140.04,1,99,2025-03-06,3.05,1,278,$75-150,True,547.0,Highly Available
1000401,Private room in Harlem,500401,Host401,f,Manhattan,Harlem,40.776004,-73.937971,Private room,216.05,1,16,2026-06-09,1.85,1,226,$150-250,False,87.0,Highly Available
1000402,Private room in Midtown,500402,Host402,f,Manhattan,Midtown,40.752723,-73.934368,Private room,140.57,2,39,2026-04-12,1.26,3,167,$75-150,False,145.0,Sometimes Available
1000403,Entire home/apt in East Village,500403,Host403,f,Manhattan,East Village,40.770688,-73.95027,Entire home/apt,217.69,5,9,2025-12-16,0.33,1,203,$150-250,False,262.0,Highly Available
1000404,Entire home/apt in Flushing,500404,Host404,f,Queens,Flushing,40.761348,-73.802229,Entire home/apt,134.94,2,0,,0.0,1,115,$75-150,False,,Sometimes Available
1000405,Entire home/apt in Hell's Kitchen,500405,Host405,t,Manhattan,Hell's Kitchen,40.778302,-73.976117,Entire home/apt,200.61,1,21,2026-04-30,0.68,1,32,$150-250,True,127.0,Sometimes Available
1000406,Entire home/apt in Upper West Side,500406,Host406,f,Manhattan,Upper West Side,40.748145,-73.971691,Entire home/apt,261.19,3,62,2026-04-18,1.56,1,169,$250-400,False,139.0,Sometimes Available
1000407,Entire home/apt in Greenpoint,500407,Host407,t,Brooklyn,Greenpoint,40.651596,-73.947425,Entire home/apt,165.98,14,25,2025-09-16,0.57,1,289,$150-250,True,353.0,Highly Available
1000408,Entire home/apt in Harlem,500408,Host408,f,Manhattan,Harlem,40.757528,-73.966941,Entire home/apt,373.34,2,18,2026-06-22,1.89,10,132,$250-400,False,74.0,Sometimes Available
1000409,Shared room in Tottenville,500409,Host409,f,Staten Island,Tottenville,40.582038,-74.150796,Shared room,44.06,2,2,2026-07-03,0.07,1,147,$0-75,False,63.0,Sometimes Available
1000410,Entire home/apt in Ridgewood,500410,Host410,f,Queens,Ridgewood,40.747026,-73.783462,Entire home/apt,91.31,1,52,2026-08-01,1.12,1,0,$75-150,False,34.0,Rarely Available
1000411,Private room in Chelsea,500411,Host411,t,Manhattan,Chelsea,40.800199,-73.948954,Private room,165.4,3,3,2026-05-05,0.28,2,52,$150-250,True,122.0,Sometimes Available
1000412,Private room in Park Slope,500412,Host412,t,Brooklyn,Park Slope,40.715462,-73.924439,Private room,68.8,7,8,2026-05-01,0.17,1,215,$0-75,True,126.0,Highly Available
1000413,Private room in East Village,500413,Host413,f,Manhattan,East Village,40.793122,-73.959499,Private room,49.18,1,1,2025-10-25,0.03,1,152,$0-75,False,314.0,Sometimes Available
1000414,Entire home/apt in Astoria,500414,Host414,t,Queens,Astoria,40.712182,-73.79332,Entire home/apt,125.14,3,4,2025-07-04,0.09,1,324,$75-150,True,427.0,Highly Available
1000415,Entire home/apt in Greenpoint,500415,Host415,f,Brooklyn,Greenpoint,40.66034,-73.964809,Entire home/apt,207.16,1,33,2026-01-11,0.78,1,50,$150-250,False,236.0,Sometimes Available
1000416,Entire home/apt in Harlem,500416,Host416,f,Manhattan,Harlem,40.789222,-73.996295,Entire home/apt,231.18,1,31,2026-01-27,3.02,1,105,$150-250,False,220.0,Sometimes Available
1000417,Private room in Harlem,500417,Host417,f,Manhattan,Harlem,40.760613,-73.968028,Private room,109.33,1,8,2025-12-14,0.32,1,285,$75-150,False,264.0,Highly Available
1000418,Entire home/apt in Hell's Kitchen,500418,Host418,f,Manhattan,Hell's Kitchen,40.742187,-73.99057,Entire home/apt,269.12,7,16,2025-12-30,0.62,1,219,$250-400,False,248.0,Highly Available
1000419,Private room in Williamsburg,500419,Host419,f,Brooklyn,Williamsburg,40.649348,-73.94921,Private room,106.93,3,95,2026-07-10,2.47,1,238,$75-150,False,56.0,Highly Available
1000420,Private room in Flushing,500420,Host420,f,Queens,Flushing,40.741245,-73.812606,Private room,20.0,14,11,2026-02-11,0.65,1,231,$0-75,False,205.0,Highly Available
1000421,Entire home/apt in Chelsea,500421,Host421,f,Manhattan,Chelsea,40.770395,-73.945708,Entire home/apt,424.54,14,21,2026-07-08,0.83,2,44,$400+,False,58.0,Sometimes Available
1000422,Entire home/apt in Financial District,500422,Host422,f,Manhattan,Financial District,40.79447,-73.992012,Entire home/apt,258.24,1,71,2026-04-29,1.51,1,3,$250-400,False,128.0,Rarely Available
1000423,Private room in Bedford-Stuyvesant,500423,Host423,f,Brooklyn,Bedford-Stuyvesant,40.712911,-73.925574,Private room,40.87,2,45,2026-07-18,1.06,1,164,$0-75,False,48.0,Sometimes Available
1000424,Private room in Financial District,500424,Host424,t,Manhattan,Financial District,40.764763,-73.961413,Private room,127.03,3,40,2025-11-24,1.56,1,52,$75-150,True,284.0,Sometimes Available
1000425,Entire home/apt in Crown Heights,500425,Host425,f,Brooklyn,Crown Heights,40.69433,-73.944252,Entire home/apt,102.45,2,28,2026-03-23,1.93,1,206,$75-150,False,165.0,Highly Available
1000426,Entire home/apt in Hell's Kitchen,500426,Host426,f,Manhattan,Hell's Kitchen,40.776892,-73.945858,Entire home/apt,251.92,30,1,2026-07-26,0.08,1,0,$250-400,False,40.0,Rarely Available
1000427,Private room in Park Slope,500427,Host427,f,Brooklyn,Park Slope,40.663684,-73.948883,Private room,30.11,2,17,2026-07-31,1.6,1,236,$0-75,False,35.0,Highly Available
1000428,Entire home/apt in Financial District,500428,Host428,f,Manhattan,Financial District,40.782689,-73.957492,Entire home/apt,269.57,5,65,2026-03-17,2.47,1,256,$250-400,False,171.0,Highly Available
1000429,Private room in East Village,500429,Host429,t,Manhattan,East Village,40.781357,-73.987471,Private room,111.65,2,4,2026-06-08,0.1,1,191,$75-150,True,88.0,Highly Available
1000430,Entire home/apt in East Village,500430,Host430,t,Manhattan,East Village,40.739228,-73.998088,Entire home/apt,268.9,1,17,2026-06-10,0.77,10,0,$250-400,True,86.0,Rarely Available
1000431,Private room in Long Island City,500431,Host431,f,Queens,Long Island City,40.749931,-73.837825,Private room,107.52,1,39,2026-07-10,1.08,1,239,$75-150,False,56.0,Highly Available
1000432,Private room in Greenpoint,500432,Host432,f,Brooklyn,Greenpoint,40.681417,-73.935184,Private room,230.18,2,58,2025-10-30,7.13,3,0,$150-250,False,309.0,Rarely Available
1000433,Private room in Ridgewood,500433,Host433,f,Queens,Ridgewood,40.709657,-73.780604,Private room,156.62,2,46,2026-02-10,3.24,2,264,$150-250,False,206.0,Highly Available
1000434,Entire home/apt in Greenpoint,500434,Host434,f,Brooklyn,Greenpoint,40.702238,-73.923371,Entire home/apt,110.39,5,83,2026-06-21,2.3,10,158,$75-150,False,75.0,Sometimes Available
1000435,Private room in Crown Heights,500435,Host435,f,Brooklyn,Crown Heights,40.685792,-73.988408,Private room,64.14,2,14,2026-01-15,0.64,1,0,$0-75,False,232.0,Rarely Available
1000436,Entire home/apt in Ridgewood,500436,Host436,f,Queens,Ridgewood,40.686013,-73.780336,Entire home/apt,141.26,3,0,,0.0,1,180,$75-150,False,,Sometimes Available
1000437,Private room in Upper West Side,500437,Host437,f,Manhattan,Upper West Side,40.771419,-73.991039,Private room,242.84,1,96,2026-07-21,4.32,1,23,$150-250,False,45.0,Rarely Available
1000438,Entire home/apt in Ridgewood,500438,Host438,f,Queens,Ridgewood,40.716891,-73.793563,Entire home/apt,187.92,7,13,2026-04-15,1.43,1,9,$150-250,False,142.0,Rarely Available
1000439,Entire home/apt in Bushwick,500439,Host439,f,Brooklyn,Bushwick,40.693767,-73.956742,Entire home/apt,239.47,1,5,2026-04-04,0.12,3,142,$150-250,False,153.0,Sometimes Available
1000440,Entire home/apt in DUMBO,500440,Host440,f,Brooklyn,DUMBO,40.688667,-73.962304,Entire home/apt,198.58,3,28,2025-08-12,1.0,1,231,$150-250,False,388.0,Highly Available
1000441,Entire home/apt in DUMBO,500441,Host441,f,Brooklyn,DUMBO,40.63651,-73.944441,Entire home/apt,278.69,1,20,2026-03-13,2.06,1,365,$250-400,False,175.0,Highly Available
1000442,Entire home/apt in Bushwick,500442,Host442,f,Brooklyn,Bushwick,40.662265,-73.930618,Entire home/apt,345.21,14,26,2026-06-20,0.93,1,175,$250-400,False,76.0,Sometimes Available
1000443,Entire home/apt in Hell's Kitchen,500443,Host443,f,Manhattan,Hell's Kitchen,40.767256,-74.003516,Entire home/apt,218.89,14,35,2026-07-25,1.29,10,2,$150-250,False,41.0,Rarely Available
1000444,Entire home/apt in Upper West Side,500444,Host444,f,Manhattan,Upper West Side,40.785557,-73.973552,Entire home/apt,257.07,5,7,2026-03-23,0.26,1,315,$250-400,False,165.0,Highly Available
1000445,Entire home/apt in Riverdale,500445,Host445,f,Bronx,Riverdale,40.800585,-73.900115,Entire home/apt,105.93,14,16,2024-09-09,1.85,1,103,$75-150,False,725.0,Sometimes Available
1000446,Entire home/apt in Mott Haven,500446,Host446,f,Bronx,Mott Haven,40.829096,-73.866599,Entire home/apt,59.71,30,29,2026-03-09,0.67,5,233,$0-75,False,179.0,Highly Available
1000447,Private room in Harlem,500447,Host447,t,Manhattan,Harlem,40.780934,-73.990906,Private room,231.4,14,31,2026-05-03,0.69,1,205,$150-250,True,124.0,Highly Available
1000448,Entire home/apt in Park Slope,500448,Host448,f,Brooklyn,Park Slope,40.697187,-73.94676,Entire home/apt,173.43,1,8,2026-06-03,0.91,1,0,$150-250,False,93.0,Rarely Available
1000449,Entire home/apt in DUMBO,500449,Host449,f,Brooklyn,DUMBO,40.680992,-73.942043,Entire home/apt,124.66,2,0,,0.0,1,217,$75-150,False,,Highly Available
1000450,Private room in Long Island City,500450,Host450,t,Queens,Long Island City,40.742883,-73.766269,Private room,84.43,1,48,2026-05-01,1.48,1,119,$75-150,True,126.0,Sometimes Available
1000451,Entire home/apt in Greenpoint,500451,Host451,f,Brooklyn,Greenpoint,40.675957,-73.924201,Entire home/apt,293.67,14,65,2026-03-22,10.18,1,105,$250-400,False,166.0,Sometimes Available
1000452,Shared room in Bushwick,500452,Host452,f,Brooklyn,Bushwick,40.674444,-73.983897,Shared room,20.0,30,29,2026-02-16,0.85,1,226,$0-75,False,200.0,Highly Available
1000453,Private room in Chelsea,500453,Host453,t,Manhattan,Chelsea,40.767707,-73.990903,Private room,85.65,5,77,2026-04-20,4.79,1,304,$75-150,True,137.0,Highly Available
1000454,Private room in Ridgewood,500454,Host454,f,Queens,Ridgewood,40.741336,-73.797878,Private room,126.11,2,4,2026-07-25,0.12,10,63,$75-150,False,41.0,Sometimes Available
1000455,Shared room in Park Slope,500455,Host455,f,Brooklyn,Park Slope,40.660195,-73.974448,Shared room,45.07,2,15,2026-05-21,1.86,1,173,$0-75,False,106.0,Sometimes Available
1000456,Entire home/apt in Flushing,500456,Host456,f,Queens,Flushing,40.742487,-73.792777,Entire home/apt,109.72,3,19,2026-05-05,0.61,1,93,$75-150,False,122.0,Sometimes Available
1000457,Entire home/apt in Hell's Kitchen,500457,Host457,t,Manhattan,Hell's Kitchen,40.818874,-73.964083,Entire home/apt,188.79,2,27,2026-06-19,0.88,1,165,$150-250,True,77.0,Sometimes Available
1000458,Private room in Astoria,500458,Host458,f,Queens,Astoria,40.700044,-73.769948,Private room,88.24,3,30,2026-05-04,1.29,1,97,$75-150,False,123.0,Sometimes Available
1000459,Entire home/apt in Mott Haven,500459,Host459,f,Bronx,Mott Haven,40.810021,-73.892169,Entire home/apt,219.93,3,29,2026-02-28,2.96,1,52,$150-250,False,188.0,Sometimes Available
1000460,Entire home/apt in Williamsburg,500460,Host460,f,Brooklyn,Williamsburg,40.687225,-73.938223,Entire home/apt,138.62,1,3,2026-06-11,0.16,1,0,$75-150,False,85.0,Rarely Available
1000461,Private room in Jamaica,500461,Host461,f,Queens,Jamaica,40.770288,-73.786497,Private room,118.98,1,3,2026-04-26,0.07,1,89,$75-150,False,131.0,Sometimes Available
1000462,Entire home/apt in Chelsea,500462,Host462,f,Manhattan,Chelsea,40.756187,-73.990843,Entire home/apt,553.4843000000001,1,28,2026-05-29,1.9,2,329,$400+,False,98.0,Highly Available
1000463,Private room in Bushwick,500463,Host463,f,Brooklyn,Bushwick,40.679591,-73.928824,Private room,164.3,3,34,2026-01-09,1.55,1,92,$150-250,False,238.0,Sometimes Available
1000464,Entire home/apt in Ridgewood,500464,Host464,f,Queens,Ridgewood,40.722552,-73.769326,Entire home/apt,190.69,7,13,2026-06-21,1.33,1,42,$150-250,False,75.0,Sometimes Available
1000465,Private room in Bushwick,500465,Host465,f,Brooklyn,Bushwick,40.686922,-73.962717,Private room,98.04,2,0,,0.0,1,112,$75-150,False,,Sometimes Available
1000466,Entire home/apt in Ridgewood,500466,Host466,f,Queens,Ridgewood,40.691689,-73.78326,Entire home/apt,220.19,30,28,2026-06-22,3.07,10,173,$150-250,False,74.0,Sometimes Available
1000467,Shared room in Hell's Kitchen,500467,Host467,t,Manhattan,Hell's Kitchen,40.820481,-73.938247,Shared room,64.21,2,1,2025-05-27,0.03,1,103,$0-75,True,465.0,Sometimes Available
1000468,Private room in Greenpoint,500468,Host468,f,Brooklyn,Greenpoint,40.672504,-73.988025,Private room,63.46,3,4,2026-05-21,0.17,1,113,$0-75,False,106.0,Sometimes Available
1000469,Entire home/apt in Bedford-Stuyvesant,500469,Host469,t,Brooklyn,Bedford-Stuyvesant,40.655888,-73.926661,Entire home/apt,338.7,7,20,2026-07-19,0.86,1,96,$250-400,True,47.0,Sometimes Available
1000470,Entire home/apt in Hell's Kitchen,500470,Host470,f,Manhattan,Hell's Kitchen,40.739224,-73.987294,Entire home/apt,270.73,1,6,2026-02-21,0.24,1,47,$250-400,False,195.0,Sometimes Available
1000471,Entire home/apt in Financial District,500471,Host471,f,Manhattan,Financial District,40.791058,-73.954572,Entire home/apt,284.2,2,1,2026-01-15,0.04,5,103,$250-400,False,232.0,Sometimes Available
1000472,Entire home/apt in Midtown,500472,Host472,f,Manhattan,Midtown,40.80302,-74.001251,Entire home/apt,363.26,14,2,2026-07-12,0.07,3,31,$250-400,False,54.0,Sometimes Available
1000473,Private room in East Village,500473,Host473,f,Manhattan,East Village,40.771711,-73.948631,Private room,294.18,2,10,2026-06-01,0.24,1,223,$250-400,False,95.0,Highly Available
1000474,Private room in Park Slope,500474,Host474,t,Brooklyn,Park Slope,40.660845,-73.975478,Private room,41.32,3,1,2026-05-02,0.02,5,238,$0-75,True,125.0,Highly Available
1000475,Shared room in Harlem,500475,Host475,t,Manhattan,Harlem,40.793564,-73.986407,Shared room,49.85,1,48,2026-02-07,1.98,1,150,$0-75,True,209.0,Sometimes Available
1000476,Private room in Hell's Kitchen,500476,Host476,f,Manhattan,Hell's Kitchen,40.779729,-73.975756,Private room,136.67,2,16,2026-07-18,0.39,2,285,$75-150,False,48.0,Highly Available
1000477,Entire home/apt in Williamsburg,500477,Host477,f,Brooklyn,Williamsburg,40.665961,-73.956665,Entire home/apt,82.0,1,40,2025-05-01,0.96,1,237,$75-150,False,491.0,Highly Available
1000478,Private room in Chelsea,500478,Host478,f,Manhattan,Chelsea,40.75267,-73.940059,Private room,169.82,7,50,2026-04-28,3.78,3,365,$150-250,False,129.0,Highly Available
1000479,Entire home/apt in Upper West Side,500479,Host479,f,Manhattan,Upper West Side,40.781871,-73.966012,Entire home/apt,241.59,14,16,2026-06-18,0.83,2,55,$150-250,False,78.0,Sometimes Available
1000480,Entire home/apt in Jamaica,500480,Host480,f,Queens,Jamaica,40.747989,-73.795643,Entire home/apt,180.74,5,90,2026-07-21,2.3,1,110,$150-250,False,45.0,Sometimes Available
1000481,Private room in Park Slope,500481,Host481,t,Brooklyn,Park Slope,40.706145,-73.968172,Private room,100.47,2,76,2025-12-23,2.31,1,154,$75-150,True,255.0,Sometimes Available
1000482,Entire home/apt in Bedford-Stuyvesant,500482,Host482,t,Brooklyn,Bedford-Stuyvesant,40.714086,-73.942582,Entire home/apt,415.88,1,4,2026-03-21,0.18,1,260,$400+,True,167.0,Highly Available
1000483,Private room in Williamsburg,500483,Host483,f,Brooklyn,Williamsburg,40.673458,-73.946835,Private room,67.92,1,0,,0.0,5,0,$0-75,False,,Rarely Available
1000484,Entire home/apt in Riverdale,500484,Host484,f,Bronx,Riverdale,40.857003,-73.895164,Entire home/apt,231.15,1,27,2026-06-04,1.2,1,106,$150-250,False,92.0,Sometimes Available
1000485,Entire home/apt in Midtown,500485,Host485,t,Manhattan,Midtown,40.782624,-73.938636,Entire home/apt,379.44,1,17,2026-06-10,0.4,1,82,$250-400,True,86.0,Sometimes Available
1000486,Private room in Flushing,500486,Host486,f,Queens,Flushing,40.701285,-73.751287,Private room,64.83,30,12,2026-04-18,0.97,1,365,$0-75,False,139.0,Highly Available
1000487,Hotel room in Long Island City,500487,Host487,f,Queens,Long Island City,40.724851,-73.815895,Hotel room,217.43,1,67,2026-01-23,7.21,1,0,$150-250,False,224.0,Rarely Available
1000488,Private room in Astoria,500488,Host488,f,Queens,Astoria,40.749754,-73.780168,Private room,22.17,7,7,2026-05-05,0.16,3,0,$0-75,False,122.0,Rarely Available
1000489,Entire home/apt in Hell's Kitchen,500489,Host489,f,Manhattan,Hell's Kitchen,40.788884,-73.982743,Entire home/apt,113.97,2,0,,0.0,1,83,$75-150,False,,Sometimes Available
1000490,Private room in Hell's Kitchen,500490,Host490,t,Manhattan,Hell's Kitchen,40.745595,-73.952038,Private room,300.3,5,14,2026-03-27,0.53,1,193,$250-400,True,161.0,Highly Available
1000491,Entire home/apt in East Village,500491,Host491,f,Manhattan,East Village,40.773058,-74.010475,Entire home/apt,223.72,1,9,2025-06-15,0.22,1,324,$150-250,False,446.0,Highly Available
1000492,Private room in Long Island City,500492,Host492,f,Queens,Long Island City,40.741191,-73.75867,Private room,148.71,2,5,2026-07-24,0.18,3,82,$75-150,False,42.0,Sometimes Available
1000493,Entire home/apt in Fordham,500493,Host493,f,Bronx,Fordham,40.863056,-73.83405,Entire home/apt,124.53,5,1,2025-10-14,0.04,1,302,$75-150,False,325.0,Highly Available
1000494,Private room in Long Island City,500494,Host494,f,Queens,Long Island City,40.711631,-73.793781,Private room,107.33,2,21,2025-11-08,2.64,1,231,$75-150,False,300.0,Highly Available
1000495,Entire home/apt in Chelsea,500495,Host495,f,Manhattan,Chelsea,40.797444,-73.950756,Entire home/apt,385.25,2,9,2026-04-04,0.3,1,88,$250-400,False,153.0,Sometimes Available
1000496,Entire home/apt in Chelsea,500496,Host496,f,Manhattan,Chelsea,40.761896,-73.957824,Entire home/apt,159.61,7,11,2025-01-04,0.29,1,61,$150-250,False,608.0,Sometimes Available
1000497,Hotel room in Williamsburg,500497,Host497,f,Brooklyn,Williamsburg,40.68399,-73.953004,Hotel room,176.76,2,15,2025-10-10,1.12,1,62,$150-250,False,329.0,Sometimes Available
1000498,Private room in Flushing,500498,Host498,t,Queens,Flushing,40.716468,-73.808759,Private room,84.69,14,11,2025-09-09,0.94,1,95,$75-150,True,360.0,Sometimes Available
1000499,Entire home/apt in DUMBO,500499,Host499,f,Brooklyn,DUMBO,40.687956,-73.943133,Entire home/apt,218.0,1,2,2026-05-24,0.31,1,204,$150-250,False,103.0,Highly Available
1000500,Private room in Financial District,500500,Host500,f,Manhattan,Financial District,40.760531,-73.933025,Private room,129.54,1,19,2025-12-01,0.94,1,147,$75-150,False,277.0,Sometimes Available
1000501,Private room in Jamaica,500501,Host501,f,Queens,Jamaica,40.715451,-73.792539,Private room,107.11,7,48,2026-06-16,1.08,1,193,$75-150,False,80.0,Highly Available
1000502,Entire home/apt in Financial District,500502,Host502,f,Manhattan,Financial District,40.748639,-73.993129,Entire home/apt,170.55,1,40,2026-05-14,4.29,1,83,$150-250,False,113.0,Sometimes Available
1000503,Entire home/apt in Tottenville,500503,Host503,f,Staten Island,Tottenville,40.584601,-74.145898,Entire home/apt,71.81,30,26,2026-05-04,3.2,1,357,$0-75,False,123.0,Highly Available
1000504,Shared room in Fordham,500504,Host504,t,Bronx,Fordham,40.864819,-73.913119,Shared room,39.85,1,16,2026-05-13,1.25,10,233,$0-75,True,114.0,Highly Available
1000505,Entire home/apt in East Village,500505,Host505,t,Manhattan,East Village,40.760878,-73.953654,Entire home/apt,522.99,1,31,2026-05-24,1.18,1,28,$400+,True,103.0,Rarely Available
1000506,Shared room in Financial District,500506,Host506,t,Manhattan,Financial District,40.792268,-73.946553,Shared room,47.32,7,6,2026-01-12,0.19,1,178,$0-75,True,235.0,Sometimes Available
1000507,Private room in East Village,500507,Host507,f,Manhattan,East Village,40.789575,-73.969972,Private room,177.19,2,10,2026-03-27,0.63,1,110,$150-250,False,161.0,Sometimes Available
1000508,Entire home/apt in Crown Heights,500508,Host508,f,Brooklyn,Crown Heights,40.682478,-73.954621,Entire home/apt,98.8,3,28,2026-07-31,0.72,1,127,$75-150,False,35.0,Sometimes Available
1000509,Entire home/apt in Upper West Side,500509,Host509,f,Manhattan,Upper West Side,40.798064,-73.942161,Entire home/apt,317.53,2,47,2026-04-20,1.8,1,226,$250-400,False,137.0,Highly Available
1000510,Entire home/apt in Upper West Side,500510,Host510,f,Manhattan,Upper West Side,40.813146,-73.946087,Entire home/apt,175.25,1,28,2025-12-24,0.81,1,94,$150-250,False,254.0,Sometimes Available
1000511,Shared room in Midtown,500511,Host511,t,Manhattan,Midtown,40.782273,-73.957679,Shared room,58.04,1,41,2026-07-11,1.44,1,0,$0-75,True,55.0,Rarely Available
1000512,Private room in Upper West Side,500512,Host512,t,Manhattan,Upper West Side,40.737058,-73.988883,Private room,133.56,3,17,2026-07-21,0.63,1,19,$75-150,True,45.0,Rarely Available
1000513,Entire home/apt in Park Slope,500513,Host513,f,Brooklyn,Park Slope,40.633529,-73.954361,Entire home/apt,54.9,1,31,2026-05-29,2.18,1,195,$0-75,False,98.0,Highly Available
1000514,Entire home/apt in Chelsea,500514,Host514,f,Manhattan,Chelsea,40.778141,-73.967797,Entire home/apt,311.23,1,14,2025-12-08,0.35,2,221,$250-400,False,270.0,Highly Available
1000515,Private room in Bushwick,500515,Host515,f,Brooklyn,Bushwick,40.697631,-73.938502,Private room,175.32,1,26,2026-06-25,2.39,1,42,$150-250,False,71.0,Sometimes Available
1000516,Hotel room in Tottenville,500516,Host516,f,Staten Island,Tottenville,40.585782,-74.144189,Hotel room,133.83,7,23,2025-12-01,2.99,3,171,$75-150,False,277.0,Sometimes Available
1000517,Private room in Astoria,500517,Host517,f,Queens,Astoria,40.710125,-73.801759,Private room,20.0,3,0,,0.0,3,184,$0-75,False,,Highly Available
1000518,Private room in DUMBO,500518,Host518,f,Brooklyn,DUMBO,40.660581,-73.957843,Private room,124.99,14,53,2026-07-10,1.17,3,111,$75-150,False,56.0,Sometimes Available
1000519,Private room in Williamsburg,500519,Host519,f,Brooklyn,Williamsburg,40.697913,-73.976301,Private room,132.5,7,3,2026-05-29,0.26,1,29,$75-150,False,98.0,Rarely Available
1000520,Entire home/apt in Fordham,500520,Host520,f,Bronx,Fordham,40.817847,-73.867065,Entire home/apt,25.58,5,38,2025-07-14,1.94,1,133,$0-75,False,417.0,Sometimes Available
1000521,Entire home/apt in Long Island City,500521,Host521,f,Queens,Long Island City,40.730687,-73.806966,Entire home/apt,131.16,5,38,2026-07-07,1.83,1,0,$75-150,False,59.0,Rarely Available
1000522,Shared room in Tottenville,500522,Host522,f,Staten Island,Tottenville,40.595599,-74.174131,Shared room,20.0,3,2,2026-05-03,0.07,1,122,$0-75,False,124.0,Sometimes Available
1000523,Private room in Bedford-Stuyvesant,500523,Host523,f,Brooklyn,Bedford-Stuyvesant,40.691717,-73.987075,Private room,129.85,1,31,2026-07-26,1.15,3,237,$75-150,False,40.0,Highly Available
1000524,Entire home/apt in Upper West Side,500524,Host524,f,Manhattan,Upper West Side,40.77403,-73.933379,Entire home/apt,112.85,2,24,2026-03-19,0.65,1,100,$75-150,False,169.0,Sometimes Available
1000525,Private room in Bushwick,500525,Host525,f,Brooklyn,Bushwick,40.693288,-73.96149,Private room,51.34,1,47,2026-06-06,0.98,3,365,$0-75,False,90.0,Highly Available
1000526,Entire home/apt in Chelsea,500526,Host526,t,Manhattan,Chelsea,40.747293,-73.982587,Entire home/apt,399.06,3,5,2026-06-17,0.16,1,168,$250-400,True,79.0,Sometimes Available
1000527,Private room in Bedford-Stuyvesant,500527,Host527,f,Brooklyn,Bedford-Stuyvesant,40.696101,-73.946688,Private room,93.33,3,4,2025-11-10,0.11,1,199,$75-150,False,298.0,Highly Available
1000528,Entire home/apt in Jamaica,500528,Host528,f,Queens,Jamaica,40.70423,-73.805941,Entire home/apt,212.91,7,63,2025-11-05,6.06,1,157,$150-250,False,303.0,Sometimes Available
1000529,Entire home/apt in Astoria,500529,Host529,f,Queens,Astoria,40.747082,-73.76963,Entire home/apt,93.28,1,3,2026-02-15,0.33,2,37,$75-150,False,201.0,Sometimes Available
1000530,Private room in Park Slope,500530,Host530,f,Brooklyn,Park Slope,40.665009,-73.933425,Private room,138.67,1,27,2026-05-29,3.69,1,204,$75-150,False,98.0,Highly Available
1000531,Hotel room in Park Slope,500531,Host531,f,Brooklyn,Park Slope,40.677892,-73.909695,Hotel room,317.82,1,7,2026-04-26,0.16,1,152,$250-400,False,131.0,Sometimes Available
1000532,Entire home/apt in Chelsea,500532,Host532,f,Manhattan,Chelsea,40.754559,-73.944953,Entire home/apt,399.72,7,7,2026-05-29,0.23,5,95,$250-400,False,98.0,Sometimes Available
1000533,Entire home/apt in Harlem,500533,Host533,t,Manhattan,Harlem,40.762383,-74.008564,Entire home/apt,270.96,5,10,2026-07-21,1.59,1,96,$250-400,True,45.0,Sometimes Available
1000534,Entire home/apt in Upper West Side,500534,Host534,f,Manhattan,Upper West Side,40.772746,-73.988424,Entire home/apt,244.05,3,66,2026-07-14,10.6,1,234,$150-250,False,52.0,Highly Available
1000535,Private room in Mott Haven,500535,Host535,t,Bronx,Mott Haven,40.842514,-73.892608,Private room,20.95,3,18,2026-03-20,0.49,1,24,$0-75,True,168.0,Rarely Available
1000536,Private room in Tottenville,500536,Host536,f,Staten Island,Tottenville,40.562076,-74.133335,Private room,79.6,3,4,2026-06-28,0.11,1,70,$75-150,False,68.0,Sometimes Available
1000537,Private room in Riverdale,500537,Host537,f,Bronx,Riverdale,40.859926,-73.887923,Private room,76.47,30,18,2026-06-13,0.46,2,163,$75-150,False,83.0,Sometimes Available
1000538,Entire home/apt in Financial District,500538,Host538,t,Manhattan,Financial District,40.775669,-73.957334,Entire home/apt,266.08,2,0,,0.0,3,152,$250-400,True,,Sometimes Available
1000539,Entire home/apt in Crown Heights,500539,Host539,t,Brooklyn,Crown Heights,40.658303,-73.93263,Entire home/apt,102.91,14,23,2025-12-12,0.51,1,325,$75-150,True,266.0,Highly Available
1000540,Entire home/apt in Hell's Kitchen,500540,Host540,f,Manhattan,Hell's Kitchen,40.742481,-73.968832,Entire home/apt,374.41,1,6,2026-07-01,0.72,1,199,$250-400,False,65.0,Highly Available
1000541,Entire home/apt in Fordham,500541,Host541,t,Bronx,Fordham,40.807454,-73.919546,Entire home/apt,127.81,5,20,2026-05-25,0.48,3,164,$75-150,True,102.0,Sometimes Available
1000542,Entire home/apt in Hell's Kitchen,500542,Host542,t,Manhattan,Hell's Kitchen,40.784336,-73.947658,Entire home/apt,553.4843000000001,2,50,2026-05-19,1.67,1,46,$400+,True,108.0,Sometimes Available
1000543,Entire home/apt in Long Island City,500543,Host543,t,Queens,Long Island City,40.716955,-73.815943,Entire home/apt,210.4,2,13,2026-07-06,0.56,1,223,$150-250,True,60.0,Highly Available
1000544,Private room in DUMBO,500544,Host544,f,Brooklyn,DUMBO,40.708567,-73.95441,Private room,137.64,3,51,2026-06-03,7.67,1,238,$75-150,False,93.0,Highly Available
1000545,Private room in East Village,500545,Host545,f,Manhattan,East Village,40.772951,-73.933713,Private room,313.76,14,16,2026-07-23,0.53,2,145,$250-400,False,43.0,Sometimes Available
1000546,Entire home/apt in Riverdale,500546,Host546,f,Bronx,Riverdale,40.82787,-73.860311,Entire home/apt,131.41,1,7,2026-07-16,0.18,1,113,$75-150,False,50.0,Sometimes Available
1000547,Private room in Park Slope,500547,Host547,f,Brooklyn,Park Slope,40.686747,-73.945182,Private room,74.22,3,36,2026-07-19,1.45,1,329,$0-75,False,47.0,Highly Available
1000548,Shared room in Hell's Kitchen,500548,Host548,f,Manhattan,Hell's Kitchen,40.764606,-73.978157,Shared room,111.73,5,4,2026-06-13,0.1,2,100,$75-150,False,83.0,Sometimes Available
1000549,Hotel room in Greenpoint,500549,Host549,f,Brooklyn,Greenpoint,40.657512,-73.953619,Hotel room,530.45,1,58,2026-03-24,1.24,10,242,$400+,False,164.0,Highly Available
1000550,Entire home/apt in Hell's Kitchen,500550,Host550,f,Manhattan,Hell's Kitchen,40.823838,-73.986348,Entire home/apt,272.34,7,4,2026-07-16,0.52,3,256,$250-400,False,50.0,Highly Available
1000551,Private room in Financial District,500551,Host551,f,Manhattan,Financial District,40.770358,-73.972045,Private room,194.17,1,7,2026-06-10,1.03,1,166,$150-250,False,86.0,Sometimes Available
1000552,Entire home/apt in Midtown,500552,Host552,f,Manhattan,Midtown,40.752182,-73.957425,Entire home/apt,364.21,2,38,2025-12-26,0.98,1,37,$250-400,False,252.0,Sometimes Available
1000553,Private room in Upper West Side,500553,Host553,f,Manhattan,Upper West Side,40.771831,-73.988402,Private room,149.58,1,30,2025-01-12,0.81,1,194,$75-150,False,600.0,Highly Available
1000554,Entire home/apt in East Village,500554,Host554,f,Manhattan,East Village,40.759646,-73.926916,Entire home/apt,252.91,2,25,2026-05-17,1.63,1,153,$250-400,False,110.0,Sometimes Available
1000555,Entire home/apt in Riverdale,500555,Host555,f,Bronx,Riverdale,40.805836,-73.857621,Entire home/apt,160.41,5,6,2026-07-25,0.93,2,0,$150-250,False,41.0,Rarely Available
1000556,Private room in Astoria,500556,Host556,t,Queens,Astoria,40.709482,-73.796273,Private room,60.76,1,90,2026-03-08,1.91,1,95,$0-75,True,180.0,Sometimes Available
1000557,Entire home/apt in Flushing,500557,Host557,f,Queens,Flushing,40.700383,-73.771106,Entire home/apt,99.55,5,60,2026-07-08,1.8,2,341,$75-150,False,58.0,Highly Available
1000558,Entire home/apt in Riverdale,500558,Host558,f,Bronx,Riverdale,40.841941,-73.851373,Entire home/apt,76.56,1,31,2026-04-26,3.48,1,212,$75-150,False,131.0,Highly Available
1000559,Entire home/apt in Fordham,500559,Host559,t,Bronx,Fordham,40.833567,-73.86403,Entire home/apt,83.06,3,27,2025-11-16,0.59,1,99,$75-150,True,292.0,Sometimes Available
1000560,Entire home/apt in Crown Heights,500560,Host560,f,Brooklyn,Crown Heights,40.676412,-73.933817,Entire home/apt,239.67,5,3,2026-06-04,0.18,2,121,$150-250,False,92.0,Sometimes Available
1000561,Private room in Upper West Side,500561,Host561,f,Manhattan,Upper West Side,40.765504,-73.964398,Private room,140.89,2,8,2026-04-05,0.22,1,76,$75-150,False,152.0,Sometimes Available
1000562,Entire home/apt in Midtown,500562,Host562,f,Manhattan,Midtown,40.777658,-73.96221,Entire home/apt,165.77,7,6,2026-07-25,0.16,1,189,$150-250,False,41.0,Highly Available
1000563,Private room in Bushwick,500563,Host563,f,Brooklyn,Bushwick,40.68675,-73.955838,Private room,91.39,2,0,,0.0,1,346,$75-150,False,,Highly Available
1000564,Private room in Upper West Side,500564,Host564,f,Manhattan,Upper West Side,40.806017,-73.975322,Private room,253.9,14,39,2025-07-03,2.87,1,60,$250-400,False,428.0,Sometimes Available
1000565,Entire home/apt in DUMBO,500565,Host565,f,Brooklyn,DUMBO,40.702255,-73.951073,Entire home/apt,99.66,7,2,2026-03-25,0.04,1,318,$75-150,False,163.0,Highly Available
1000566,Entire home/apt in Hell's Kitchen,500566,Host566,f,Manhattan,Hell's Kitchen,40.764092,-73.976457,Entire home/apt,224.2,1,136,2026-06-08,7.5,5,101,$150-250,False,88.0,Sometimes Available
1000567,Entire home/apt in Crown Heights,500567,Host567,f,Brooklyn,Crown Heights,40.691293,-73.915816,Entire home/apt,285.47,5,21,2026-07-18,0.6,1,350,$250-400,False,48.0,Highly Available
1000568,Entire home/apt in Williamsburg,500568,Host568,f,Brooklyn,Williamsburg,40.671706,-73.966715,Entire home/apt,137.0,1,4,2026-04-24,0.11,1,154,$75-150,False,133.0,Sometimes Available
1000569,Private room in Long Island City,500569,Host569,f,Queens,Long Island City,40.729281,-73.788398,Private room,38.9,1,10,2026-08-01,0.77,2,191,$0-75,False,34.0,Highly Available
1000570,Entire home/apt in Crown Heights,500570,Host570,f,Brooklyn,Crown Heights,40.695361,-73.94958,Entire home/apt,51.33,14,2,2026-06-09,0.25,1,287,$0-75,False,87.0,Highly Available
1000571,Private room in DUMBO,500571,Host571,f,Brooklyn,DUMBO,40.69007,-73.968464,Private room,101.46,1,24,2026-01-24,1.03,10,104,$75-150,False,223.0,Sometimes Available
1000572,Entire home/apt in DUMBO,500572,Host572,t,Brooklyn,DUMBO,40.686976,-73.954708,Entire home/apt,347.44,2,3,2026-04-11,0.07,1,38,$250-400,True,146.0,Sometimes Available
1000573,Entire home/apt in Chelsea,500573,Host573,f,Manhattan,Chelsea,40.759951,-73.959455,Entire home/apt,185.45,7,14,2026-07-24,2.07,5,152,$150-250,False,42.0,Sometimes Available
1000574,Shared room in Flushing,500574,Host574,t,Queens,Flushing,40.670266,-73.764862,Shared room,27.95,1,0,,0.0,1,361,$0-75,True,,Highly Available
1000575,Entire home/apt in Tottenville,500575,Host575,f,Staten Island,Tottenville,40.61033,-74.151324,Entire home/apt,143.7,2,7,2026-02-18,0.97,1,0,$75-150,False,198.0,Rarely Available
1000576,Entire home/apt in Midtown,500576,Host576,t,Manhattan,Midtown,40.811565,-73.991578,Entire home/apt,454.59,5,5,2026-07-09,0.15,3,206,$400+,True,57.0,Highly Available
1000577,Entire home/apt in Greenpoint,500577,Host577,f,Brooklyn,Greenpoint,40.703777,-73.929424,Entire home/apt,161.02,2,15,2025-06-14,0.38,1,174,$150-250,False,447.0,Sometimes Available
1000578,Entire home/apt in Hell's Kitchen,500578,Host578,f,Manhattan,Hell's Kitchen,40.786023,-73.979195,Entire home/apt,351.95,14,44,2026-05-17,1.66,1,219,$250-400,False,110.0,Highly Available
1000579,Entire home/apt in Financial District,500579,Host579,f,Manhattan,Financial District,40.751155,-73.981086,Entire home/apt,427.63,2,39,2026-06-04,1.22,1,0,$400+,False,92.0,Rarely Available
1000580,Entire home/apt in Park Slope,500580,Host580,f,Brooklyn,Park Slope,40.67784,-73.959743,Entire home/apt,127.8,3,47,2026-07-21,2.79,1,199,$75-150,False,45.0,Highly Available
1000581,Entire home/apt in Tottenville,500581,Host581,f,Staten Island,Tottenville,40.60225,-74.130149,Entire home/apt,125.66,3,11,2025-12-20,0.63,1,94,$75-150,False,258.0,Sometimes Available
1000582,Entire home/apt in Ridgewood,500582,Host582,t,Queens,Ridgewood,40.68701,-73.763706,Entire home/apt,102.61,2,14,2026-02-03,0.3,1,78,$75-150,True,213.0,Sometimes Available
1000583,Entire home/apt in Financial District,500583,Host583,f,Manhattan,Financial District,40.754601,-73.971417,Entire home/apt,322.51,14,13,2026-07-29,0.33,1,250,$250-400,False,37.0,Highly Available
1000584,Entire home/apt in Greenpoint,500584,Host584,t,Brooklyn,Greenpoint,40.655271,-73.921875,Entire home/apt,60.38,3,13,2026-03-14,0.75,1,215,$0-75,True,174.0,Highly Available
1000585,Private room in Upper West Side,500585,Host585,f,Manhattan,Upper West Side,40.757079,-73.954337,Private room,156.49,3,14,2026-06-14,0.31,1,191,$150-250,False,82.0,Highly Available
1000586,Entire home/apt in Tottenville,500586,Host586,f,Staten Island,Tottenville,40.602529,-74.155554,Entire home/apt,79.89,3,83,2026-07-12,8.29,1,253,$75-150,False,54.0,Highly Available
1000587,Entire home/apt in Hell's Kitchen,500587,Host587,f,Manhattan,Hell's Kitchen,40.777344,-73.987181,Entire home/apt,48.94,1,36,2026-06-22,5.33,5,159,$0-75,False,74.0,Sometimes Available
1000588,Entire home/apt in Harlem,500588,Host588,f,Manhattan,Harlem,40.761942,-73.988432,Entire home/apt,82.42,1,8,2025-10-08,0.17,1,202,$75-150,False,331.0,Highly Available
1000589,Private room in DUMBO,500589,Host589,f,Brooklyn,DUMBO,40.675063,-73.919671,Private room,69.63,1,78,2026-07-12,1.74,1,281,$0-75,False,54.0,Highly Available
1000590,Private room in Harlem,500590,Host590,t,Manhattan,Harlem,40.742009,-73.953931,Private room,28.05,3,86,2026-07-09,8.61,1,0,$0-75,True,57.0,Rarely Available
1000591,Private room in Flushing,500591,Host591,t,Queens,Flushing,40.735476,-73.833454,Private room,126.63,7,40,2024-12-17,0.96,1,137,$75-150,True,626.0,Sometimes Available
1000592,Private room in Hell's Kitchen,500592,Host592,f,Manhattan,Hell's Kitchen,40.755442,-73.985269,Private room,215.21,7,26,2026-05-22,0.6,3,365,$150-250,False,105.0,Highly Available
1000593,Entire home/apt in Bedford-Stuyvesant,500593,Host593,t,Brooklyn,Bedford-Stuyvesant,40.697761,-73.951183,Entire home/apt,71.77,30,7,2026-06-18,0.35,1,9,$0-75,True,78.0,Rarely Available
1000594,Entire home/apt in Astoria,500594,Host594,f,Queens,Astoria,40.724091,-73.83648,Entire home/apt,152.87,7,0,,0.0,1,240,$150-250,False,,Highly Available
1000595,Entire home/apt in Park Slope,500595,Host595,f,Brooklyn,Park Slope,40.67367,-73.973223,Entire home/apt,220.21,5,43,2026-07-12,1.0,1,365,$150-250,False,54.0,Highly Available
1000596,Entire home/apt in Bushwick,500596,Host596,f,Brooklyn,Bushwick,40.678176,-73.952444,Entire home/apt,93.51,14,79,2026-06-24,7.82,1,282,$75-150,False,72.0,Highly Available
1000597,Entire home/apt in Long Island City,500597,Host597,f,Queens,Long Island City,40.755985,-73.826805,Entire home/apt,185.64,2,8,2026-01-03,0.2,1,127,$150-250,False,244.0,Sometimes Available
1000598,Entire home/apt in Harlem,500598,Host598,f,Manhattan,Harlem,40.789696,-73.990272,Entire home/apt,194.09,14,22,2026-07-18,0.95,5,283,$150-250,False,48.0,Highly Available
1000599,Entire home/apt in Riverdale,500599,Host599,t,Bronx,Riverdale,40.836855,-73.908529,Entire home/apt,28.86,2,20,2026-06-28,0.68,1,0,$0-75,True,68.0,Rarely Available
1000600,Entire home/apt in Hell's Kitchen,500600,Host600,f,Manhattan,Hell's Kitchen,40.760559,-73.936459,Entire home/apt,553.4843000000001,2,58,2026-06-02,1.21,10,149,$400+,False,94.0,Sometimes Available
1000601,Entire home/apt in DUMBO,500601,Host601,f,Brooklyn,DUMBO,40.679841,-73.934475,Entire home/apt,152.16,1,0,,0.0,1,6,$150-250,False,,Rarely Available
1000602,Entire home/apt in Park Slope,500602,Host602,f,Brooklyn,Park Slope,40.680004,-73.898639,Entire home/apt,322.59,3,34,2026-07-04,0.77,3,0,$250-400,False,62.0,Rarely Available
1000603,Private room in Ridgewood,500603,Host603,t,Queens,Ridgewood,40.705135,-73.798963,Private room,122.34,14,44,2026-03-26,1.37,1,265,$75-150,True,162.0,Highly Available
1000604,Entire home/apt in Jamaica,500604,Host604,f,Queens,Jamaica,40.748217,-73.723419,Entire home/apt,127.86,1,22,2026-07-26,0.71,1,173,$75-150,False,40.0,Sometimes Available
1000605,Entire home/apt in Chelsea,500605,Host605,t,Manhattan,Chelsea,40.76528,-73.939812,Entire home/apt,287.55,1,37,2026-06-04,0.9,1,191,$250-400,True,92.0,Highly Available
1000606,Private room in Ridgewood,500606,Host606,f,Queens,Ridgewood,40.716919,-73.794229,Private room,43.8,1,0,,0.0,1,58,$0-75,False,,Sometimes Available
1000607,Entire home/apt in Crown Heights,500607,Host607,f,Brooklyn,Crown Heights,40.669812,-73.939387,Entire home/apt,122.02,7,9,2026-05-11,0.27,1,277,$75-150,False,116.0,Highly Available
1000608,Shared room in Ridgewood,500608,Host608,f,Queens,Ridgewood,40.737322,-73.806067,Shared room,111.98,1,0,,0.0,1,168,$75-150,False,,Sometimes Available
1000609,Entire home/apt in Crown Heights,500609,Host609,f,Brooklyn,Crown Heights,40.704,-73.924794,Entire home/apt,153.28,1,3,2026-06-11,0.21,1,276,$150-250,False,85.0,Highly Available
1000610,Entire home/apt in Bedford-Stuyvesant,500610,Host610,f,Brooklyn,Bedford-Stuyvesant,40.702373,-73.941559,Entire home/apt,68.64,1,86,2026-06-04,2.42,1,123,$0-75,False,92.0,Sometimes Available
1000611,Entire home/apt in Park Slope,500611,Host611,t,Brooklyn,Park Slope,40.669404,-73.932222,Entire home/apt,187.72,1,17,2026-04-21,0.56,3,348,$150-250,True,136.0,Highly Available
1000612,Entire home/apt in Riverdale,500612,Host612,f,Bronx,Riverdale,40.819781,-73.881297,Entire home/apt,114.96,1,18,2026-05-24,0.67,1,150,$75-150,False,103.0,Sometimes Available
1000613,Private room in Park Slope,500613,Host613,f,Brooklyn,Park Slope,40.685827,-73.960703,Private room,113.3,3,13,2025-10-07,0.44,1,260,$75-150,False,332.0,Highly Available
1000614,Private room in Chelsea,500614,Host614,f,Manhattan,Chelsea,40.773812,-73.984503,Private room,172.98,1,42,2026-04-29,0.93,5,97,$150-250,False,128.0,Sometimes Available
1000615,Entire home/apt in Bedford-Stuyvesant,500615,Host615,f,Brooklyn,Bedford-Stuyvesant,40.668969,-73.963121,Entire home/apt,210.06,3,17,2026-06-15,2.08,5,117,$150-250,False,81.0,Sometimes Available
1000616,Private room in Upper West Side,500616,Host616,f,Manhattan,Upper West Side,40.775298,-73.988079,Private room,278.36,3,107,2026-07-03,2.91,2,297,$250-400,False,63.0,Highly Available
1000617,Entire home/apt in Bedford-Stuyvesant,500617,Host617,f,Brooklyn,Bedford-Stuyvesant,40.650718,-73.954638,Entire home/apt,286.76,3,44,2026-07-11,3.49,1,365,$250-400,False,55.0,Highly Available
1000618,Entire home/apt in Hell's Kitchen,500618,Host618,t,Manhattan,Hell's Kitchen,40.763898,-73.954949,Entire home/apt,315.83,3,11,2026-06-17,0.29,5,101,$250-400,True,79.0,Sometimes Available
1000619,Private room in Financial District,500619,Host619,f,Manhattan,Financial District,40.798368,-73.99837,Private room,177.94,7,0,,0.0,1,0,$150-250,False,,Rarely Available
1000620,Entire home/apt in Long Island City,500620,Host620,f,Queens,Long Island City,40.757058,-73.837706,Entire home/apt,93.34,3,77,2026-07-08,2.0,2,212,$75-150,False,58.0,Highly Available
1000621,Entire home/apt in Astoria,500621,Host621,f,Queens,Astoria,40.772369,-73.811598,Entire home/apt,86.49,3,29,2026-02-04,1.34,1,92,$75-150,False,212.0,Sometimes Available
1000622,Entire home/apt in DUMBO,500622,Host622,t,Brooklyn,DUMBO,40.679061,-73.926694,Entire home/apt,71.51,1,16,2025-05-02,0.87,1,208,$0-75,True,490.0,Highly Available
1000623,Private room in Astoria,500623,Host623,f,Queens,Astoria,40.739534,-73.767294,Private room,133.02,1,3,2026-03-25,0.08,3,365,$75-150,False,163.0,Highly Available
1000624,Private room in Park Slope,500624,Host624,t,Brooklyn,Park Slope,40.640602,-73.962344,Private room,131.72,1,18,2024-09-04,0.82,1,107,$75-150,True,730.0,Sometimes Available
1000625,Private room in Flushing,500625,Host625,f,Queens,Flushing,40.722037,-73.827048,Private room,156.94,7,33,2025-05-11,2.22,1,109,$150-250,False,481.0,Sometimes Available
1000626,Entire home/apt in Upper West Side,500626,Host626,f,Manhattan,Upper West Side,40.778513,-73.965744,Entire home/apt,286.14,1,2,2026-06-09,0.05,10,147,$250-400,False,87.0,Sometimes Available
1000627,Private room in Chelsea,500627,Host627,t,Manhattan,Chelsea,40.782195,-73.961485,Private room,173.69,2,15,2026-07-16,0.9,1,208,$150-250,True,50.0,Highly Available
1000628,Private room in Crown Heights,500628,Host628,f,Brooklyn,Crown Heights,40.711142,-73.952353,Private room,124.38,1,67,2026-02-17,1.88,1,236,$75-150,False,199.0,Highly Available
1000629,Shared room in Crown Heights,500629,Host629,f,Brooklyn,Crown Heights,40.701729,-73.981828,Shared room,72.29,1,16,2026-06-22,0.45,1,2,$0-75,False,74.0,Rarely Available
1000630,Entire home/apt in Flushing,500630,Host630,f,Queens,Flushing,40.748401,-73.753569,Entire home/apt,98.34,5,14,2026-01-19,0.52,1,29,$75-150,False,228.0,Rarely Available
1000631,Private room in Park Slope,500631,Host631,f,Brooklyn,Park Slope,40.694266,-73.960877,Private room,243.95,2,81,2025-08-06,3.45,1,103,$150-250,False,394.0,Sometimes Available
1000632,Entire home/apt in Bedford-Stuyvesant,500632,Host632,f,Brooklyn,Bedford-Stuyvesant,40.686734,-73.965665,Entire home/apt,334.48,5,11,2026-07-29,0.24,1,193,$250-400,False,37.0,Highly Available
1000633,Entire home/apt in Crown Heights,500633,Host633,t,Brooklyn,Crown Heights,40.710786,-73.922426,Entire home/apt,303.24,2,3,2025-09-12,0.11,1,0,$250-400,True,357.0,Rarely Available
1000634,Entire home/apt in Williamsburg,500634,Host634,t,Brooklyn,Williamsburg,40.668785,-73.945208,Entire home/apt,161.11,2,8,2026-06-25,0.28,1,205,$150-250,True,71.0,Highly Available
1000635,Entire home/apt in Astoria,500635,Host635,f,Queens,Astoria,40.734726,-73.808741,Entire home/apt,93.02,3,0,,0.0,1,73,$75-150,False,,Sometimes Available
1000636,Entire home/apt in Flushing,500636,Host636,f,Queens,Flushing,40.67521,-73.790603,Entire home/apt,123.33,7,16,2026-07-13,1.09,2,289,$75-150,False,53.0,Highly Available
1000637,Private room in Riverdale,500637,Host637,f,Bronx,Riverdale,40.803718,-73.868335,Private room,20.0,5,65,2026-01-23,2.99,1,185,$0-75,False,224.0,Highly Available
1000638,Private room in Crown Heights,500638,Host638,f,Brooklyn,Crown Heights,40.656906,-73.945345,Private room,147.13,7,65,2026-02-22,2.84,3,365,$75-150,False,194.0,Highly Available
1000639,Private room in Mott Haven,500639,Host639,f,Bronx,Mott Haven,40.854269,-73.886311,Private room,52.27,2,29,2026-03-08,1.45,1,147,$0-75,False,180.0,Sometimes Available
1000640,Entire home/apt in Crown Heights,500640,Host640,f,Brooklyn,Crown Heights,40.694573,-73.958925,Entire home/apt,324.31,5,52,2026-06-10,3.45,2,164,$250-400,False,86.0,Sometimes Available
1000641,Private room in Bushwick,500641,Host641,f,Brooklyn,Bushwick,40.652968,-73.963556,Private room,52.52,1,9,2026-03-02,0.32,1,43,$0-75,False,186.0,Sometimes Available
1000642,Hotel room in DUMBO,500642,Host642,f,Brooklyn,DUMBO,40.702462,-73.933519,Hotel room,223.85,7,68,2026-05-18,1.65,1,257,$150-250,False,109.0,Highly Available
1000643,Private room in St. George,500643,Host643,f,Staten Island,St. George,40.579361,-74.126787,Private room,82.87,7,40,2026-05-12,0.88,1,159,$75-150,False,115.0,Sometimes Available
1000644,Entire home/apt in Long Island City,500644,Host644,f,Queens,Long Island City,40.702316,-73.808803,Entire home/apt,114.45,1,31,2026-05-12,1.06,3,253,$75-150,False,115.0,Highly Available
1000645,Hotel room in Bushwick,500645,Host645,f,Brooklyn,Bushwick,40.65549,-73.942129,Hotel room,141.19,7,4,2025-10-21,0.09,1,142,$75-150,False,318.0,Sometimes Available
1000646,Private room in Greenpoint,500646,Host646,f,Brooklyn,Greenpoint,40.696633,-73.936093,Private room,234.16,7,35,2025-12-05,4.14,10,101,$150-250,False,273.0,Sometimes Available
1000647,Entire home/apt in Upper West Side,500647,Host647,t,Manhattan,Upper West Side,40.811921,-73.962988,Entire home/apt,193.06,2,22,2026-07-18,1.62,1,246,$150-250,True,48.0,Highly Available
1000648,Entire home/apt in East Village,500648,Host648,f,Manhattan,East Village,40.792324,-73.992171,Entire home/apt,501.95,3,37,2026-07-23,2.63,1,165,$400+,False,43.0,Sometimes Available
1000649,Entire home/apt in Bushwick,500649,Host649,f,Brooklyn,Bushwick,40.682966,-73.959065,Entire home/apt,135.66,7,27,2026-03-02,1.33,1,164,$75-150,False,186.0,Sometimes Available
1000650,Entire home/apt in Midtown,500650,Host650,t,Manhattan,Midtown,40.780048,-74.002139,Entire home/apt,157.57,3,8,2026-05-31,0.27,1,0,$150-250,True,96.0,Rarely Available
1000651,Entire home/apt in Midtown,500651,Host651,t,Manhattan,Midtown,40.74562,-73.942729,Entire home/apt,229.48,1,56,2025-12-29,1.7,2,162,$150-250,True,249.0,Sometimes Available
1000652,Private room in St. George,500652,Host652,f,Staten Island,St. George,40.59995,-74.169914,Private room,89.16,7,43,2026-06-20,3.09,1,96,$75-150,False,76.0,Sometimes Available
1000653,Entire home/apt in Midtown,500653,Host653,f,Manhattan,Midtown,40.783842,-73.980354,Entire home/apt,60.72,1,89,2026-07-15,13.49,1,56,$0-75,False,51.0,Sometimes Available
1000654,Entire home/apt in Riverdale,500654,Host654,f,Bronx,Riverdale,40.835093,-73.851394,Entire home/apt,120.36,2,51,2026-07-30,1.51,1,117,$75-150,False,36.0,Sometimes Available
1000655,Private room in Astoria,500655,Host655,f,Queens,Astoria,40.704458,-73.760948,Private room,40.6,1,32,2026-04-15,2.89,1,258,$0-75,False,142.0,Highly Available
1000656,Entire home/apt in Upper West Side,500656,Host656,t,Manhattan,Upper West Side,40.77645,-74.016551,Entire home/apt,218.58,7,57,2026-07-20,1.77,1,80,$150-250,True,46.0,Sometimes Available
1000657,Entire home/apt in Financial District,500657,Host657,t,Manhattan,Financial District,40.77671,-73.963497,Entire home/apt,299.85,1,1,2025-08-06,0.04,1,283,$250-400,True,394.0,Highly Available
1000658,Entire home/apt in St. George,500658,Host658,f,Staten Island,St. George,40.614658,-74.155947,Entire home/apt,44.66,2,18,2026-07-07,1.96,1,236,$0-75,False,59.0,Highly Available
1000659,Entire home/apt in Crown Heights,500659,Host659,t,Brooklyn,Crown Heights,40.669058,-73.955294,Entire home/apt,232.83,1,11,2026-06-09,0.43,10,148,$150-250,True,87.0,Sometimes Available
1000660,Entire home/apt in Harlem,500660,Host660,f,Manhattan,Harlem,40.77534,-73.981347,Entire home/apt,475.45,3,5,2026-06-14,0.24,1,217,$400+,False,82.0,Highly Available
1000661,Private room in St. George,500661,Host661,f,Staten Island,St. George,40.584666,-74.127648,Private room,28.85,1,25,2025-11-18,1.42,1,31,$0-75,False,290.0,Sometimes Available
1000662,Entire home/apt in Midtown,500662,Host662,t,Manhattan,Midtown,40.745346,-73.993572,Entire home/apt,454.05,2,43,2026-07-26,1.88,1,0,$400+,True,40.0,Rarely Available
1000663,Entire home/apt in Astoria,500663,Host663,f,Queens,Astoria,40.714641,-73.754504,Entire home/apt,45.45,1,13,2026-02-08,1.46,1,40,$0-75,False,208.0,Sometimes Available
1000664,Entire home/apt in Upper West Side,500664,Host664,f,Manhattan,Upper West Side,40.778494,-73.978401,Entire home/apt,173.88,1,6,2026-07-10,0.26,1,0,$150-250,False,56.0,Rarely Available
1000665,Entire home/apt in Long Island City,500665,Host665,f,Queens,Long Island City,40.711535,-73.804303,Entire home/apt,93.21,2,12,2026-03-07,0.48,10,99,$75-150,False,181.0,Sometimes Available
1000666,Entire home/apt in Fordham,500666,Host666,f,Bronx,Fordham,40.846501,-73.868676,Entire home/apt,152.51,3,40,2025-07-21,1.67,1,143,$150-250,False,410.0,Sometimes Available
1000667,Entire home/apt in Financial District,500667,Host667,f,Manhattan,Financial District,40.779256,-73.941099,Entire home/apt,256.19,2,17,2026-03-21,0.87,1,112,$250-400,False,167.0,Sometimes Available
1000668,Private room in Greenpoint,500668,Host668,f,Brooklyn,Greenpoint,40.664749,-73.974526,Private room,130.73,3,63,2025-09-15,2.91,3,151,$75-150,False,354.0,Sometimes Available
1000669,Entire home/apt in Mott Haven,500669,Host669,f,Bronx,Mott Haven,40.830284,-73.908424,Entire home/apt,169.31,1,30,2026-06-04,0.77,1,56,$150-250,False,92.0,Sometimes Available
1000670,Entire home/apt in DUMBO,500670,Host670,f,Brooklyn,DUMBO,40.647439,-73.954958,Entire home/apt,122.4,5,1,2026-05-19,0.02,1,365,$75-150,False,108.0,Highly Available
1000671,Entire home/apt in Harlem,500671,Host671,f,Manhattan,Harlem,40.776605,-73.999547,Entire home/apt,123.15,1,57,2026-07-05,2.04,1,274,$75-150,False,61.0,Highly Available
1000672,Entire home/apt in Flushing,500672,Host672,f,Queens,Flushing,40.713974,-73.811516,Entire home/apt,34.85,1,49,2026-05-11,2.91,1,74,$0-75,False,116.0,Sometimes Available
1000673,Private room in Chelsea,500673,Host673,f,Manhattan,Chelsea,40.741867,-73.97725,Private room,145.35,1,4,2026-07-16,0.2,1,28,$75-150,False,50.0,Rarely Available
1000674,Private room in Ridgewood,500674,Host674,f,Queens,Ridgewood,40.745837,-73.816266,Private room,147.99,1,25,2026-03-16,3.91,1,249,$75-150,False,172.0,Highly Available
1000675,Private room in Ridgewood,500675,Host675,t,Queens,Ridgewood,40.738855,-73.79054,Private room,87.71,5,21,2026-07-24,0.44,1,259,$75-150,True,42.0,Highly Available
1000676,Shared room in Harlem,500676,Host676,t,Manhattan,Harlem,40.772559,-73.942237,Shared room,107.51,30,4,2026-05-28,0.1,1,14,$75-150,True,99.0,Rarely Available
1000677,Entire home/apt in DUMBO,500677,Host677,f,Brooklyn,DUMBO,40.679763,-73.946823,Entire home/apt,107.03,1,14,2026-03-30,1.71,1,127,$75-150,False,158.0,Sometimes Available
1000678,Entire home/apt in Greenpoint,500678,Host678,f,Brooklyn,Greenpoint,40.665163,-73.979288,Entire home/apt,251.95,1,3,2026-05-18,0.19,2,194,$250-400,False,109.0,Highly Available
1000679,Private room in Hell's Kitchen,500679,Host679,f,Manhattan,Hell's Kitchen,40.732833,-73.983612,Private room,142.79,7,7,2026-04-15,0.18,5,184,$75-150,False,142.0,Highly Available
1000680,Private room in Greenpoint,500680,Host680,f,Brooklyn,Greenpoint,40.694418,-73.96223,Private room,53.34,5,16,2026-05-30,0.56,2,216,$0-75,False,97.0,Highly Available
1000681,Private room in Flushing,500681,Host681,t,Queens,Flushing,40.729251,-73.775672,Private room,125.44,5,42,2026-07-27,4.39,1,112,$75-150,True,39.0,Sometimes Available
1000682,Entire home/apt in Ridgewood,500682,Host682,f,Queens,Ridgewood,40.70119,-73.800397,Entire home/apt,39.0,7,18,2026-08-01,0.4,2,225,$0-75,False,34.0,Highly Available
1000683,Entire home/apt in Mott Haven,500683,Host683,f,Bronx,Mott Haven,40.869785,-73.924455,Entire home/apt,34.76,3,2,2026-04-26,0.24,1,163,$0-75,False,131.0,Sometimes Available
1000684,Entire home/apt in Greenpoint,500684,Host684,f,Brooklyn,Greenpoint,40.693636,-73.930798,Entire home/apt,109.68,1,20,2026-01-19,1.33,1,306,$75-150,False,228.0,Highly Available
1000685,Private room in St. George,500685,Host685,t,Staten Island,St. George,40.559002,-74.107128,Private room,59.1,3,62,2026-07-10,2.76,2,125,$0-75,True,56.0,Sometimes Available
1000686,Shared room in Riverdale,500686,Host686,f,Bronx,Riverdale,40.84575,-73.915451,Shared room,44.94,2,0,,0.0,1,123,$0-75,False,,Sometimes Available
1000687,Private room in Williamsburg,500687,Host687,f,Brooklyn,Williamsburg,40.657987,-73.961102,Private room,85.62,1,2,2026-02-17,0.08,1,114,$75-150,False,199.0,Sometimes Available
1000688,Private room in Crown Heights,500688,Host688,f,Brooklyn,Crown Heights,40.65924,-73.930598,Private room,51.31,2,39,2025-05-02,1.59,2,276,$0-75,False,490.0,Highly Available
1000689,Private room in Jamaica,500689,Host689,f,Queens,Jamaica,40.723225,-73.822315,Private room,100.2,1,34,2025-08-06,2.9,1,4,$75-150,False,394.0,Rarely Available
1000690,Entire home/apt in Bedford-Stuyvesant,500690,Host690,f,Brooklyn,Bedford-Stuyvesant,40.701569,-73.9258,Entire home/apt,329.78,3,6,2025-08-12,0.23,1,19,$250-400,False,388.0,Rarely Available
1000691,Shared room in Astoria,500691,Host691,f,Queens,Astoria,40.704523,-73.768898,Shared room,39.63,1,11,2026-07-29,0.55,1,192,$0-75,False,37.0,Highly Available
1000692,Private room in Flushing,500692,Host692,f,Queens,Flushing,40.764525,-73.792131,Private room,99.04,2,0,,0.0,1,15,$75-150,False,,Rarely Available
1000693,Entire home/apt in Jamaica,500693,Host693,f,Queens,Jamaica,40.751422,-73.788015,Entire home/apt,161.86,1,60,2025-11-22,1.38,1,294,$150-250,False,286.0,Highly Available
1000694,Entire home/apt in Park Slope,500694,Host694,f,Brooklyn,Park Slope,40.723444,-73.928076,Entire home/apt,257.4,7,18,2026-07-29,0.38,1,87,$250-400,False,37.0,Sometimes Available
1000695,Private room in Mott Haven,500695,Host695,f,Bronx,Mott Haven,40.867643,-73.914879,Private room,63.21,2,16,2026-07-28,0.65,1,166,$0-75,False,38.0,Sometimes Available
1000696,Entire home/apt in Financial District,500696,Host696,f,Manhattan,Financial District,40.763204,-74.002381,Entire home/apt,327.91,5,57,2026-04-03,1.41,1,122,$250-400,False,154.0,Sometimes Available
1000697,Entire home/apt in Fordham,500697,Host697,f,Bronx,Fordham,40.840294,-73.889769,Entire home/apt,130.75,5,13,2026-06-18,1.94,1,82,$75-150,False,78.0,Sometimes Available
1000698,Entire home/apt in Tottenville,500698,Host698,f,Staten Island,Tottenville,40.585419,-74.165575,Entire home/apt,27.25,5,6,2026-03-09,0.46,10,158,$0-75,False,179.0,Sometimes Available
1000699,Private room in Park Slope,500699,Host699,f,Brooklyn,Park Slope,40.691853,-73.96142,Private room,59.66,3,8,2025-10-08,1.14,1,0,$0-75,False,331.0,Rarely Available
1000700,Entire home/apt in Harlem,500700,Host700,f,Manhattan,Harlem,40.779777,-73.977637,Entire home/apt,553.4843000000001,2,24,2025-10-10,0.59,1,99,$400+,False,329.0,Sometimes Available
1000701,Private room in East Village,500701,Host701,f,Manhattan,East Village,40.707821,-73.990427,Private room,222.41,7,16,2026-06-27,1.19,1,60,$150-250,False,69.0,Sometimes Available
1000702,Private room in Chelsea,500702,Host702,f,Manhattan,Chelsea,40.755837,-73.993839,Private room,39.91,2,12,2026-05-20,0.27,1,125,$0-75,False,107.0,Sometimes Available
1000703,Entire home/apt in Crown Heights,500703,Host703,f,Brooklyn,Crown Heights,40.637661,-73.950322,Entire home/apt,184.4,2,29,2026-06-28,1.13,1,0,$150-250,False,68.0,Rarely Available
1000704,Private room in Hell's Kitchen,500704,Host704,f,Manhattan,Hell's Kitchen,40.791782,-73.981627,Private room,203.1,1,24,2026-05-05,1.29,1,254,$150-250,False,122.0,Highly Available
1000705,Shared room in Greenpoint,500705,Host705,f,Brooklyn,Greenpoint,40.678354,-73.969436,Shared room,33.08,3,32,2025-11-09,1.23,1,280,$0-75,False,299.0,Highly Available
1000706,Private room in Long Island City,500706,Host706,t,Queens,Long Island City,40.735985,-73.792184,Private room,70.91,1,0,,0.0,2,349,$0-75,True,,Highly Available
1000707,Private room in Park Slope,500707,Host707,f,Brooklyn,Park Slope,40.677052,-73.919255,Private room,33.15,14,2,2026-05-09,0.1,1,118,$0-75,False,118.0,Sometimes Available
1000708,Entire home/apt in Williamsburg,500708,Host708,f,Brooklyn,Williamsburg,40.694922,-73.943162,Entire home/apt,107.55,30,0,,0.0,1,34,$75-150,False,,Sometimes Available
1000709,Entire home/apt in Mott Haven,500709,Host709,f,Bronx,Mott Haven,40.826992,-73.897731,Entire home/apt,314.58,2,31,2026-03-02,0.69,1,273,$250-400,False,186.0,Highly Available
1000710,Private room in Williamsburg,500710,Host710,t,Brooklyn,Williamsburg,40.674805,-73.947648,Private room,96.04,2,13,2026-05-05,0.6,1,52,$75-150,True,122.0,Sometimes Available
1000711,Private room in Tottenville,500711,Host711,f,Staten Island,Tottenville,40.551011,-74.171692,Private room,150.81,1,33,2026-08-01,0.83,1,57,$150-250,False,34.0,Sometimes Available
1000712,Shared room in Harlem,500712,Host712,f,Manhattan,Harlem,40.756414,-73.983601,Shared room,184.19,5,18,2026-06-27,0.69,1,230,$150-250,False,69.0,Highly Available
1000713,Entire home/apt in Williamsburg,500713,Host713,f,Brooklyn,Williamsburg,40.688235,-73.925475,Entire home/apt,118.6,5,21,2026-05-29,2.16,2,53,$75-150,False,98.0,Sometimes Available
1000714,Shared room in Midtown,500714,Host714,f,Manhattan,Midtown,40.759796,-74.010365,Shared room,65.47,7,92,2026-02-09,2.16,1,365,$0-75,False,207.0,Highly Available
1000715,Entire home/apt in Crown Heights,500715,Host715,f,Brooklyn,Crown Heights,40.700424,-73.943853,Entire home/apt,150.55,3,53,2026-06-08,1.22,1,98,$150-250,False,88.0,Sometimes Available
1000716,Private room in Park Slope,500716,Host716,t,Brooklyn,Park Slope,40.716251,-73.952644,Private room,150.35,1,6,2026-01-04,0.15,1,62,$150-250,True,243.0,Sometimes Available
1000717,Private room in DUMBO,500717,Host717,f,Brooklyn,DUMBO,40.711722,-73.954808,Private room,60.98,3,19,2026-05-12,2.33,1,154,$0-75,False,115.0,Sometimes Available
1000718,Private room in Chelsea,500718,Host718,f,Manhattan,Chelsea,40.771789,-73.989369,Private room,89.94,7,20,2026-07-23,2.58,1,176,$75-150,False,43.0,Sometimes Available
1000719,Entire home/apt in Bedford-Stuyvesant,500719,Host719,f,Brooklyn,Bedford-Stuyvesant,40.697339,-73.949105,Entire home/apt,127.37,3,5,2026-06-16,0.2,2,0,$75-150,False,80.0,Rarely Available
1000720,Private room in Harlem,500720,Host720,f,Manhattan,Harlem,40.771794,-73.990125,Private room,160.27,3,33,2026-04-06,1.48,2,27,$150-250,False,151.0,Rarely Available
1000721,Entire home/apt in Hell's Kitchen,500721,Host721,t,Manhattan,Hell's Kitchen,40.770617,-73.903452,Entire home/apt,207.34,2,126,2026-05-04,3.44,1,0,$150-250,True,123.0,Rarely Available
1000722,Private room in St. George,500722,Host722,f,Staten Island,St. George,40.566483,-74.154787,Private room,85.13,14,4,2026-03-17,0.39,1,140,$75-150,False,171.0,Sometimes Available
1000723,Entire home/apt in Riverdale,500723,Host723,f,Bronx,Riverdale,40.852854,-73.882572,Entire home/apt,42.49,2,7,2026-07-31,0.2,1,67,$0-75,False,35.0,Sometimes Available
1000724,Entire home/apt in Bushwick,500724,Host724,f,Brooklyn,Bushwick,40.679286,-73.958387,Entire home/apt,239.35,3,31,2026-01-26,1.65,1,334,$150-250,False,221.0,Highly Available
1000725,Entire home/apt in Ridgewood,500725,Host725,f,Queens,Ridgewood,40.740398,-73.777901,Entire home/apt,134.69,5,7,2026-05-12,0.63,1,0,$75-150,False,115.0,Rarely Available
1000726,Shared room in Long Island City,500726,Host726,f,Queens,Long Island City,40.731862,-73.792223,Shared room,106.3,30,2,2025-12-02,0.18,1,173,$75-150,False,276.0,Sometimes Available
1000727,Entire home/apt in Long Island City,500727,Host727,f,Queens,Long Island City,40.781967,-73.788283,Entire home/apt,96.99,2,10,2026-02-22,1.02,1,50,$75-150,False,194.0,Sometimes Available
1000728,Private room in DUMBO,500728,Host728,t,Brooklyn,DUMBO,40.676156,-73.981271,Private room,106.04,1,12,2026-06-05,0.42,1,31,$75-150,True,91.0,Sometimes Available
1000729,Entire home/apt in Hell's Kitchen,500729,Host729,f,Manhattan,Hell's Kitchen,40.773703,-73.990405,Entire home/apt,385.55,1,30,2025-12-20,0.72,1,232,$250-400,False,258.0,Highly Available
1000730,Entire home/apt in Riverdale,500730,Host730,f,Bronx,Riverdale,40.83185,-73.895629,Entire home/apt,45.26,7,8,2026-05-16,0.58,1,242,$0-75,False,111.0,Highly Available
1000731,Entire home/apt in Hell's Kitchen,500731,Host731,f,Manhattan,Hell's Kitchen,40.791409,-73.998797,Entire home/apt,156.1,3,13,2026-07-21,0.78,1,197,$150-250,False,45.0,Highly Available
1000732,Entire home/apt in Midtown,500732,Host732,f,Manhattan,Midtown,40.782323,-73.979694,Entire home/apt,246.3,14,13,2026-04-15,0.28,1,231,$150-250,False,142.0,Highly Available
1000733,Entire home/apt in East Village,500733,Host733,t,Manhattan,East Village,40.78502,-73.938397,Entire home/apt,477.91,2,8,2026-05-04,0.25,1,259,$400+,True,123.0,Highly Available
1000734,Private room in Financial District,500734,Host734,f,Manhattan,Financial District,40.786076,-74.007798,Private room,170.27,3,67,2026-06-27,1.85,1,80,$150-250,False,69.0,Sometimes Available
1000735,Private room in Jamaica,500735,Host735,f,Queens,Jamaica,40.7513,-73.840113,Private room,80.25,3,68,2026-05-26,1.67,1,175,$75-150,False,101.0,Sometimes Available
1000736,Private room in Bushwick,500736,Host736,f,Brooklyn,Bushwick,40.693981,-73.926614,Private room,206.21,2,31,2026-05-19,1.31,1,10,$150-250,False,108.0,Rarely Available
1000737,Entire home/apt in Hell's Kitchen,500737,Host737,f,Manhattan,Hell's Kitchen,40.739589,-74.006589,Entire home/apt,154.35,7,23,2026-02-25,1.65,5,127,$150-250,False,191.0,Sometimes Available
1000738,Private room in Williamsburg,500738,Host738,f,Brooklyn,Williamsburg,40.669038,-73.955821,Private room,71.87,30,0,,0.0,2,113,$0-75,False,,Sometimes Available
1000739,Entire home/apt in East Village,500739,Host739,t,Manhattan,East Village,40.820192,-73.965607,Entire home/apt,319.93,30,2,2026-04-26,0.07,1,223,$250-400,True,131.0,Highly Available
1000740,Entire home/apt in Long Island City,500740,Host740,f,Queens,Long Island City,40.73536,-73.798811,Entire home/apt,122.36,14,21,2026-06-25,0.98,1,134,$75-150,False,71.0,Sometimes Available
1000741,Entire home/apt in Astoria,500741,Host741,f,Queens,Astoria,40.753864,-73.807168,Entire home/apt,149.15,2,47,2026-05-14,1.24,1,0,$75-150,False,113.0,Rarely Available
1000742,Entire home/apt in East Village,500742,Host742,f,Manhattan,East Village,40.783727,-73.947675,Entire home/apt,188.9,1,26,2026-03-01,3.84,1,108,$150-250,False,187.0,Sometimes Available
1000743,Private room in Harlem,500743,Host743,f,Manhattan,Harlem,40.764895,-73.947074,Private room,83.23,5,10,2026-01-23,0.28,1,137,$75-150,False,224.0,Sometimes Available
1000744,Entire home/apt in Bushwick,500744,Host744,t,Brooklyn,Bushwick,40.638458,-73.945297,Entire home/apt,367.93,7,7,2026-05-23,0.21,2,147,$250-400,True,104.0,Sometimes Available
1000745,Private room in Williamsburg,500745,Host745,f,Brooklyn,Williamsburg,40.674858,-73.947553,Private room,76.11,1,31,2026-01-08,1.51,2,175,$75-150,False,239.0,Sometimes Available
1000746,Entire home/apt in Crown Heights,500746,Host746,t,Brooklyn,Crown Heights,40.708212,-73.939699,Entire home/apt,95.13,14,22,2026-06-20,0.65,1,344,$75-150,True,76.0,Highly Available
1000747,Entire home/apt in Williamsburg,500747,Host747,f,Brooklyn,Williamsburg,40.679216,-73.905474,Entire home/apt,231.75,7,30,2026-07-26,2.07,1,242,$150-250,False,40.0,Highly Available
1000748,Entire home/apt in Chelsea,500748,Host748,t,Manhattan,Chelsea,40.778164,-73.942487,Entire home/apt,270.11,1,20,2026-06-01,0.88,2,209,$250-400,True,95.0,Highly Available
1000749,Private room in Crown Heights,500749,Host749,f,Brooklyn,Crown Heights,40.713329,-73.934386,Private room,150.84,1,17,2026-06-23,0.78,1,172,$150-250,False,73.0,Sometimes Available
1000750,Private room in Hell's Kitchen,500750,Host750,t,Manhattan,Hell's Kitchen,40.774065,-73.946913,Private room,77.32,3,14,2026-03-30,0.35,1,0,$75-150,True,158.0,Rarely Available
1000751,Hotel room in Astoria,500751,Host751,f,Queens,Astoria,40.701237,-73.80277,Hotel room,245.43,7,12,2026-04-26,0.26,1,246,$150-250,False,131.0,Highly Available
1000752,Entire home/apt in Park Slope,500752,Host752,f,Brooklyn,Park Slope,40.670316,-73.959243,Entire home/apt,270.04,7,2,2026-07-13,0.05,1,87,$250-400,False,53.0,Sometimes Available
1000753,Private room in Williamsburg,500753,Host753,t,Brooklyn,Williamsburg,40.665746,-73.925751,Private room,94.93,1,26,2026-05-25,0.58,1,311,$75-150,True,102.0,Highly Available
1000754,Entire home/apt in Chelsea,500754,Host754,t,Manhattan,Chelsea,40.786921,-73.980314,Entire home/apt,260.53,1,31,2026-02-16,1.0,1,42,$250-400,True,200.0,Sometimes Available
1000755,Entire home/apt in Crown Heights,500755,Host755,f,Brooklyn,Crown Heights,40.662462,-73.966677,Entire home/apt,251.92,14,1,2026-08-01,0.03,3,0,$250-400,False,34.0,Rarely Available
1000756,Entire home/apt in St. George,500756,Host756,f,Staten Island,St. George,40.611341,-74.166408,Entire home/apt,91.16,1,200,2026-07-22,15.15,2,167,$75-150,False,44.0,Sometimes Available
1000757,Private room in Bedford-Stuyvesant,500757,Host757,t,Brooklyn,Bedford-Stuyvesant,40.671724,-73.964398,Private room,189.84,14,11,2026-03-01,0.83,3,80,$150-250,True,187.0,Sometimes Available
1000758,Private room in Williamsburg,500758,Host758,f,Brooklyn,Williamsburg,40.6506,-73.963595,Private room,79.44,5,15,2025-11-21,0.5,1,331,$75-150,False,287.0,Highly Available
1000759,Entire home/apt in East Village,500759,Host759,f,Manhattan,East Village,40.77832,-73.938122,Entire home/apt,100.62,1,29,2026-02-14,2.17,1,200,$75-150,False,202.0,Highly Available
1000760,Private room in Mott Haven,500760,Host760,f,Bronx,Mott Haven,40.877744,-73.883058,Private room,62.41,1,74,2026-06-10,2.25,3,34,$0-75,False,86.0,Sometimes Available
1000761,Entire home/apt in St. George,500761,Host761,t,Staten Island,St. George,40.568132,-74.146792,Entire home/apt,117.33,7,0,,0.0,3,275,$75-150,True,,Highly Available
1000762,Private room in Ridgewood,500762,Host762,f,Queens,Ridgewood,40.730798,-73.78252,Private room,66.83,1,7,2026-01-21,1.15,1,20,$0-75,False,226.0,Rarely Available
1000763,Entire home/apt in East Village,500763,Host763,t,Manhattan,East Village,40.781151,-73.938344,Entire home/apt,192.78,2,9,2026-02-07,0.34,2,110,$150-250,True,209.0,Sometimes Available
1000764,Private room in Mott Haven,500764,Host764,f,Bronx,Mott Haven,40.813265,-73.873119,Private room,20.0,2,2,2026-07-27,0.12,1,0,$0-75,False,39.0,Rarely Available
1000765,Entire home/apt in Hell's Kitchen,500765,Host765,f,Manhattan,Hell's Kitchen,40.780143,-73.975785,Entire home/apt,89.93,2,1,2026-06-24,0.05,1,176,$75-150,False,72.0,Sometimes Available
1000766,Entire home/apt in St. George,500766,Host766,f,Staten Island,St. George,40.57469,-74.11664,Entire home/apt,22.53,2,36,2026-02-20,3.45,2,164,$0-75,False,196.0,Sometimes Available
1000767,Entire home/apt in Hell's Kitchen,500767,Host767,f,Manhattan,Hell's Kitchen,40.77929,-73.975502,Entire home/apt,402.24,30,7,2026-02-24,0.16,2,209,$400+,False,192.0,Highly Available
1000768,Private room in Bushwick,500768,Host768,t,Brooklyn,Bushwick,40.675073,-73.915303,Private room,202.72,2,4,2025-07-21,0.1,5,222,$150-250,True,410.0,Highly Available
1000769,Private room in Chelsea,500769,Host769,f,Manhattan,Chelsea,40.795119,-73.9809,Private room,65.72,2,14,2026-04-24,0.34,1,69,$0-75,False,133.0,Sometimes Available
1000770,Private room in Riverdale,500770,Host770,t,Bronx,Riverdale,40.843992,-73.894464,Private room,33.13,1,5,2026-01-31,0.52,1,37,$0-75,True,216.0,Sometimes Available
1000771,Entire home/apt in Long Island City,500771,Host771,f,Queens,Long Island City,40.731454,-73.822688,Entire home/apt,159.72,1,35,2026-06-11,4.38,1,246,$150-250,False,85.0,Highly Available
1000772,Entire home/apt in Hell's Kitchen,500772,Host772,f,Manhattan,Hell's Kitchen,40.789712,-73.935728,Entire home/apt,323.93,5,71,2026-03-31,2.02,1,159,$250-400,False,157.0,Sometimes Available
1000773,Private room in St. George,500773,Host773,t,Staten Island,St. George,40.575367,-74.134323,Private room,92.77,3,34,2026-04-22,0.83,1,91,$75-150,True,135.0,Sometimes Available
1000774,Entire home/apt in Upper West Side,500774,Host774,t,Manhattan,Upper West Side,40.777376,-73.962296,Entire home/apt,370.87,3,35,2026-06-04,0.8,1,155,$250-400,True,92.0,Sometimes Available
1000775,Private room in Ridgewood,500775,Host775,t,Queens,Ridgewood,40.734866,-73.81557,Private room,46.63,1,1,2026-05-12,0.04,1,131,$0-75,True,115.0,Sometimes Available
1000776,Entire home/apt in Chelsea,500776,Host776,f,Manhattan,Chelsea,40.800497,-73.931457,Entire home/apt,410.53,2,8,2026-05-19,0.24,1,173,$400+,False,108.0,Sometimes Available
1000777,Private room in Midtown,500777,Host777,f,Manhattan,Midtown,40.768575,-73.959968,Private room,181.9,2,5,2026-04-27,0.13,1,0,$150-250,False,130.0,Rarely Available
1000778,Private room in Mott Haven,500778,Host778,f,Bronx,Mott Haven,40.848381,-73.863973,Private room,63.63,2,44,2026-07-05,1.93,1,0,$0-75,False,61.0,Rarely Available
1000779,Entire home/apt in Mott Haven,500779,Host779,f,Bronx,Mott Haven,40.817444,-73.903593,Entire home/apt,43.19,3,3,2026-02-11,0.25,1,32,$0-75,False,205.0,Sometimes Available
1000780,Private room in Tottenville,500780,Host780,f,Staten Island,Tottenville,40.589981,-74.159854,Private room,38.4,1,23,2026-07-02,2.88,3,2,$0-75,False,64.0,Rarely Available
1000781,Entire home/apt in Harlem,500781,Host781,t,Manhattan,Harlem,40.778536,-73.962252,Entire home/apt,359.17,1,14,2025-07-27,0.98,1,39,$250-400,True,404.0,Sometimes Available
1000782,Entire home/apt in Hell's Kitchen,500782,Host782,f,Manhattan,Hell's Kitchen,40.783497,-73.990841,Entire home/apt,172.25,1,45,2025-12-08,1.23,1,57,$150-250,False,270.0,Sometimes Available
1000783,Entire home/apt in Flushing,500783,Host783,f,Queens,Flushing,40.725384,-73.793321,Entire home/apt,159.06,14,10,2025-10-07,0.37,1,16,$150-250,False,332.0,Rarely Available
1000784,Entire home/apt in Flushing,500784,Host784,f,Queens,Flushing,40.748268,-73.801266,Entire home/apt,230.53,14,3,2026-04-14,0.22,1,117,$150-250,False,143.0,Sometimes Available
1000785,Shared room in Hell's Kitchen,500785,Host785,t,Manhattan,Hell's Kitchen,40.761228,-73.983142,Shared room,93.82,1,11,2026-04-26,1.63,5,216,$75-150,True,131.0,Highly Available
1000786,Entire home/apt in Midtown,500786,Host786,f,Manhattan,Midtown,40.789028,-73.974462,Entire home/apt,209.48,1,7,2026-06-17,0.5,3,188,$150-250,False,79.0,Highly Available
1000787,Entire home/apt in Astoria,500787,Host787,f,Queens,Astoria,40.759769,-73.816295,Entire home/apt,128.17,7,114,2026-02-09,4.94,2,278,$75-150,False,207.0,Highly Available
1000788,Shared room in Williamsburg,500788,Host788,f,Brooklyn,Williamsburg,40.72425,-73.947126,Shared room,96.44,7,1,2026-06-20,0.02,3,127,$75-150,False,76.0,Sometimes Available
1000789,Entire home/apt in Astoria,500789,Host789,f,Queens,Astoria,40.733517,-73.80273,Entire home/apt,139.02,14,11,2026-05-03,0.29,1,354,$75-150,False,124.0,Highly Available
1000790,Private room in East Village,500790,Host790,f,Manhattan,East Village,40.781874,-73.954152,Private room,235.83,2,10,2025-10-28,0.25,1,242,$150-250,False,311.0,Highly Available
1000791,Private room in Astoria,500791,Host791,f,Queens,Astoria,40.745082,-73.743375,Private room,177.58,7,7,2026-07-01,0.4,1,0,$150-250,False,65.0,Rarely Available
1000792,Entire home/apt in Hell's Kitchen,500792,Host792,f,Manhattan,Hell's Kitchen,40.760238,-73.935977,Entire home/apt,125.25,1,27,2026-07-25,3.67,1,194,$75-150,False,41.0,Highly Available
1000793,Hotel room in Financial District,500793,Host793,f,Manhattan,Financial District,40.773263,-73.961902,Hotel room,234.82,3,3,2026-03-19,0.13,1,122,$150-250,False,169.0,Sometimes Available
1000794,Shared room in Riverdale,500794,Host794,f,Bronx,Riverdale,40.838372,-73.872055,Shared room,20.0,2,38,2024-03-07,1.31,1,78,$0-75,False,911.0,Sometimes Available
1000795,Private room in Jamaica,500795,Host795,f,Queens,Jamaica,40.729093,-73.817522,Private room,58.53,1,74,2026-06-09,2.79,1,365,$0-75,False,87.0,Highly Available
1000796,Entire home/apt in DUMBO,500796,Host796,f,Brooklyn,DUMBO,40.686411,-73.949518,Entire home/apt,146.23,7,28,2026-04-26,4.15,1,318,$75-150,False,131.0,Highly Available
1000797,Private room in Jamaica,500797,Host797,t,Queens,Jamaica,40.720882,-73.790099,Private room,40.68,5,10,2026-07-17,0.4,1,0,$0-75,True,49.0,Rarely Available
1000798,Private room in Astoria,500798,Host798,f,Queens,Astoria,40.730293,-73.797862,Private room,118.04,3,20,2026-06-27,0.47,2,135,$75-150,False,69.0,Sometimes Available
1000799,Entire home/apt in Ridgewood,500799,Host799,t,Queens,Ridgewood,40.731257,-73.829204,Entire home/apt,216.93,1,54,2025-10-24,1.35,1,345,$150-250,True,315.0,Highly Available
1000800,Entire home/apt in Bushwick,500800,Host800,f,Brooklyn,Bushwick,40.67596,-73.949798,Entire home/apt,246.64,5,25,2026-05-17,0.74,2,90,$150-250,False,110.0,Sometimes Available
1000801,Private room in East Village,500801,Host801,f,Manhattan,East Village,40.773014,-73.966369,Private room,200.0,1,30,2026-04-02,1.78,1,109,$150-250,False,155.0,Sometimes Available
1000802,Entire home/apt in Flushing,500802,Host802,f,Queens,Flushing,40.716621,-73.820461,Entire home/apt,148.85,1,12,2026-04-13,0.34,1,246,$75-150,False,144.0,Highly Available
1000803,Entire home/apt in Harlem,500803,Host803,f,Manhattan,Harlem,40.790615,-74.020749,Entire home/apt,553.4843000000001,14,60,2026-04-06,1.66,1,112,$400+,False,151.0,Sometimes Available
1000804,Entire home/apt in Tottenville,500804,Host804,f,Staten Island,Tottenville,40.532394,-74.164369,Entire home/apt,88.22,7,0,,0.0,1,207,$75-150,False,,Highly Available
1000805,Private room in Bushwick,500805,Host805,f,Brooklyn,Bushwick,40.701596,-73.922133,Private room,41.77,1,4,2025-10-11,0.16,1,100,$0-75,False,328.0,Sometimes Available
1000806,Entire home/apt in St. George,500806,Host806,t,Staten Island,St. George,40.548405,-74.150692,Entire home/apt,60.35,1,6,2026-07-11,0.14,1,253,$0-75,True,55.0,Highly Available
1000807,Private room in Financial District,500807,Host807,f,Manhattan,Financial District,40.786882,-73.972192,Private room,52.94,5,2,2025-11-15,0.08,1,66,$0-75,False,293.0,Sometimes Available
1000808,Entire home/apt in St. George,500808,Host808,f,Staten Island,St. George,40.5819,-74.16713,Entire home/apt,109.05,1,10,2026-04-14,0.82,10,202,$75-150,False,143.0,Highly Available
1000809,Private room in Harlem,500809,Host809,t,Manhattan,Harlem,40.791733,-73.961084,Private room,304.43,2,36,2025-05-21,2.79,1,239,$250-400,True,471.0,Highly Available
1000810,Entire home/apt in Williamsburg,500810,Host810,f,Brooklyn,Williamsburg,40.66932,-73.964239,Entire home/apt,138.22,1,9,2026-03-04,0.35,1,346,$75-150,False,184.0,Highly Available
1000811,Entire home/apt in Williamsburg,500811,Host811,f,Brooklyn,Williamsburg,40.661999,-73.94335,Entire home/apt,212.34,2,35,2026-06-14,1.15,5,217,$150-250,False,82.0,Highly Available
1000812,Entire home/apt in Flushing,500812,Host812,t,Queens,Flushing,40.722348,-73.802453,Entire home/apt,315.39,1,0,,0.0,1,40,$250-400,True,,Sometimes Available
1000813,Entire home/apt in Hell's Kitchen,500813,Host813,f,Manhattan,Hell's Kitchen,40.742868,-73.933715,Entire home/apt,280.37,3,8,2026-03-23,0.27,1,33,$250-400,False,165.0,Sometimes Available
1000814,Private room in Greenpoint,500814,Host814,f,Brooklyn,Greenpoint,40.657559,-73.963269,Private room,169.88,2,35,2026-02-01,3.95,1,246,$150-250,False,215.0,Highly Available
1000815,Hotel room in Ridgewood,500815,Host815,t,Queens,Ridgewood,40.729935,-73.826295,Hotel room,191.72,1,2,2026-07-11,0.04,5,86,$150-250,True,55.0,Sometimes Available
1000816,Private room in Greenpoint,500816,Host816,t,Brooklyn,Greenpoint,40.687983,-73.950788,Private room,59.23,3,60,2026-06-29,4.31,2,166,$0-75,True,67.0,Sometimes Available
1000817,Private room in Midtown,500817,Host817,t,Manhattan,Midtown,40.794579,-73.966501,Private room,143.6,1,22,2026-07-31,0.57,1,152,$75-150,True,35.0,Sometimes Available
1000818,Private room in Flushing,500818,Host818,f,Queens,Flushing,40.684774,-73.784349,Private room,51.55,1,55,2026-07-17,1.28,2,256,$0-75,False,49.0,Highly Available
1000819,Private room in Astoria,500819,Host819,f,Queens,Astoria,40.721538,-73.767289,Private room,72.28,30,12,2025-09-04,0.6,1,131,$0-75,False,365.0,Sometimes Available
1000820,Entire home/apt in Williamsburg,500820,Host820,f,Brooklyn,Williamsburg,40.663721,-73.945833,Entire home/apt,98.58,14,79,2026-06-11,3.22,1,141,$75-150,False,85.0,Sometimes Available
1000821,Entire home/apt in Ridgewood,500821,Host821,f,Queens,Ridgewood,40.675184,-73.810664,Entire home/apt,87.55,30,28,2026-02-01,1.19,1,190,$75-150,False,215.0,Highly Available
1000822,Private room in East Village,500822,Host822,f,Manhattan,East Village,40.753422,-73.947881,Private room,190.2,1,3,2026-02-23,0.37,1,188,$150-250,False,193.0,Highly Available
1000823,Entire home/apt in Midtown,500823,Host823,f,Manhattan,Midtown,40.768212,-73.943884,Entire home/apt,258.27,3,20,2026-07-08,2.16,1,105,$250-400,False,58.0,Sometimes Available
1000824,Private room in Midtown,500824,Host824,f,Manhattan,Midtown,40.78542,-73.988604,Private room,87.83,5,11,2026-07-15,0.83,1,84,$75-150,False,51.0,Sometimes Available
1000825,Private room in Midtown,500825,Host825,f,Manhattan,Midtown,40.780362,-73.998539,Private room,163.82,14,17,2026-06-18,0.38,5,180,$150-250,False,78.0,Sometimes Available
1000826,Entire home/apt in DUMBO,500826,Host826,f,Brooklyn,DUMBO,40.689295,-73.922765,Entire home/apt,101.37,3,51,2026-06-01,2.35,2,365,$75-150,False,95.0,Highly Available
1000827,Private room in Hell's Kitchen,500827,Host827,t,Manhattan,Hell's Kitchen,40.768367,-73.956197,Private room,124.18,1,4,2026-07-12,0.1,5,54,$75-150,True,54.0,Sometimes Available
1000828,Private room in Fordham,500828,Host828,f,Bronx,Fordham,40.826351,-73.873575,Private room,64.16,1,2,2026-01-25,0.18,3,226,$0-75,False,222.0,Highly Available
1000829,Private room in Fordham,500829,Host829,f,Bronx,Fordham,40.837494,-73.925263,Private room,106.42,30,14,2026-05-22,1.64,1,0,$75-150,False,105.0,Rarely Available
1000830,Shared room in Williamsburg,500830,Host830,f,Brooklyn,Williamsburg,40.707543,-73.929859,Shared room,87.17,1,5,2026-07-30,0.15,1,73,$75-150,False,36.0,Sometimes Available
1000831,Private room in St. George,500831,Host831,f,Staten Island,St. George,40.582511,-74.171495,Private room,46.42,3,35,2026-05-25,0.93,1,66,$0-75,False,102.0,Sometimes Available
1000832,Entire home/apt in St. George,500832,Host832,f,Staten Island,St. George,40.548854,-74.160738,Entire home/apt,101.18,3,12,2026-07-24,0.41,1,121,$75-150,False,42.0,Sometimes Available
1000833,Private room in DUMBO,500833,Host833,t,Brooklyn,DUMBO,40.695383,-73.972792,Private room,107.06,5,21,2026-07-23,0.65,1,1,$75-150,True,43.0,Rarely Available
1000834,Entire home/apt in Bushwick,500834,Host834,f,Brooklyn,Bushwick,40.675109,-73.952687,Entire home/apt,256.05,1,33,2025-10-29,0.78,1,297,$250-400,False,310.0,Highly Available
1000835,Shared room in Upper West Side,500835,Host835,t,Manhattan,Upper West Side,40.791663,-73.982378,Shared room,56.49,5,8,2026-03-01,0.33,1,256,$0-75,True,187.0,Highly Available
1000836,Entire home/apt in St. George,500836,Host836,f,Staten Island,St. George,40.587352,-74.179822,Entire home/apt,88.29,7,8,2026-05-06,0.2,1,318,$75-150,False,121.0,Highly Available
1000837,Private room in Crown Heights,500837,Host837,t,Brooklyn,Crown Heights,40.6874,-73.941932,Private room,56.33,1,10,2025-12-15,0.26,1,45,$0-75,True,263.0,Sometimes Available
1000838,Entire home/apt in Ridgewood,500838,Host838,f,Queens,Ridgewood,40.716257,-73.781495,Entire home/apt,64.99,5,33,2026-07-23,0.94,1,132,$0-75,False,43.0,Sometimes Available
1000839,Entire home/apt in Bushwick,500839,Host839,f,Brooklyn,Bushwick,40.684699,-73.912237,Entire home/apt,95.57,3,19,2025-12-08,1.21,1,112,$75-150,False,270.0,Sometimes Available
1000840,Entire home/apt in Crown Heights,500840,Host840,f,Brooklyn,Crown Heights,40.679291,-73.919873,Entire home/apt,313.16,1,13,2026-04-27,0.58,1,0,$250-400,False,130.0,Rarely Available
1000841,Entire home/apt in Greenpoint,500841,Host841,f,Brooklyn,Greenpoint,40.668015,-73.981465,Entire home/apt,289.2,2,14,2026-04-17,0.45,1,266,$250-400,False,140.0,Highly Available
1000842,Entire home/apt in Ridgewood,500842,Host842,f,Queens,Ridgewood,40.70346,-73.807598,Entire home/apt,66.28,1,35,2026-04-19,3.95,1,274,$0-75,False,138.0,Highly Available
1000843,Private room in Crown Heights,500843,Host843,f,Brooklyn,Crown Heights,40.6586,-73.953906,Private room,165.08,1,0,,0.0,1,157,$150-250,False,,Sometimes Available
1000844,Entire home/apt in Williamsburg,500844,Host844,f,Brooklyn,Williamsburg,40.675245,-73.973475,Entire home/apt,171.73,1,19,2026-07-18,1.09,1,314,$150-250,False,48.0,Highly Available
1000845,Private room in Tottenville,500845,Host845,f,Staten Island,Tottenville,40.58306,-74.165529,Private room,126.8,14,2,2026-05-08,0.06,1,169,$75-150,False,119.0,Sometimes Available
1000846,Private room in Hell's Kitchen,500846,Host846,f,Manhattan,Hell's Kitchen,40.774961,-73.965373,Private room,198.74,5,22,2026-01-05,1.15,1,226,$150-250,False,242.0,Highly Available
1000847,Private room in Jamaica,500847,Host847,f,Queens,Jamaica,40.707455,-73.826024,Private room,56.63,3,3,2026-03-07,0.07,1,137,$0-75,False,181.0,Sometimes Available
1000848,Private room in Astoria,500848,Host848,f,Queens,Astoria,40.69034,-73.824472,Private room,61.17,1,13,2026-06-21,0.71,2,0,$0-75,False,75.0,Rarely Available
1000849,Entire home/apt in Tottenville,500849,Host849,f,Staten Island,Tottenville,40.578639,-74.148524,Entire home/apt,104.14,1,9,2026-05-28,0.5,3,180,$75-150,False,99.0,Sometimes Available
1000850,Entire home/apt in Ridgewood,500850,Host850,f,Queens,Ridgewood,40.731854,-73.802262,Entire home/apt,138.36,2,15,2026-03-10,0.34,1,85,$75-150,False,178.0,Sometimes Available
1000851,Private room in Hell's Kitchen,500851,Host851,f,Manhattan,Hell's Kitchen,40.776049,-73.945608,Private room,151.87,1,2,2026-06-16,0.14,1,310,$150-250,False,80.0,Highly Available
1000852,Entire home/apt in Williamsburg,500852,Host852,f,Brooklyn,Williamsburg,40.690488,-73.932551,Entire home/apt,85.89,1,5,2026-07-04,0.15,1,102,$75-150,False,62.0,Sometimes Available
1000853,Private room in Upper West Side,500853,Host853,f,Manhattan,Upper West Side,40.770074,-73.973533,Private room,194.8,3,1,2025-12-24,0.03,1,181,$150-250,False,254.0,Highly Available
1000854,Entire home/apt in Williamsburg,500854,Host854,f,Brooklyn,Williamsburg,40.682416,-73.936781,Entire home/apt,132.08,7,49,2026-05-21,1.4,1,110,$75-150,False,106.0,Sometimes Available
1000855,Shared room in Park Slope,500855,Host855,f,Brooklyn,Park Slope,40.684465,-73.993449,Shared room,79.54,7,43,2026-02-19,2.04,1,27,$75-150,False,197.0,Rarely Available
1000856,Entire home/apt in East Village,500856,Host856,f,Manhattan,East Village,40.755633,-73.961932,Entire home/apt,384.37,3,28,2026-06-01,2.53,1,169,$250-400,False,95.0,Sometimes Available
1000857,Shared room in Ridgewood,500857,Host857,f,Queens,Ridgewood,40.753142,-73.790853,Shared room,58.14,1,15,2026-03-30,0.43,1,132,$0-75,False,158.0,Sometimes Available
1000858,Entire home/apt in Hell's Kitchen,500858,Host858,t,Manhattan,Hell's Kitchen,40.780183,-73.968714,Entire home/apt,419.88,1,7,2026-08-01,0.17,1,233,$400+,True,34.0,Highly Available
1000859,Entire home/apt in Long Island City,500859,Host859,f,Queens,Long Island City,40.744878,-73.782806,Entire home/apt,131.21,2,20,2025-11-29,0.51,1,0,$75-150,False,279.0,Rarely Available
1000860,Entire home/apt in Long Island City,500860,Host860,f,Queens,Long Island City,40.748273,-73.804944,Entire home/apt,227.63,3,23,2026-06-11,0.65,1,21,$150-250,False,85.0,Rarely Available
1000861,Private room in Hell's Kitchen,500861,Host861,f,Manhattan,Hell's Kitchen,40.775224,-73.965407,Private room,67.55,2,0,,0.0,1,101,$0-75,False,,Sometimes Available
1000862,Private room in Bedford-Stuyvesant,500862,Host862,f,Brooklyn,Bedford-Stuyvesant,40.68692,-73.922622,Private room,167.32,3,62,2026-06-18,3.34,1,274,$150-250,False,78.0,Highly Available
1000863,Shared room in Flushing,500863,Host863,f,Queens,Flushing,40.703443,-73.794768,Shared room,20.0,7,9,2026-05-18,0.19,2,156,$0-75,False,109.0,Sometimes Available
1000864,Entire home/apt in Crown Heights,500864,Host864,f,Brooklyn,Crown Heights,40.663065,-73.983999,Entire home/apt,203.13,7,7,2026-06-14,0.16,1,26,$150-250,False,82.0,Rarely Available
1000865,Private room in Greenpoint,500865,Host865,f,Brooklyn,Greenpoint,40.675922,-73.911743,Private room,181.61,1,2,2026-07-20,0.21,1,219,$150-250,False,46.0,Highly Available
1000866,Private room in Bedford-Stuyvesant,500866,Host866,f,Brooklyn,Bedford-Stuyvesant,40.649647,-73.956645,Private room,152.1,2,3,2026-06-21,0.06,1,256,$150-250,False,75.0,Highly Available
1000867,Private room in Williamsburg,500867,Host867,f,Brooklyn,Williamsburg,40.682539,-73.939165,Private room,183.39,5,32,2026-07-19,3.76,5,36,$150-250,False,47.0,Sometimes Available
1000868,Entire home/apt in Greenpoint,500868,Host868,t,Brooklyn,Greenpoint,40.670545,-73.936862,Entire home/apt,102.77,1,4,2026-04-03,0.42,3,268,$75-150,True,154.0,Highly Available
1000869,Private room in Ridgewood,500869,Host869,f,Queens,Ridgewood,40.686804,-73.840861,Private room,169.53,2,13,2026-05-16,1.42,1,342,$150-250,False,111.0,Highly Available
1000870,Private room in Flushing,500870,Host870,t,Queens,Flushing,40.722902,-73.786162,Private room,50.28,7,55,2026-07-15,3.17,1,201,$0-75,True,51.0,Highly Available
1000871,Private room in Long Island City,500871,Host871,f,Queens,Long Island City,40.717559,-73.827889,Private room,38.9,2,2,2026-06-16,0.26,1,365,$0-75,False,80.0,Highly Available
1000872,Entire home/apt in Financial District,500872,Host872,f,Manhattan,Financial District,40.757982,-73.994454,Entire home/apt,333.58,7,13,2026-06-12,0.35,2,334,$250-400,False,84.0,Highly Available
1000873,Entire home/apt in Upper West Side,500873,Host873,f,Manhattan,Upper West Side,40.758542,-73.957757,Entire home/apt,221.73,1,15,2026-01-24,0.82,1,235,$150-250,False,223.0,Highly Available
1000874,Entire home/apt in Flushing,500874,Host874,f,Queens,Flushing,40.710985,-73.773984,Entire home/apt,52.93,7,35,2026-02-15,1.8,1,169,$0-75,False,201.0,Sometimes Available
1000875,Entire home/apt in Long Island City,500875,Host875,f,Queens,Long Island City,40.720423,-73.812856,Entire home/apt,84.52,2,54,2026-07-04,3.25,1,264,$75-150,False,62.0,Highly Available
1000876,Private room in Tottenville,500876,Host876,f,Staten Island,Tottenville,40.577337,-74.153865,Private room,88.06,3,4,2026-07-14,0.1,2,0,$75-150,False,52.0,Rarely Available
1000877,Private room in Flushing,500877,Host877,f,Queens,Flushing,40.729021,-73.75921,Private room,77.01,1,25,2026-07-10,1.03,2,56,$75-150,False,56.0,Sometimes Available
1000878,Private room in Harlem,500878,Host878,f,Manhattan,Harlem,40.761369,-73.968204,Private room,145.24,1,9,2026-04-17,0.28,1,90,$75-150,False,140.0,Sometimes Available
1000879,Private room in Ridgewood,500879,Host879,f,Queens,Ridgewood,40.726472,-73.781467,Private room,79.74,2,18,2026-02-27,1.8,2,156,$75-150,False,189.0,Sometimes Available
1000880,Entire home/apt in Ridgewood,500880,Host880,f,Queens,Ridgewood,40.739909,-73.81337,Entire home/apt,219.31,1,24,2025-09-07,1.02,1,301,$150-250,False,362.0,Highly Available
1000881,Private room in Flushing,500881,Host881,t,Queens,Flushing,40.757117,-73.794967,Private room,30.92,1,5,2026-07-17,0.35,1,228,$0-75,True,49.0,Highly Available
1000882,Entire home/apt in Flushing,500882,Host882,f,Queens,Flushing,40.738816,-73.807929,Entire home/apt,117.17,1,4,2026-05-15,0.1,5,138,$75-150,False,112.0,Sometimes Available
1000883,Private room in Williamsburg,500883,Host883,f,Brooklyn,Williamsburg,40.637501,-73.949592,Private room,223.65,7,43,2026-04-16,2.69,1,126,$150-250,False,141.0,Sometimes Available
1000884,Entire home/apt in East Village,500884,Host884,f,Manhattan,East Village,40.786281,-73.988206,Entire home/apt,245.13,2,5,2024-04-23,0.21,1,7,$150-250,False,864.0,Rarely Available
1000885,Entire home/apt in Jamaica,500885,Host885,f,Queens,Jamaica,40.702079,-73.780151,Entire home/apt,102.89,1,11,2026-07-07,0.47,3,261,$75-150,False,59.0,Highly Available
1000886,Shared room in Williamsburg,500886,Host886,f,Brooklyn,Williamsburg,40.646941,-73.951038,Shared room,43.1,2,78,2026-03-21,6.26,1,365,$0-75,False,167.0,Highly Available
1000887,Private room in Crown Heights,500887,Host887,f,Brooklyn,Crown Heights,40.689497,-73.964622,Private room,59.33,2,6,2026-02-01,0.3,1,152,$0-75,False,215.0,Sometimes Available
1000888,Entire home/apt in DUMBO,500888,Host888,f,Brooklyn,DUMBO,40.704194,-73.943707,Entire home/apt,135.0,3,4,2026-06-19,0.09,3,365,$75-150,False,77.0,Highly Available
1000889,Entire home/apt in Mott Haven,500889,Host889,f,Bronx,Mott Haven,40.879336,-73.886309,Entire home/apt,30.5,1,10,2026-06-06,0.52,1,175,$0-75,False,90.0,Sometimes Available
1000890,Entire home/apt in Mott Haven,500890,Host890,f,Bronx,Mott Haven,40.846877,-73.910351,Entire home/apt,57.77,1,49,2026-04-19,4.03,3,121,$0-75,False,138.0,Sometimes Available
1000891,Hotel room in Williamsburg,500891,Host891,f,Brooklyn,Williamsburg,40.680916,-73.930611,Hotel room,386.13,7,17,2026-07-04,0.76,1,87,$250-400,False,62.0,Sometimes Available
1000892,Entire home/apt in Bedford-Stuyvesant,500892,Host892,t,Brooklyn,Bedford-Stuyvesant,40.684447,-73.916774,Entire home/apt,168.49,1,9,2026-06-22,0.3,1,177,$150-250,True,74.0,Sometimes Available
1000893,Private room in Financial District,500893,Host893,f,Manhattan,Financial District,40.810836,-73.978134,Private room,57.32,5,28,2026-07-29,1.91,1,223,$0-75,False,37.0,Highly Available
1000894,Private room in DUMBO,500894,Host894,f,Brooklyn,DUMBO,40.688313,-73.928735,Private room,64.3,7,10,2026-05-27,0.21,1,97,$0-75,False,100.0,Sometimes Available
1000895,Entire home/apt in Harlem,500895,Host895,f,Manhattan,Harlem,40.755027,-73.947898,Entire home/apt,507.61,1,25,2025-10-01,0.69,1,195,$400+,False,338.0,Highly Available
1000896,Shared room in Hell's Kitchen,500896,Host896,t,Manhattan,Hell's Kitchen,40.793899,-73.959178,Shared room,73.1,2,0,,0.0,1,154,$0-75,True,,Sometimes Available
1000897,Hotel room in Jamaica,500897,Host897,f,Queens,Jamaica,40.738474,-73.810995,Hotel room,148.51,3,23,2026-01-08,0.59,1,93,$75-150,False,239.0,Sometimes Available
1000898,Entire home/apt in Ridgewood,500898,Host898,f,Queens,Ridgewood,40.696751,-73.820352,Entire home/apt,185.36,5,80,2026-04-25,4.55,2,193,$150-250,False,132.0,Highly Available
1000899,Entire home/apt in Bushwick,500899,Host899,f,Brooklyn,Bushwick,40.674515,-73.902969,Entire home/apt,249.02,1,9,2026-05-01,0.43,1,53,$150-250,False,126.0,Sometimes Available
1000900,Private room in Flushing,500900,Host900,f,Queens,Flushing,40.702523,-73.804691,Private room,43.6,7,13,2025-09-20,0.39,10,176,$0-75,False,349.0,Sometimes Available
1000901,Entire home/apt in DUMBO,500901,Host901,f,Brooklyn,DUMBO,40.662109,-73.948319,Entire home/apt,187.53,3,13,2026-02-04,1.0,10,202,$150-250,False,212.0,Highly Available
1000902,Entire home/apt in Greenpoint,500902,Host902,f,Brooklyn,Greenpoint,40.687108,-73.959496,Entire home/apt,117.34,1,19,2025-08-20,0.41,1,276,$75-150,False,380.0,Highly Available
1000903,Entire home/apt in DUMBO,500903,Host903,f,Brooklyn,DUMBO,40.691265,-73.949527,Entire home/apt,133.5,2,2,2025-12-06,0.05,1,0,$75-150,False,272.0,Rarely Available
1000904,Entire home/apt in Ridgewood,500904,Host904,f,Queens,Ridgewood,40.714532,-73.804202,Entire home/apt,147.48,2,5,2026-06-04,0.27,1,217,$75-150,False,92.0,Highly Available
1000905,Entire home/apt in Park Slope,500905,Host905,t,Brooklyn,Park Slope,40.699933,-73.943933,Entire home/apt,128.31,5,20,2026-03-13,1.4,5,294,$75-150,True,175.0,Highly Available
1000906,Entire home/apt in Bedford-Stuyvesant,500906,Host906,f,Brooklyn,Bedford-Stuyvesant,40.654357,-73.959485,Entire home/apt,274.51,5,5,2024-11-02,0.15,1,196,$250-400,False,671.0,Highly Available
1000907,Entire home/apt in Midtown,500907,Host907,t,Manhattan,Midtown,40.794217,-73.926243,Entire home/apt,232.72,2,27,2026-07-20,0.6,1,86,$150-250,True,46.0,Sometimes Available
1000908,Entire home/apt in Hell's Kitchen,500908,Host908,t,Manhattan,Hell's Kitchen,40.773293,-73.96463,Entire home/apt,61.35,3,19,2026-04-25,1.87,1,113,$0-75,True,132.0,Sometimes Available
1000909,Private room in Park Slope,500909,Host909,f,Brooklyn,Park Slope,40.679256,-73.954386,Private room,227.89,1,12,2026-04-21,0.37,1,209,$150-250,False,136.0,Highly Available
1000910,Shared room in Bedford-Stuyvesant,500910,Host910,f,Brooklyn,Bedford-Stuyvesant,40.717801,-73.965413,Shared room,49.54,7,11,2026-05-08,1.22,2,336,$0-75,False,119.0,Highly Available
1000911,Entire home/apt in Harlem,500911,Host911,t,Manhattan,Harlem,40.752272,-73.963122,Entire home/apt,196.36,2,6,2026-07-03,0.21,3,219,$150-250,True,63.0,Highly Available
1000912,Entire home/apt in Upper West Side,500912,Host912,f,Manhattan,Upper West Side,40.775043,-73.980578,Entire home/apt,430.22,3,45,2026-05-24,2.13,2,184,$400+,False,103.0,Highly Available
1000913,Entire home/apt in Jamaica,500913,Host913,f,Queens,Jamaica,40.700143,-73.791078,Entire home/apt,54.96,3,3,2026-06-04,0.08,1,114,$0-75,False,92.0,Sometimes Available
1000914,Entire home/apt in Crown Heights,500914,Host914,f,Brooklyn,Crown Heights,40.653866,-73.969333,Entire home/apt,186.14,5,28,2026-05-24,1.39,1,182,$150-250,False,103.0,Highly Available
1000915,Private room in East Village,500915,Host915,f,Manhattan,East Village,40.768713,-73.990438,Private room,80.06,14,3,2026-06-28,0.4,1,7,$75-150,False,68.0,Rarely Available
1000916,Private room in Crown Heights,500916,Host916,f,Brooklyn,Crown Heights,40.701058,-73.935783,Private room,128.05,1,4,2026-05-28,0.13,1,40,$75-150,False,99.0,Sometimes Available
1000917,Entire home/apt in Upper West Side,500917,Host917,f,Manhattan,Upper West Side,40.784299,-73.982176,Entire home/apt,342.55,7,31,2026-01-05,4.47,1,324,$250-400,False,242.0,Highly Available
1000918,Entire home/apt in Williamsburg,500918,Host918,f,Brooklyn,Williamsburg,40.684953,-73.946891,Entire home/apt,195.73,1,21,2026-03-08,0.63,1,232,$150-250,False,180.0,Highly Available
1000919,Entire home/apt in Financial District,500919,Host919,f,Manhattan,Financial District,40.774431,-73.993567,Entire home/apt,120.95,1,25,2026-04-23,0.93,1,143,$75-150,False,134.0,Sometimes Available
1000920,Entire home/apt in Greenpoint,500920,Host920,f,Brooklyn,Greenpoint,40.70315,-73.94859,Entire home/apt,325.79,3,7,2026-07-28,0.21,1,133,$250-400,False,38.0,Sometimes Available
1000921,Entire home/apt in Harlem,500921,Host921,f,Manhattan,Harlem,40.779682,-73.958877,Entire home/apt,336.55,3,20,2025-10-28,0.82,1,0,$250-400,False,311.0,Rarely Available
1000922,Entire home/apt in DUMBO,500922,Host922,f,Brooklyn,DUMBO,40.646793,-73.938177,Entire home/apt,144.43,1,39,2026-07-29,1.26,1,136,$75-150,False,37.0,Sometimes Available
1000923,Private room in Long Island City,500923,Host923,f,Queens,Long Island City,40.772228,-73.768217,Private room,102.36,7,7,2025-06-07,1.04,1,64,$75-150,False,454.0,Sometimes Available
1000924,Private room in Upper West Side,500924,Host924,f,Manhattan,Upper West Side,40.790039,-73.946838,Private room,195.3,2,11,2026-06-08,0.26,1,191,$150-250,False,88.0,Highly Available
1000925,Private room in Mott Haven,500925,Host925,f,Bronx,Mott Haven,40.806857,-73.865174,Private room,20.0,2,32,2026-04-23,1.38,1,232,$0-75,False,134.0,Highly Available
1000926,Private room in Mott Haven,500926,Host926,f,Bronx,Mott Haven,40.83545,-73.874771,Private room,78.99,1,0,,0.0,5,61,$75-150,False,,Sometimes Available
1000927,Entire home/apt in Flushing,500927,Host927,f,Queens,Flushing,40.733658,-73.80347,Entire home/apt,101.63,1,5,2026-05-28,0.14,3,0,$75-150,False,99.0,Rarely Available
1000928,Private room in Crown Heights,500928,Host928,f,Brooklyn,Crown Heights,40.692753,-73.952423,Private room,45.82,2,34,2026-04-20,0.77,3,63,$0-75,False,137.0,Sometimes Available
1000929,Entire home/apt in Jamaica,500929,Host929,f,Queens,Jamaica,40.780093,-73.791946,Entire home/apt,164.2,3,1,2026-07-29,0.03,1,319,$150-250,False,37.0,Highly Available
1000930,Entire home/apt in Williamsburg,500930,Host930,t,Brooklyn,Williamsburg,40.647929,-73.970355,Entire home/apt,161.49,1,8,2025-11-24,0.28,1,0,$150-250,True,284.0,Rarely Available
1000931,Private room in Flushing,500931,Host931,f,Queens,Flushing,40.743261,-73.801752,Private room,82.61,5,119,2026-07-11,4.2,1,29,$75-150,False,55.0,Rarely Available
1000932,Entire home/apt in Astoria,500932,Host932,f,Queens,Astoria,40.695176,-73.783424,Entire home/apt,46.93,7,65,2026-04-27,1.83,1,154,$0-75,False,130.0,Sometimes Available
1000933,Entire home/apt in Jamaica,500933,Host933,f,Queens,Jamaica,40.728502,-73.76964,Entire home/apt,145.63,1,4,2025-05-21,0.27,5,32,$75-150,False,471.0,Sometimes Available
1000934,Entire home/apt in East Village,500934,Host934,f,Manhattan,East Village,40.758996,-73.961246,Entire home/apt,430.87,1,61,2026-06-06,2.65,1,0,$400+,False,90.0,Rarely Available
1000935,Entire home/apt in Harlem,500935,Host935,f,Manhattan,Harlem,40.784009,-73.964279,Entire home/apt,326.77,14,27,2026-06-11,0.62,5,75,$250-400,False,85.0,Sometimes Available
1000936,Entire home/apt in Astoria,500936,Host936,f,Queens,Astoria,40.692353,-73.80911,Entire home/apt,92.0,3,24,2026-05-14,3.24,1,310,$75-150,False,113.0,Highly Available
1000937,Private room in Riverdale,500937,Host937,f,Bronx,Riverdale,40.840988,-73.889822,Private room,34.26,1,26,2026-04-01,0.78,10,55,$0-75,False,156.0,Sometimes Available
1000938,Entire home/apt in Long Island City,500938,Host938,t,Queens,Long Island City,40.760092,-73.813274,Entire home/apt,208.49,14,4,2026-04-01,0.56,1,252,$150-250,True,156.0,Highly Available
1000939,Entire home/apt in Mott Haven,500939,Host939,f,Bronx,Mott Haven,40.79579,-73.852436,Entire home/apt,110.81,2,28,2026-07-15,1.8,3,318,$75-150,False,51.0,Highly Available
1000940,Entire home/apt in Harlem,500940,Host940,f,Manhattan,Harlem,40.780745,-73.94129,Entire home/apt,252.3,1,3,2026-04-11,0.07,2,259,$250-400,False,146.0,Highly Available
1000941,Private room in Hell's Kitchen,500941,Host941,f,Manhattan,Hell's Kitchen,40.794658,-73.930797,Private room,37.82,7,34,2026-03-30,1.37,1,321,$0-75,False,158.0,Highly Available
1000942,Entire home/apt in Bushwick,500942,Host942,f,Brooklyn,Bushwick,40.691347,-73.959464,Entire home/apt,264.63,3,86,2026-04-26,7.13,1,107,$250-400,False,131.0,Sometimes Available
1000943,Private room in Hell's Kitchen,500943,Host943,f,Manhattan,Hell's Kitchen,40.796673,-73.976175,Private room,278.44,3,29,2025-12-07,1.12,1,133,$250-400,False,271.0,Sometimes Available
1000944,Entire home/apt in Tottenville,500944,Host944,f,Staten Island,Tottenville,40.581366,-74.175256,Entire home/apt,86.29,1,54,2026-06-22,2.06,1,120,$75-150,False,74.0,Sometimes Available
1000945,Entire home/apt in Fordham,500945,Host945,f,Bronx,Fordham,40.836916,-73.851893,Entire home/apt,125.71,14,8,2026-03-05,0.52,1,31,$75-150,False,183.0,Sometimes Available
1000946,Entire home/apt in DUMBO,500946,Host946,f,Brooklyn,DUMBO,40.672254,-73.923418,Entire home/apt,256.4,7,9,2026-07-04,0.47,1,148,$250-400,False,62.0,Sometimes Available
1000947,Shared room in Financial District,500947,Host947,t,Manhattan,Financial District,40.768841,-73.964021,Shared room,59.67,1,78,2025-10-17,1.99,1,84,$0-75,True,322.0,Sometimes Available
1000948,Private room in Riverdale,500948,Host948,t,Bronx,Riverdale,40.872788,-73.870321,Private room,129.23,3,11,2026-06-15,0.44,3,207,$75-150,True,81.0,Highly Available
1000949,Entire home/apt in Flushing,500949,Host949,t,Queens,Flushing,40.726998,-73.764566,Entire home/apt,41.9,1,15,2025-05-02,2.28,1,236,$0-75,True,490.0,Highly Available
1000950,Private room in Midtown,500950,Host950,f,Manhattan,Midtown,40.789344,-73.951325,Private room,163.73,5,40,2026-04-23,0.93,5,4,$150-250,False,134.0,Rarely Available
1000951,Entire home/apt in Tottenville,500951,Host951,t,Staten Island,Tottenville,40.584725,-74.16994,Entire home/apt,183.51,7,38,2025-12-27,0.84,2,66,$150-250,True,251.0,Sometimes Available
1000952,Private room in East Village,500952,Host952,t,Manhattan,East Village,40.782614,-73.995185,Private room,138.98,1,12,2026-01-17,0.69,1,207,$75-150,True,230.0,Highly Available
1000953,Entire home/apt in East Village,500953,Host953,t,Manhattan,East Village,40.777441,-73.944062,Entire home/apt,216.37,14,5,2026-07-08,0.59,1,269,$150-250,True,58.0,Highly Available
1000954,Entire home/apt in Crown Heights,500954,Host954,f,Brooklyn,Crown Heights,40.657086,-73.948178,Entire home/apt,218.3,2,33,2026-07-11,2.9,1,161,$150-250,False,55.0,Sometimes Available
1000955,Entire home/apt in Ridgewood,500955,Host955,f,Queens,Ridgewood,40.739616,-73.77957,Entire home/apt,93.59,3,4,2026-05-08,0.27,1,215,$75-150,False,119.0,Highly Available
1000956,Private room in Riverdale,500956,Host956,f,Bronx,Riverdale,40.832172,-73.86714,Private room,85.08,1,24,2026-03-31,0.95,2,283,$75-150,False,157.0,Highly Available
1000957,Private room in Harlem,500957,Host957,f,Manhattan,Harlem,40.765037,-73.972044,Private room,84.54,1,17,2026-07-13,0.5,2,43,$75-150,False,53.0,Sometimes Available
1000958,Private room in Midtown,500958,Host958,f,Manhattan,Midtown,40.79105,-73.982762,Private room,107.58,3,29,2026-07-17,0.93,1,239,$75-150,False,49.0,Highly Available
1000959,Private room in Greenpoint,500959,Host959,t,Brooklyn,Greenpoint,40.67924,-73.963667,Private room,172.59,3,1,2026-07-26,0.03,1,0,$150-250,True,40.0,Rarely Available
1000960,Private room in Astoria,500960,Host960,t,Queens,Astoria,40.692965,-73.771423,Private room,67.06,1,7,2026-07-28,0.58,1,235,$0-75,True,38.0,Highly Available
1000961,Private room in Mott Haven,500961,Host961,f,Bronx,Mott Haven,40.864251,-73.911632,Private room,78.83,3,8,2025-08-10,0.18,2,107,$75-150,False,390.0,Sometimes Available
1000962,Entire home/apt in Ridgewood,500962,Host962,f,Queens,Ridgewood,40.724511,-73.808949,Entire home/apt,222.26,30,34,2026-03-07,0.73,2,0,$150-250,False,181.0,Rarely Available
1000963,Entire home/apt in Bushwick,500963,Host963,f,Brooklyn,Bushwick,40.702374,-73.960161,Entire home/apt,318.19,3,14,2026-03-16,0.91,1,84,$250-400,False,172.0,Sometimes Available
1000964,Entire home/apt in Flushing,500964,Host964,f,Queens,Flushing,40.71532,-73.801199,Entire home/apt,46.86,1,3,2025-07-11,0.07,1,258,$0-75,False,420.0,Highly Available
1000965,Entire home/apt in Chelsea,500965,Host965,t,Manhattan,Chelsea,40.785921,-73.976148,Entire home/apt,183.02,2,0,,0.0,1,58,$150-250,True,,Sometimes Available
1000966,Private room in Park Slope,500966,Host966,f,Brooklyn,Park Slope,40.694529,-73.9589,Private room,190.76,2,22,2025-10-14,0.81,10,142,$150-250,False,325.0,Sometimes Available
1000967,Private room in Harlem,500967,Host967,f,Manhattan,Harlem,40.750828,-73.969994,Private room,188.36,3,21,2026-05-12,1.56,1,160,$150-250,False,115.0,Sometimes Available
1000968,Entire home/apt in Bedford-Stuyvesant,500968,Host968,f,Brooklyn,Bedford-Stuyvesant,40.685545,-73.964649,Entire home/apt,325.59,1,21,2026-05-04,0.55,1,114,$250-400,False,123.0,Sometimes Available
1000969,Entire home/apt in Midtown,500969,Host969,t,Manhattan,Midtown,40.817626,-73.980222,Entire home/apt,511.51,1,10,2026-04-24,0.34,1,273,$400+,True,133.0,Highly Available
1000970,Private room in Hell's Kitchen,500970,Host970,f,Manhattan,Hell's Kitchen,40.749858,-73.967279,Private room,142.37,5,53,2026-07-04,1.14,1,208,$75-150,False,62.0,Highly Available
1000971,Entire home/apt in Greenpoint,500971,Host971,t,Brooklyn,Greenpoint,40.659662,-73.927144,Entire home/apt,129.78,2,24,2025-06-06,0.98,1,265,$75-150,True,455.0,Highly Available
1000972,Entire home/apt in Ridgewood,500972,Host972,f,Queens,Ridgewood,40.7343,-73.781518,Entire home/apt,133.35,2,13,2026-04-24,0.28,1,107,$75-150,False,133.0,Sometimes Available
1000973,Entire home/apt in Jamaica,500973,Host973,f,Queens,Jamaica,40.726816,-73.80951,Entire home/apt,239.13,1,25,2026-05-28,1.81,1,52,$150-250,False,99.0,Sometimes Available
1000974,Private room in Harlem,500974,Host974,f,Manhattan,Harlem,40.77452,-73.979186,Private room,278.1,3,32,2026-06-23,0.91,1,8,$250-400,False,73.0,Rarely Available
1000975,Private room in Bushwick,500975,Host975,f,Brooklyn,Bushwick,40.72338,-73.940231,Private room,50.72,3,20,2026-05-17,0.97,1,24,$0-75,False,110.0,Rarely Available
1000976,Shared room in Ridgewood,500976,Host976,f,Queens,Ridgewood,40.752368,-73.769337,Shared room,59.27,1,2,2025-12-30,0.05,1,142,$0-75,False,248.0,Sometimes Available
1000977,Entire home/apt in Jamaica,500977,Host977,f,Queens,Jamaica,40.720645,-73.778676,Entire home/apt,107.85,2,9,2026-02-04,0.21,1,169,$75-150,False,212.0,Sometimes Available
1000978,Entire home/apt in DUMBO,500978,Host978,f,Brooklyn,DUMBO,40.654685,-73.906863,Entire home/apt,153.82,1,20,2026-06-20,0.83,1,82,$150-250,False,76.0,Sometimes Available
1000979,Entire home/apt in Upper West Side,500979,Host979,t,Manhattan,Upper West Side,40.750072,-73.986409,Entire home/apt,197.94,3,6,2026-04-21,0.21,1,178,$150-250,True,136.0,Sometimes Available
1000980,Private room in Chelsea,500980,Host980,f,Manhattan,Chelsea,40.793207,-74.026347,Private room,121.17,1,4,2025-03-04,0.24,1,255,$75-150,False,549.0,Highly Available
1000981,Private room in Williamsburg,500981,Host981,f,Brooklyn,Williamsburg,40.655725,-73.938747,Private room,163.84,1,21,2026-02-10,0.68,1,273,$150-250,False,206.0,Highly Available
1000982,Entire home/apt in Ridgewood,500982,Host982,f,Queens,Ridgewood,40.751566,-73.843142,Entire home/apt,110.28,2,28,2025-11-09,2.09,1,202,$75-150,False,299.0,Highly Available
1000983,Private room in St. George,500983,Host983,f,Staten Island,St. George,40.579029,-74.189756,Private room,68.04,1,14,2026-02-26,0.34,1,139,$0-75,False,190.0,Sometimes Available
1000984,Private room in Greenpoint,500984,Host984,f,Brooklyn,Greenpoint,40.682253,-73.965801,Private room,160.68,2,33,2026-07-29,2.01,1,271,$150-250,False,37.0,Highly Available
1000985,Entire home/apt in Flushing,500985,Host985,t,Queens,Flushing,40.742165,-73.778486,Entire home/apt,158.62,5,0,,0.0,1,203,$150-250,True,,Highly Available
1000986,Private room in Ridgewood,500986,Host986,f,Queens,Ridgewood,40.747547,-73.783059,Private room,39.61,2,17,2025-11-15,0.39,2,128,$0-75,False,293.0,Sometimes Available
1000987,Entire home/apt in Bushwick,500987,Host987,t,Brooklyn,Bushwick,40.682398,-73.943256,Entire home/apt,256.59,1,52,2026-04-05,5.56,1,251,$250-400,True,152.0,Highly Available
1000988,Entire home/apt in Fordham,500988,Host988,f,Bronx,Fordham,40.797749,-73.895481,Entire home/apt,64.45,1,3,2026-04-20,0.19,1,98,$0-75,False,137.0,Sometimes Available
1000989,Shared room in Chelsea,500989,Host989,f,Manhattan,Chelsea,40.782016,-73.971895,Shared room,70.7,2,3,2026-07-21,0.12,1,25,$0-75,False,45.0,Rarely Available
1000990,Entire home/apt in Greenpoint,500990,Host990,f,Brooklyn,Greenpoint,40.686265,-73.952457,Entire home/apt,233.11,1,7,2025-08-05,0.19,2,365,$150-250,False,395.0,Highly Available
1000991,Private room in Greenpoint,500991,Host991,f,Brooklyn,Greenpoint,40.688152,-73.921992,Private room,47.42,14,22,2025-12-27,1.19,1,267,$0-75,False,251.0,Highly Available
1000992,Private room in Crown Heights,500992,Host992,f,Brooklyn,Crown Heights,40.650843,-73.923833,Private room,112.23,5,2,2026-06-29,0.18,1,294,$75-150,False,67.0,Highly Available
1000993,Private room in Riverdale,500993,Host993,f,Bronx,Riverdale,40.847949,-73.912656,Private room,41.98,3,41,2026-04-10,1.68,1,153,$0-75,False,147.0,Sometimes Available
1000994,Entire home/apt in Williamsburg,500994,Host994,t,Brooklyn,Williamsburg,40.673268,-73.986888,Entire home/apt,223.08,1,8,2026-07-31,0.3,1,270,$150-250,True,35.0,Highly Available
1000995,Private room in Upper West Side,500995,Host995,f,Manhattan,Upper West Side,40.766637,-73.950507,Private room,125.11,2,26,2026-07-14,1.28,1,221,$75-150,False,52.0,Highly Available
1000996,Entire home/apt in Bushwick,500996,Host996,f,Brooklyn,Bushwick,40.68454,-73.954497,Entire home/apt,239.1,1,16,2026-07-06,0.34,1,156,$150-250,False,60.0,Sometimes Available
1000997,Entire home/apt in Long Island City,500997,Host997,f,Queens,Long Island City,40.729227,-73.80657,Entire home/apt,156.47,14,0,,0.0,2,184,$150-250,False,,Highly Available
1000998,Private room in Park Slope,500998,Host998,t,Brooklyn,Park Slope,40.668209,-73.946017,Private room,60.11,3,0,,0.0,1,73,$0-75,True,,Sometimes Available
1000999,Entire home/apt in Ridgewood,500999,Host999,f,Queens,Ridgewood,40.760368,-73.800354,Entire home/apt,158.86,1,31,2026-06-12,1.38,2,212,$150-250,False,84.0,Highly Available
1001000,Entire home/apt in Mott Haven,501000,Host1000,f,Bronx,Mott Haven,40.830084,-73.878581,Entire home/apt,161.92,14,0,,0.0,10,27,$150-250,False,,Rarely Available
1001001,Entire home/apt in East Village,501001,Host1001,f,Manhattan,East Village,40.732404,-73.972137,Entire home/apt,259.45,14,14,2026-07-04,0.36,5,8,$250-400,False,62.0,Rarely Available
1001002,Entire home/apt in Greenpoint,501002,Host1002,f,Brooklyn,Greenpoint,40.650766,-73.920065,Entire home/apt,297.08,1,25,2026-07-01,0.65,1,257,$250-400,False,65.0,Highly Available
1001003,Private room in Mott Haven,501003,Host1003,f,Bronx,Mott Haven,40.843982,-73.896001,Private room,39.6,2,18,2026-06-18,0.58,1,55,$0-75,False,78.0,Sometimes Available
1001004,Private room in Long Island City,501004,Host1004,f,Queens,Long Island City,40.717468,-73.815652,Private room,161.65,2,15,2026-06-11,0.36,2,0,$150-250,False,85.0,Rarely Available
1001005,Private room in Astoria,501005,Host1005,f,Queens,Astoria,40.720508,-73.803603,Private room,33.82,2,47,2026-05-05,2.31,1,111,$0-75,False,122.0,Sometimes Available
1001006,Entire home/apt in Crown Heights,501006,Host1006,f,Brooklyn,Crown Heights,40.671318,-73.949001,Entire home/apt,300.42,7,22,2026-03-26,0.49,3,124,$250-400,False,162.0,Sometimes Available
1001007,Entire home/apt in Crown Heights,501007,Host1007,f,Brooklyn,Crown Heights,40.672822,-73.943767,Entire home/apt,261.39,1,13,2026-04-20,0.47,1,103,$250-400,False,137.0,Sometimes Available
1001008,Private room in Bedford-Stuyvesant,501008,Host1008,f,Brooklyn,Bedford-Stuyvesant,40.676184,-73.924182,Private room,156.36,2,37,2026-06-07,1.39,3,160,$150-250,False,89.0,Sometimes Available
1001009,Private room in Crown Heights,501009,Host1009,f,Brooklyn,Crown Heights,40.66981,-73.928,Private room,102.89,1,27,2026-06-29,0.9,1,107,$75-150,False,67.0,Sometimes Available
1001010,Private room in Harlem,501010,Host1010,f,Manhattan,Harlem,40.78047,-74.00068,Private room,204.25,5,10,2026-04-29,0.23,1,236,$150-250,False,128.0,Highly Available
1001011,Private room in DUMBO,501011,Host1011,f,Brooklyn,DUMBO,40.668771,-73.954234,Private room,97.0,2,9,2026-05-31,0.19,1,102,$75-150,False,96.0,Sometimes Available
1001012,Entire home/apt in Mott Haven,501012,Host1012,f,Bronx,Mott Haven,40.838431,-73.864428,Entire home/apt,169.05,5,4,2026-05-31,0.53,1,149,$150-250,False,96.0,Sometimes Available
1001013,Entire home/apt in Harlem,501013,Host1013,t,Manhattan,Harlem,40.783577,-73.962502,Entire home/apt,375.08,1,28,2026-06-03,0.72,5,160,$250-400,True,93.0,Sometimes Available
1001014,Entire home/apt in Crown Heights,501014,Host1014,f,Brooklyn,Crown Heights,40.678252,-73.926652,Entire home/apt,85.69,30,0,,0.0,1,95,$75-150,False,,Sometimes Available
1001015,Entire home/apt in Williamsburg,501015,Host1015,f,Brooklyn,Williamsburg,40.682649,-73.94498,Entire home/apt,320.25,3,110,2026-01-24,4.51,1,215,$250-400,False,223.0,Highly Available
1001016,Entire home/apt in Bushwick,501016,Host1016,f,Brooklyn,Bushwick,40.694085,-73.949871,Entire home/apt,248.09,14,87,2026-04-30,7.72,1,365,$150-250,False,127.0,Highly Available
1001017,Private room in Greenpoint,501017,Host1017,f,Brooklyn,Greenpoint,40.670264,-73.929487,Private room,129.98,14,75,2026-05-12,1.81,1,102,$75-150,False,115.0,Sometimes Available
1001018,Private room in Midtown,501018,Host1018,f,Manhattan,Midtown,40.776134,-73.9625,Private room,140.1,3,0,,0.0,1,327,$75-150,False,,Highly Available
1001019,Entire home/apt in DUMBO,501019,Host1019,f,Brooklyn,DUMBO,40.682158,-73.924281,Entire home/apt,171.1,7,33,2025-12-09,1.93,1,270,$150-250,False,269.0,Highly Available
1001020,Shared room in Williamsburg,501020,Host1020,t,Brooklyn,Williamsburg,40.69368,-73.948197,Shared room,56.75,1,15,2026-04-30,0.42,1,259,$0-75,True,127.0,Highly Available
1001021,Private room in Financial District,501021,Host1021,f,Manhattan,Financial District,40.786069,-74.000149,Private room,148.78,7,27,2026-05-10,0.58,1,67,$75-150,False,117.0,Sometimes Available
1001022,Entire home/apt in Bedford-Stuyvesant,501022,Host1022,t,Brooklyn,Bedford-Stuyvesant,40.697842,-73.944769,Entire home/apt,115.03,7,42,2026-05-15,1.07,2,227,$75-150,True,112.0,Highly Available
1001023,Entire home/apt in Harlem,501023,Host1023,t,Manhattan,Harlem,40.763408,-73.995652,Entire home/apt,499.2,5,14,2026-06-13,0.59,2,159,$400+,True,83.0,Sometimes Available
1001024,Private room in Financial District,501024,Host1024,f,Manhattan,Financial District,40.798528,-73.972972,Private room,102.76,3,12,2026-07-06,0.29,1,284,$75-150,False,60.0,Highly Available
1001025,Entire home/apt in Crown Heights,501025,Host1025,f,Brooklyn,Crown Heights,40.699817,-73.959235,Entire home/apt,148.23,1,4,2026-02-20,0.22,1,198,$75-150,False,196.0,Highly Available
1001026,Entire home/apt in Harlem,501026,Host1026,f,Manhattan,Harlem,40.783066,-73.997736,Entire home/apt,511.56,3,0,,0.0,5,73,$400+,False,,Sometimes Available
1001027,Private room in Bushwick,501027,Host1027,f,Brooklyn,Bushwick,40.67931,-73.959114,Private room,62.4,14,28,2026-07-23,1.09,1,137,$0-75,False,43.0,Sometimes Available
1001028,Private room in Financial District,501028,Host1028,f,Manhattan,Financial District,40.756096,-73.968366,Private room,97.18,1,26,2026-06-24,3.6,1,131,$75-150,False,72.0,Sometimes Available
1001029,Private room in Mott Haven,501029,Host1029,f,Bronx,Mott Haven,40.838364,-73.86964,Private room,20.93,5,11,2025-10-20,0.3,1,318,$0-75,False,319.0,Highly Available
1001030,Entire home/apt in Greenpoint,501030,Host1030,f,Brooklyn,Greenpoint,40.65693,-73.916532,Entire home/apt,113.01,2,21,2026-03-28,0.48,1,67,$75-150,False,160.0,Sometimes Available
1001031,Entire home/apt in Hell's Kitchen,501031,Host1031,f,Manhattan,Hell's Kitchen,40.784119,-73.98101,Entire home/apt,217.41,30,1,2026-04-22,0.04,1,57,$150-250,False,135.0,Sometimes Available
1001032,Private room in Greenpoint,501032,Host1032,f,Brooklyn,Greenpoint,40.678155,-73.968687,Private room,59.83,3,6,2026-04-11,0.21,1,107,$0-75,False,146.0,Sometimes Available
1001033,Entire home/apt in Fordham,501033,Host1033,f,Bronx,Fordham,40.820805,-73.911025,Entire home/apt,41.78,1,20,2026-02-20,0.69,1,146,$0-75,False,196.0,Sometimes Available
1001034,Private room in St. George,501034,Host1034,f,Staten Island,St. George,40.580406,-74.150867,Private room,51.48,7,20,2026-07-06,0.66,1,185,$0-75,False,60.0,Highly Available
1001035,Entire home/apt in Bushwick,501035,Host1035,t,Brooklyn,Bushwick,40.681451,-73.887082,Entire home/apt,93.37,5,20,2026-06-27,2.11,1,240,$75-150,True,69.0,Highly Available
1001036,Private room in Harlem,501036,Host1036,f,Manhattan,Harlem,40.737758,-73.962161,Private room,211.91,14,29,2026-07-19,1.34,1,208,$150-250,False,47.0,Highly Available
1001037,Entire home/apt in East Village,501037,Host1037,f,Manhattan,East Village,40.771254,-73.950441,Entire home/apt,508.36,1,62,2026-05-17,1.96,2,6,$400+,False,110.0,Rarely Available
1001038,Private room in Park Slope,501038,Host1038,f,Brooklyn,Park Slope,40.663491,-73.933248,Private room,76.34,3,36,2026-07-26,1.44,1,170,$75-150,False,40.0,Sometimes Available
1001039,Private room in Chelsea,501039,Host1039,f,Manhattan,Chelsea,40.777164,-74.018157,Private room,120.96,1,40,2026-06-08,1.06,1,59,$75-150,False,88.0,Sometimes Available
1001040,Entire home/apt in East Village,501040,Host1040,f,Manhattan,East Village,40.769437,-73.9808,Entire home/apt,267.75,1,1,2026-06-04,0.04,1,233,$250-400,False,92.0,Highly Available
1001041,Entire home/apt in East Village,501041,Host1041,f,Manhattan,East Village,40.814232,-73.957678,Entire home/apt,90.81,3,15,2026-06-19,0.66,1,264,$75-150,False,77.0,Highly Available
1001042,Hotel room in Chelsea,501042,Host1042,f,Manhattan,Chelsea,40.77546,-73.986432,Hotel room,166.23,1,18,2026-05-23,1.58,1,112,$150-250,False,104.0,Sometimes Available
1001043,Entire home/apt in Bushwick,501043,Host1043,f,Brooklyn,Bushwick,40.665776,-73.960648,Entire home/apt,230.67,1,22,2026-04-11,0.74,1,257,$150-250,False,146.0,Highly Available
1001044,Entire home/apt in Park Slope,501044,Host1044,f,Brooklyn,Park Slope,40.687031,-73.947815,Entire home/apt,289.23,7,84,2026-05-31,3.96,1,246,$250-400,False,96.0,Highly Available
1001045,Hotel room in Ridgewood,501045,Host1045,t,Queens,Ridgewood,40.728402,-73.823608,Hotel room,113.12,30,30,2026-03-08,0.79,5,332,$75-150,True,180.0,Highly Available
1001046,Entire home/apt in Astoria,501046,Host1046,f,Queens,Astoria,40.747032,-73.800307,Entire home/apt,165.71,1,33,2026-02-16,1.66,1,142,$150-250,False,200.0,Sometimes Available
1001047,Entire home/apt in Park Slope,501047,Host1047,f,Brooklyn,Park Slope,40.679558,-73.913118,Entire home/apt,207.55,14,31,2026-07-23,1.57,1,99,$150-250,False,43.0,Sometimes Available
1001048,Entire home/apt in Upper West Side,501048,Host1048,f,Manhattan,Upper West Side,40.779055,-73.951991,Entire home/apt,329.12,1,5,2026-01-29,0.17,1,86,$250-400,False,218.0,Sometimes Available
1001049,Private room in DUMBO,501049,Host1049,f,Brooklyn,DUMBO,40.700857,-73.941732,Private room,115.31,1,16,2026-07-15,0.7,2,365,$75-150,False,51.0,Highly Available
1001050,Private room in Financial District,501050,Host1050,f,Manhattan,Financial District,40.730758,-73.944364,Private room,97.07,1,45,2026-05-18,1.37,1,45,$75-150,False,109.0,Sometimes Available
1001051,Private room in DUMBO,501051,Host1051,f,Brooklyn,DUMBO,40.690209,-73.944708,Private room,55.93,2,21,2026-04-29,0.86,1,140,$0-75,False,128.0,Sometimes Available
1001052,Entire home/apt in Hell's Kitchen,501052,Host1052,f,Manhattan,Hell's Kitchen,40.778117,-73.956942,Entire home/apt,147.61,3,9,2026-06-08,0.28,5,106,$75-150,False,88.0,Sometimes Available
1001053,Private room in Financial District,501053,Host1053,t,Manhattan,Financial District,40.743802,-73.9457,Private room,73.29,1,5,2026-08-01,0.16,1,365,$0-75,True,34.0,Highly Available
1001054,Private room in Astoria,501054,Host1054,f,Queens,Astoria,40.732359,-73.801535,Private room,38.56,1,8,2026-04-30,0.25,1,190,$0-75,False,127.0,Highly Available
1001055,Shared room in DUMBO,501055,Host1055,t,Brooklyn,DUMBO,40.698461,-73.953311,Shared room,100.03,7,46,2025-07-01,2.85,1,3,$75-150,True,430.0,Rarely Available
1001056,Entire home/apt in East Village,501056,Host1056,f,Manhattan,East Village,40.782934,-73.977741,Entire home/apt,535.36,3,66,2026-03-11,1.58,1,19,$400+,False,177.0,Rarely Available
1001057,Entire home/apt in Harlem,501057,Host1057,t,Manhattan,Harlem,40.750663,-73.988985,Entire home/apt,209.77,2,5,2026-04-29,0.12,10,0,$150-250,True,128.0,Rarely Available
1001058,Private room in Williamsburg,501058,Host1058,f,Brooklyn,Williamsburg,40.682291,-73.952823,Private room,207.5,7,0,,0.0,1,229,$150-250,False,,Highly Available
1001059,Entire home/apt in DUMBO,501059,Host1059,f,Brooklyn,DUMBO,40.689019,-73.969146,Entire home/apt,185.32,1,27,2026-05-02,2.29,1,178,$150-250,False,125.0,Sometimes Available
1001060,Private room in DUMBO,501060,Host1060,t,Brooklyn,DUMBO,40.687835,-73.928732,Private room,90.63,1,24,2026-03-26,0.69,1,148,$75-150,True,162.0,Sometimes Available
1001061,Private room in Jamaica,501061,Host1061,t,Queens,Jamaica,40.735641,-73.748708,Private room,88.17,3,58,2026-06-06,1.42,1,173,$75-150,True,90.0,Sometimes Available
1001062,Private room in Upper West Side,501062,Host1062,f,Manhattan,Upper West Side,40.751847,-73.95722,Private room,81.52,5,16,2026-01-24,1.06,1,65,$75-150,False,223.0,Sometimes Available
1001063,Entire home/apt in DUMBO,501063,Host1063,f,Brooklyn,DUMBO,40.669381,-73.993867,Entire home/apt,91.09,3,53,2026-07-13,2.8,1,28,$75-150,False,53.0,Rarely Available
1001064,Private room in Bushwick,501064,Host1064,f,Brooklyn,Bushwick,40.645853,-73.969836,Private room,57.7,3,4,2026-05-19,0.43,1,365,$0-75,False,108.0,Highly Available
1001065,Private room in Park Slope,501065,Host1065,f,Brooklyn,Park Slope,40.647586,-73.936317,Private room,98.85,2,10,2026-06-09,0.39,1,14,$75-150,False,87.0,Rarely Available
1001066,Entire home/apt in Tottenville,501066,Host1066,f,Staten Island,Tottenville,40.59253,-74.135374,Entire home/apt,99.42,1,63,2025-10-18,1.77,2,189,$75-150,False,321.0,Highly Available
1001067,Private room in St. George,501067,Host1067,t,Staten Island,St. George,40.591084,-74.149761,Private room,86.38,5,23,2026-02-23,2.58,1,205,$75-150,True,193.0,Highly Available
1001068,Entire home/apt in Upper West Side,501068,Host1068,f,Manhattan,Upper West Side,40.757049,-73.943623,Entire home/apt,167.19,1,5,2026-04-30,0.25,1,125,$150-250,False,127.0,Sometimes Available
1001069,Private room in Ridgewood,501069,Host1069,f,Queens,Ridgewood,40.737121,-73.782187,Private room,57.78,7,80,2026-03-24,2.29,1,142,$0-75,False,164.0,Sometimes Available
1001070,Private room in Crown Heights,501070,Host1070,f,Brooklyn,Crown Heights,40.689588,-73.926374,Private room,180.03,3,18,2025-01-08,0.99,2,0,$150-250,False,604.0,Rarely Available
1001071,Private room in Midtown,501071,Host1071,f,Manhattan,Midtown,40.785057,-73.976324,Private room,163.41,2,18,2026-07-21,1.86,1,110,$150-250,False,45.0,Sometimes Available
1001072,Private room in Hell's Kitchen,501072,Host1072,f,Manhattan,Hell's Kitchen,40.737053,-73.972787,Private room,55.48,1,34,2026-06-29,0.91,1,343,$0-75,False,67.0,Highly Available
1001073,Entire home/apt in Harlem,501073,Host1073,f,Manhattan,Harlem,40.77902,-73.956821,Entire home/apt,240.14,5,40,2026-07-08,2.75,1,318,$150-250,False,58.0,Highly Available
1001074,Entire home/apt in Chelsea,501074,Host1074,f,Manhattan,Chelsea,40.79821,-73.958925,Entire home/apt,240.75,3,52,2026-05-19,3.66,1,19,$150-250,False,108.0,Rarely Available
1001075,Private room in Long Island City,501075,Host1075,t,Queens,Long Island City,40.724579,-73.806425,Private room,151.42,30,17,2026-04-11,0.68,1,11,$150-250,True,146.0,Rarely Available
1001076,Entire home/apt in Harlem,501076,Host1076,f,Manhattan,Harlem,40.759227,-73.984618,Entire home/apt,177.46,5,5,2026-01-20,0.25,5,106,$150-250,False,227.0,Sometimes Available
1001077,Private room in Ridgewood,501077,Host1077,f,Queens,Ridgewood,40.751374,-73.798906,Private room,177.52,1,10,2026-03-09,0.23,1,338,$150-250,False,179.0,Highly Available
1001078,Private room in Ridgewood,501078,Host1078,t,Queens,Ridgewood,40.735187,-73.800084,Private room,160.04,3,17,2026-05-13,0.79,3,127,$150-250,True,114.0,Sometimes Available
1001079,Entire home/apt in East Village,501079,Host1079,f,Manhattan,East Village,40.766357,-73.960857,Entire home/apt,337.79,2,56,2026-01-15,3.09,1,223,$250-400,False,232.0,Highly Available
1001080,Entire home/apt in Chelsea,501080,Host1080,f,Manhattan,Chelsea,40.790941,-74.002964,Entire home/apt,353.54,1,1,2026-05-15,0.02,2,202,$250-400,False,112.0,Highly Available
1001081,Private room in Astoria,501081,Host1081,t,Queens,Astoria,40.742999,-73.827738,Private room,77.58,3,1,2026-01-08,0.03,1,295,$75-150,True,239.0,Highly Available
1001082,Entire home/apt in Fordham,501082,Host1082,f,Bronx,Fordham,40.866208,-73.88091,Entire home/apt,123.83,30,15,2026-04-09,0.48,1,5,$75-150,False,148.0,Rarely Available
1001083,Entire home/apt in Midtown,501083,Host1083,f,Manhattan,Midtown,40.790194,-73.972335,Entire home/apt,553.4843000000001,2,0,,0.0,1,309,$400+,False,,Highly Available
1001084,Entire home/apt in Midtown,501084,Host1084,f,Manhattan,Midtown,40.762157,-73.945196,Entire home/apt,468.91,14,2,2026-07-30,0.05,1,365,$400+,False,36.0,Highly Available
1001085,Private room in Long Island City,501085,Host1085,t,Queens,Long Island City,40.718124,-73.816166,Private room,88.04,7,7,2026-05-31,0.19,1,116,$75-150,True,96.0,Sometimes Available
1001086,Entire home/apt in Bushwick,501086,Host1086,f,Brooklyn,Bushwick,40.708241,-73.947078,Entire home/apt,81.03,1,13,2026-03-23,0.57,1,67,$75-150,False,165.0,Sometimes Available
1001087,Entire home/apt in Bedford-Stuyvesant,501087,Host1087,f,Brooklyn,Bedford-Stuyvesant,40.697711,-73.946324,Entire home/apt,171.12,3,27,2026-03-27,0.58,1,143,$150-250,False,161.0,Sometimes Available
1001088,Entire home/apt in Astoria,501088,Host1088,f,Queens,Astoria,40.724402,-73.799305,Entire home/apt,87.93,1,24,2026-06-07,0.75,1,159,$75-150,False,89.0,Sometimes Available
1001089,Private room in Mott Haven,501089,Host1089,f,Bronx,Mott Haven,40.805415,-73.894042,Private room,61.37,30,2,2026-03-30,0.06,1,224,$0-75,False,158.0,Highly Available
1001090,Entire home/apt in Bushwick,501090,Host1090,f,Brooklyn,Bushwick,40.692615,-73.969061,Entire home/apt,191.3,14,29,2026-03-12,1.9,1,263,$150-250,False,176.0,Highly Available
1001091,Private room in Williamsburg,501091,Host1091,t,Brooklyn,Williamsburg,40.708524,-73.92865,Private room,23.29,1,43,2026-07-26,1.0,1,0,$0-75,True,40.0,Rarely Available
1001092,Private room in Crown Heights,501092,Host1092,t,Brooklyn,Crown Heights,40.685037,-73.918675,Private room,139.59,1,11,2026-01-12,0.33,3,126,$75-150,True,235.0,Sometimes Available
1001093,Entire home/apt in Ridgewood,501093,Host1093,f,Queens,Ridgewood,40.774222,-73.810591,Entire home/apt,130.69,3,55,2026-02-15,1.69,1,274,$75-150,False,201.0,Highly Available
1001094,Private room in Williamsburg,501094,Host1094,f,Brooklyn,Williamsburg,40.693484,-73.953204,Private room,150.25,2,4,2026-07-01,0.12,1,232,$150-250,False,65.0,Highly Available
1001095,Entire home/apt in Bedford-Stuyvesant,501095,Host1095,f,Brooklyn,Bedford-Stuyvesant,40.675632,-73.922744,Entire home/apt,164.55,5,2,2026-07-27,0.15,10,219,$150-250,False,39.0,Highly Available
1001096,Entire home/apt in Midtown,501096,Host1096,f,Manhattan,Midtown,40.776006,-73.982146,Entire home/apt,73.26,5,5,2025-09-10,0.14,1,153,$0-75,False,359.0,Sometimes Available
1001097,Private room in Ridgewood,501097,Host1097,f,Queens,Ridgewood,40.704822,-73.794641,Private room,54.06,2,12,2026-04-06,1.02,10,326,$0-75,False,151.0,Highly Available
1001098,Entire home/apt in Upper West Side,501098,Host1098,t,Manhattan,Upper West Side,40.767683,-73.968848,Entire home/apt,202.08,3,9,2026-04-08,1.26,1,145,$150-250,True,149.0,Sometimes Available
1001099,Private room in Midtown,501099,Host1099,f,Manhattan,Midtown,40.767991,-73.983001,Private room,77.06,1,112,2026-07-14,13.99,1,39,$75-150,False,52.0,Sometimes Available
1001100,Entire home/apt in St. George,501100,Host1100,f,Staten Island,St. George,40.577078,-74.110541,Entire home/apt,147.76,1,22,2026-06-30,1.84,1,111,$75-150,False,66.0,Sometimes Available
1001101,Entire home/apt in Ridgewood,501101,Host1101,t,Queens,Ridgewood,40.73501,-73.766337,Entire home/apt,62.93,7,35,2026-04-26,1.33,1,24,$0-75,True,131.0,Rarely Available
1001102,Entire home/apt in Financial District,501102,Host1102,t,Manhattan,Financial District,40.771433,-73.961739,Entire home/apt,170.64,3,6,2026-06-01,0.2,1,246,$150-250,True,95.0,Highly Available
1001103,Entire home/apt in Crown Heights,501103,Host1103,f,Brooklyn,Crown Heights,40.682371,-73.910624,Entire home/apt,224.02,7,25,2026-06-16,0.89,1,43,$150-250,False,80.0,Sometimes Available
1001104,Entire home/apt in DUMBO,501104,Host1104,f,Brooklyn,DUMBO,40.648369,-73.940831,Entire home/apt,205.55,7,34,2026-02-27,0.73,5,59,$150-250,False,189.0,Sometimes Available
1001105,Entire home/apt in Hell's Kitchen,501105,Host1105,f,Manhattan,Hell's Kitchen,40.775772,-73.960785,Entire home/apt,54.77,1,12,2025-02-23,0.25,1,197,$0-75,False,558.0,Highly Available
1001106,Private room in Long Island City,501106,Host1106,f,Queens,Long Island City,40.740797,-73.783305,Private room,127.34,1,7,2025-11-29,0.15,1,293,$75-150,False,279.0,Highly Available
1001107,Private room in Tottenville,501107,Host1107,f,Staten Island,Tottenville,40.609185,-74.143358,Private room,36.98,1,49,2026-07-13,2.32,1,122,$0-75,False,53.0,Sometimes Available
1001108,Private room in Astoria,501108,Host1108,f,Queens,Astoria,40.720667,-73.806706,Private room,96.56,2,143,2026-07-16,5.9,1,202,$75-150,False,50.0,Highly Available
1001109,Private room in Harlem,501109,Host1109,f,Manhattan,Harlem,40.816976,-73.955816,Private room,136.95,1,6,2026-06-11,0.63,1,161,$75-150,False,85.0,Sometimes Available
1001110,Entire home/apt in Greenpoint,501110,Host1110,f,Brooklyn,Greenpoint,40.676606,-73.941155,Entire home/apt,67.85,30,35,2026-03-30,0.85,1,189,$0-75,False,158.0,Highly Available
1001111,Entire home/apt in Crown Heights,501111,Host1111,t,Brooklyn,Crown Heights,40.671386,-73.984565,Entire home/apt,33.4,7,25,2026-02-02,3.17,1,134,$0-75,True,214.0,Sometimes Available
1001112,Private room in Flushing,501112,Host1112,f,Queens,Flushing,40.73033,-73.794923,Private room,92.33,3,15,2026-06-28,0.58,1,346,$75-150,False,68.0,Highly Available
1001113,Entire home/apt in Flushing,501113,Host1113,f,Queens,Flushing,40.710213,-73.8212,Entire home/apt,192.35,14,14,2026-07-18,0.37,1,0,$150-250,False,48.0,Rarely Available
1001114,Entire home/apt in Riverdale,501114,Host1114,t,Bronx,Riverdale,40.837785,-73.901875,Entire home/apt,90.44,7,95,2025-09-22,7.52,1,206,$75-150,True,347.0,Highly Available
1001115,Entire home/apt in Greenpoint,501115,Host1115,f,Brooklyn,Greenpoint,40.708084,-73.944644,Entire home/apt,226.21,1,19,2026-05-16,0.61,1,0,$150-250,False,111.0,Rarely Available
1001116,Entire home/apt in Greenpoint,501116,Host1116,f,Brooklyn,Greenpoint,40.68659,-73.954502,Entire home/apt,204.13,1,43,2026-07-09,1.41,10,231,$150-250,False,57.0,Highly Available
1001117,Entire home/apt in Jamaica,501117,Host1117,f,Queens,Jamaica,40.767828,-73.793712,Entire home/apt,128.17,1,60,2026-04-05,1.76,1,239,$75-150,False,152.0,Highly Available
1001118,Entire home/apt in Jamaica,501118,Host1118,f,Queens,Jamaica,40.707624,-73.804448,Entire home/apt,144.54,3,51,2026-06-26,2.95,1,167,$75-150,False,70.0,Sometimes Available
1001119,Entire home/apt in Bedford-Stuyvesant,501119,Host1119,f,Brooklyn,Bedford-Stuyvesant,40.664385,-73.971935,Entire home/apt,77.64,2,9,2025-12-09,0.27,10,193,$75-150,False,269.0,Highly Available
1001120,Entire home/apt in Crown Heights,501120,Host1120,f,Brooklyn,Crown Heights,40.698998,-73.925326,Entire home/apt,93.28,1,15,2026-07-11,0.33,2,0,$75-150,False,55.0,Rarely Available
1001121,Entire home/apt in Mott Haven,501121,Host1121,f,Bronx,Mott Haven,40.8145,-73.905207,Entire home/apt,193.73,1,5,2026-07-27,0.17,1,0,$150-250,False,39.0,Rarely Available
1001122,Entire home/apt in Financial District,501122,Host1122,f,Manhattan,Financial District,40.79815,-74.000391,Entire home/apt,87.81,1,9,2026-03-26,0.46,1,59,$75-150,False,162.0,Sometimes Available
1001123,Entire home/apt in Greenpoint,501123,Host1123,t,Brooklyn,Greenpoint,40.683312,-73.941304,Entire home/apt,398.08,7,10,2026-05-05,0.34,1,134,$250-400,True,122.0,Sometimes Available
1001124,Private room in DUMBO,501124,Host1124,f,Brooklyn,DUMBO,40.666014,-73.96659,Private room,155.84,2,4,2026-06-27,0.12,2,38,$150-250,False,69.0,Sometimes Available
1001125,Private room in Mott Haven,501125,Host1125,f,Bronx,Mott Haven,40.831852,-73.884824,Private room,35.92,5,12,2026-01-22,2.0,1,110,$0-75,False,225.0,Sometimes Available
1001126,Entire home/apt in Greenpoint,501126,Host1126,f,Brooklyn,Greenpoint,40.660269,-73.922083,Entire home/apt,50.22,1,75,2026-01-30,1.9,10,82,$0-75,False,217.0,Sometimes Available
1001127,Entire home/apt in Astoria,501127,Host1127,f,Queens,Astoria,40.731699,-73.777447,Entire home/apt,120.43,5,65,2026-06-04,1.96,1,143,$75-150,False,92.0,Sometimes Available
1001128,Entire home/apt in Williamsburg,501128,Host1128,f,Brooklyn,Williamsburg,40.660233,-73.980128,Entire home/apt,269.62,1,0,,0.0,1,346,$250-400,False,,Highly Available
1001129,Private room in Riverdale,501129,Host1129,f,Bronx,Riverdale,40.85688,-73.894761,Private room,38.47,7,11,2026-03-27,0.65,1,111,$0-75,False,161.0,Sometimes Available
1001130,Entire home/apt in Financial District,501130,Host1130,t,Manhattan,Financial District,40.780558,-73.969589,Entire home/apt,99.73,14,5,2026-05-20,0.23,1,134,$75-150,True,107.0,Sometimes Available
1001131,Entire home/apt in Jamaica,501131,Host1131,t,Queens,Jamaica,40.706301,-73.804393,Entire home/apt,68.92,1,0,,0.0,1,58,$0-75,True,,Sometimes Available
1001132,Private room in Greenpoint,501132,Host1132,f,Brooklyn,Greenpoint,40.657198,-73.932011,Private room,20.0,2,30,2026-06-08,4.68,3,10,$0-75,False,88.0,Rarely Available
1001133,Private room in Hell's Kitchen,501133,Host1133,f,Manhattan,Hell's Kitchen,40.783841,-73.988205,Private room,54.99,5,20,2026-03-21,0.87,1,160,$0-75,False,167.0,Sometimes Available
1001134,Private room in Jamaica,501134,Host1134,f,Queens,Jamaica,40.708105,-73.768552,Private room,44.54,3,14,2026-06-20,0.45,2,262,$0-75,False,76.0,Highly Available
1001135,Entire home/apt in Ridgewood,501135,Host1135,t,Queens,Ridgewood,40.72212,-73.771071,Entire home/apt,216.75,1,29,2026-01-29,2.93,1,272,$150-250,True,218.0,Highly Available
1001136,Entire home/apt in Chelsea,501136,Host1136,f,Manhattan,Chelsea,40.826991,-73.969106,Entire home/apt,386.01,3,11,2026-06-01,0.55,2,234,$250-400,False,95.0,Highly Available
1001137,Entire home/apt in Chelsea,501137,Host1137,f,Manhattan,Chelsea,40.765114,-73.965331,Entire home/apt,242.53,1,13,2026-06-05,0.45,1,286,$150-250,False,91.0,Highly Available
1001138,Entire home/apt in Bedford-Stuyvesant,501138,Host1138,f,Brooklyn,Bedford-Stuyvesant,40.680003,-73.989944,Entire home/apt,187.26,3,75,2026-07-09,3.94,1,211,$150-250,False,57.0,Highly Available
1001139,Private room in Crown Heights,501139,Host1139,f,Brooklyn,Crown Heights,40.665685,-73.947591,Private room,89.97,1,11,2026-05-24,0.36,1,20,$75-150,False,103.0,Rarely Available
1001140,Entire home/apt in Riverdale,501140,Host1140,f,Bronx,Riverdale,40.833771,-73.831755,Entire home/apt,282.76,1,14,2025-07-05,1.26,1,143,$250-400,False,426.0,Sometimes Available
1001141,Private room in Mott Haven,501141,Host1141,f,Bronx,Mott Haven,40.837962,-73.91321,Private room,93.63,3,41,2026-06-02,1.0,10,117,$75-150,False,94.0,Sometimes Available
1001142,Hotel room in Midtown,501142,Host1142,t,Manhattan,Midtown,40.735622,-73.966653,Hotel room,97.91,2,47,2026-03-12,1.67,1,180,$75-150,True,176.0,Sometimes Available
1001143,Entire home/apt in Harlem,501143,Host1143,t,Manhattan,Harlem,40.762141,-73.981767,Entire home/apt,321.16,1,50,2026-06-02,4.82,3,202,$250-400,True,94.0,Highly Available
1001144,Private room in Financial District,501144,Host1144,f,Manhattan,Financial District,40.786694,-73.997727,Private room,111.49,2,29,2026-07-11,1.01,1,262,$75-150,False,55.0,Highly Available
1001145,Private room in Ridgewood,501145,Host1145,t,Queens,Ridgewood,40.748493,-73.803225,Private room,28.3,3,12,2026-07-05,0.25,1,35,$0-75,True,61.0,Sometimes Available
1001146,Private room in Harlem,501146,Host1146,f,Manhattan,Harlem,40.769257,-73.973634,Private room,149.5,2,6,2026-07-08,0.75,1,0,$75-150,False,58.0,Rarely Available
1001147,Private room in St. George,501147,Host1147,f,Staten Island,St. George,40.566213,-74.176041,Private room,42.41,3,3,2026-05-22,0.09,3,99,$0-75,False,105.0,Sometimes Available
1001148,Entire home/apt in Financial District,501148,Host1148,f,Manhattan,Financial District,40.784759,-73.97103,Entire home/apt,483.66,1,43,2026-05-12,1.29,1,156,$400+,False,115.0,Sometimes Available
1001149,Entire home/apt in Fordham,501149,Host1149,f,Bronx,Fordham,40.849458,-73.876174,Entire home/apt,104.25,3,4,2026-07-29,0.11,1,365,$75-150,False,37.0,Highly Available
1001150,Private room in Park Slope,501150,Host1150,f,Brooklyn,Park Slope,40.67776,-73.916632,Private room,40.9,2,28,2026-05-07,0.87,1,326,$0-75,False,120.0,Highly Available
1001151,Entire home/apt in Tottenville,501151,Host1151,f,Staten Island,Tottenville,40.567315,-74.090186,Entire home/apt,158.03,1,54,2026-04-20,3.12,1,131,$150-250,False,137.0,Sometimes Available
1001152,Private room in Jamaica,501152,Host1152,f,Queens,Jamaica,40.732906,-73.816439,Private room,91.02,3,16,2026-07-26,0.47,1,85,$75-150,False,40.0,Sometimes Available
1001153,Private room in Astoria,501153,Host1153,f,Queens,Astoria,40.694179,-73.800449,Private room,125.92,1,32,2025-09-22,0.81,1,0,$75-150,False,347.0,Rarely Available
1001154,Entire home/apt in Park Slope,501154,Host1154,f,Brooklyn,Park Slope,40.665785,-73.941867,Entire home/apt,346.94,5,42,2026-05-02,5.71,1,0,$250-400,False,125.0,Rarely Available
1001155,Entire home/apt in Chelsea,501155,Host1155,t,Manhattan,Chelsea,40.763775,-73.956116,Entire home/apt,182.87,1,39,2026-07-21,1.62,10,88,$150-250,True,45.0,Sometimes Available
1001156,Entire home/apt in Park Slope,501156,Host1156,f,Brooklyn,Park Slope,40.706011,-73.941385,Entire home/apt,296.65,7,18,2026-07-09,0.66,1,307,$250-400,False,57.0,Highly Available
1001157,Private room in East Village,501157,Host1157,f,Manhattan,East Village,40.772061,-73.988872,Private room,205.65,1,30,2026-07-16,3.05,10,345,$150-250,False,50.0,Highly Available
1001158,Entire home/apt in St. George,501158,Host1158,f,Staten Island,St. George,40.568398,-74.149062,Entire home/apt,73.95,2,22,2025-07-24,1.04,1,137,$0-75,False,407.0,Sometimes Available
1001159,Entire home/apt in Tottenville,501159,Host1159,t,Staten Island,Tottenville,40.640309,-74.169479,Entire home/apt,43.82,1,9,2026-03-28,0.33,1,227,$0-75,True,160.0,Highly Available
1001160,Entire home/apt in Astoria,501160,Host1160,f,Queens,Astoria,40.765311,-73.7927,Entire home/apt,181.5,7,35,2026-05-03,1.26,1,158,$150-250,False,124.0,Sometimes Available
1001161,Private room in Greenpoint,501161,Host1161,f,Brooklyn,Greenpoint,40.682125,-73.937983,Private room,112.4,1,3,2026-06-23,0.08,1,163,$75-150,False,73.0,Sometimes Available
1001162,Entire home/apt in Fordham,501162,Host1162,f,Bronx,Fordham,40.857251,-73.874194,Entire home/apt,221.13,7,59,2026-04-03,1.41,2,250,$150-250,False,154.0,Highly Available
1001163,Entire home/apt in Astoria,501163,Host1163,f,Queens,Astoria,40.705669,-73.81213,Entire home/apt,142.13,30,29,2026-05-23,3.9,2,157,$75-150,False,104.0,Sometimes Available
1001164,Private room in DUMBO,501164,Host1164,f,Brooklyn,DUMBO,40.662682,-73.939453,Private room,69.6,3,27,2026-05-05,0.62,1,249,$0-75,False,122.0,Highly Available
1001165,Entire home/apt in Williamsburg,501165,Host1165,f,Brooklyn,Williamsburg,40.689189,-73.97112,Entire home/apt,339.72,3,19,2026-06-27,0.79,10,151,$250-400,False,69.0,Sometimes Available
1001166,Private room in Bushwick,501166,Host1166,f,Brooklyn,Bushwick,40.673626,-73.978107,Private room,170.05,3,24,2026-04-18,0.58,1,0,$150-250,False,139.0,Rarely Available
1001167,Private room in Fordham,501167,Host1167,f,Bronx,Fordham,40.817551,-73.876679,Private room,68.56,1,16,2026-01-06,0.64,1,168,$0-75,False,241.0,Sometimes Available
1001168,Entire home/apt in Astoria,501168,Host1168,t,Queens,Astoria,40.71147,-73.811339,Entire home/apt,119.2,3,9,2026-05-21,0.7,1,139,$75-150,True,106.0,Sometimes Available
1001169,Entire home/apt in Mott Haven,501169,Host1169,f,Bronx,Mott Haven,40.862119,-73.874797,Entire home/apt,98.53,1,36,2025-07-02,1.13,2,198,$75-150,False,429.0,Highly Available
1001170,Shared room in Riverdale,501170,Host1170,f,Bronx,Riverdale,40.857107,-73.876058,Shared room,30.76,1,55,2026-02-21,1.24,1,195,$0-75,False,195.0,Highly Available
1001171,Entire home/apt in Jamaica,501171,Host1171,f,Queens,Jamaica,40.750694,-73.781825,Entire home/apt,118.97,7,29,2026-06-29,0.64,1,334,$75-150,False,67.0,Highly Available
1001172,Entire home/apt in Bushwick,501172,Host1172,f,Brooklyn,Bushwick,40.686509,-73.924553,Entire home/apt,312.23,1,5,2026-07-19,0.16,1,201,$250-400,False,47.0,Highly Available
1001173,Private room in Tottenville,501173,Host1173,f,Staten Island,Tottenville,40.582277,-74.144407,Private room,69.87,7,14,2026-06-05,0.32,3,115,$0-75,False,91.0,Sometimes Available
1001174,Entire home/apt in Mott Haven,501174,Host1174,f,Bronx,Mott Haven,40.822676,-73.874115,Entire home/apt,101.85,3,11,2026-03-26,0.29,3,196,$75-150,False,162.0,Highly Available
1001175,Entire home/apt in Williamsburg,501175,Host1175,f,Brooklyn,Williamsburg,40.683827,-73.891655,Entire home/apt,213.18,1,18,2026-05-14,0.73,1,194,$150-250,False,113.0,Highly Available
1001176,Private room in Park Slope,501176,Host1176,t,Brooklyn,Park Slope,40.668226,-73.88541,Private room,133.14,1,7,2025-09-16,0.39,1,41,$75-150,True,353.0,Sometimes Available
1001177,Entire home/apt in Greenpoint,501177,Host1177,f,Brooklyn,Greenpoint,40.689473,-73.942845,Entire home/apt,193.63,1,27,2026-04-24,0.62,1,183,$150-250,False,133.0,Highly Available
1001178,Entire home/apt in Jamaica,501178,Host1178,f,Queens,Jamaica,40.730965,-73.782927,Entire home/apt,158.94,2,43,2026-07-24,1.5,1,190,$150-250,False,42.0,Highly Available
1001179,Private room in Jamaica,501179,Host1179,f,Queens,Jamaica,40.728836,-73.792533,Private room,48.91,14,2,2025-12-07,0.06,5,237,$0-75,False,271.0,Highly Available
1001180,Private room in Upper West Side,501180,Host1180,t,Manhattan,Upper West Side,40.775946,-73.975448,Private room,112.43,3,15,2026-06-10,1.97,1,71,$75-150,True,86.0,Sometimes Available
1001181,Private room in Park Slope,501181,Host1181,t,Brooklyn,Park Slope,40.731806,-73.955387,Private room,62.81,2,8,2026-01-20,0.52,1,129,$0-75,True,227.0,Sometimes Available
1001182,Entire home/apt in Chelsea,501182,Host1182,f,Manhattan,Chelsea,40.772407,-73.972654,Entire home/apt,450.75,1,11,2026-07-26,0.75,5,172,$400+,False,40.0,Sometimes Available
1001183,Entire home/apt in Flushing,501183,Host1183,f,Queens,Flushing,40.709174,-73.824002,Entire home/apt,187.96,1,9,2026-04-22,1.24,1,138,$150-250,False,135.0,Sometimes Available
1001184,Entire home/apt in Flushing,501184,Host1184,f,Queens,Flushing,40.728226,-73.793365,Entire home/apt,159.65,1,19,2025-10-31,0.58,1,273,$150-250,False,308.0,Highly Available
1001185,Private room in St. George,501185,Host1185,f,Staten Island,St. George,40.597625,-74.172507,Private room,123.72,2,27,2026-07-06,0.68,1,311,$75-150,False,60.0,Highly Available
1001186,Entire home/apt in East Village,501186,Host1186,f,Manhattan,East Village,40.765554,-73.994337,Entire home/apt,369.44,30,0,,0.0,1,90,$250-400,False,,Sometimes Available
1001187,Entire home/apt in Crown Heights,501187,Host1187,f,Brooklyn,Crown Heights,40.65344,-73.925586,Entire home/apt,165.83,7,54,2026-06-06,3.65,1,168,$150-250,False,90.0,Sometimes Available
1001188,Private room in Williamsburg,501188,Host1188,f,Brooklyn,Williamsburg,40.671773,-73.943222,Private room,111.45,3,2,2026-06-10,0.06,3,43,$75-150,False,86.0,Sometimes Available
1001189,Entire home/apt in Riverdale,501189,Host1189,f,Bronx,Riverdale,40.853642,-73.877402,Entire home/apt,77.54,1,74,2026-03-09,2.36,2,126,$75-150,False,179.0,Sometimes Available
1001190,Private room in Crown Heights,501190,Host1190,f,Brooklyn,Crown Heights,40.653553,-73.927623,Private room,209.3,1,17,2026-04-23,0.54,1,189,$150-250,False,134.0,Highly Available
1001191,Private room in Bedford-Stuyvesant,501191,Host1191,f,Brooklyn,Bedford-Stuyvesant,40.651915,-73.948397,Private room,141.66,7,25,2026-06-07,2.87,2,190,$75-150,False,89.0,Highly Available
1001192,Entire home/apt in Hell's Kitchen,501192,Host1192,f,Manhattan,Hell's Kitchen,40.797133,-73.963446,Entire home/apt,181.03,2,11,2026-07-01,0.49,1,80,$150-250,False,65.0,Sometimes Available
1001193,Entire home/apt in Bushwick,501193,Host1193,f,Brooklyn,Bushwick,40.659647,-73.97619,Entire home/apt,397.47,1,20,2026-02-27,1.17,1,114,$250-400,False,189.0,Sometimes Available
1001194,Private room in Midtown,501194,Host1194,f,Manhattan,Midtown,40.806713,-73.954053,Private room,205.05,1,21,2026-05-11,0.68,1,153,$150-250,False,116.0,Sometimes Available
1001195,Entire home/apt in Bushwick,501195,Host1195,f,Brooklyn,Bushwick,40.686639,-73.954723,Entire home/apt,201.2,1,36,2026-05-12,0.85,1,167,$150-250,False,115.0,Sometimes Available
1001196,Entire home/apt in Jamaica,501196,Host1196,t,Queens,Jamaica,40.757384,-73.828185,Entire home/apt,69.49,1,7,2026-03-15,1.04,1,236,$0-75,True,173.0,Highly Available
1001197,Private room in Park Slope,501197,Host1197,f,Brooklyn,Park Slope,40.663736,-73.933568,Private room,172.29,5,31,2026-07-01,0.92,1,97,$150-250,False,65.0,Sometimes Available
1001198,Entire home/apt in Greenpoint,501198,Host1198,f,Brooklyn,Greenpoint,40.69471,-73.935327,Entire home/apt,309.32,1,1,2026-07-18,0.13,1,50,$250-400,False,48.0,Sometimes Available
1001199,Entire home/apt in Crown Heights,501199,Host1199,f,Brooklyn,Crown Heights,40.647448,-73.91369,Entire home/apt,294.86,1,31,2026-04-07,0.82,1,150,$250-400,False,150.0,Sometimes Available
1001200,Private room in Harlem,501200,Host1200,t,Manhattan,Harlem,40.753813,-73.971871,Private room,131.78,2,4,2026-04-15,0.15,1,128,$75-150,True,142.0,Sometimes Available
1001201,Private room in Flushing,501201,Host1201,t,Queens,Flushing,40.724411,-73.841551,Private room,86.73,1,16,2026-07-01,1.5,1,0,$75-150,True,65.0,Rarely Available
1001202,Private room in Crown Heights,501202,Host1202,f,Brooklyn,Crown Heights,40.637862,-73.938223,Private room,135.91,1,51,2026-07-24,1.39,1,155,$75-150,False,42.0,Sometimes Available
1001203,Entire home/apt in Upper West Side,501203,Host1203,f,Manhattan,Upper West Side,40.773976,-73.979324,Entire home/apt,544.6,2,13,2025-11-02,0.41,1,229,$400+,False,306.0,Highly Available
1001204,Entire home/apt in East Village,501204,Host1204,f,Manhattan,East Village,40.793459,-73.970417,Entire home/apt,194.54,1,0,,0.0,2,0,$150-250,False,,Rarely Available
1001205,Entire home/apt in Williamsburg,501205,Host1205,f,Brooklyn,Williamsburg,40.699965,-73.944672,Entire home/apt,480.16,3,13,2026-06-12,1.91,1,74,$400+,False,84.0,Sometimes Available
1001206,Entire home/apt in Fordham,501206,Host1206,f,Bronx,Fordham,40.851904,-73.941457,Entire home/apt,95.34,7,30,2025-12-16,2.45,1,105,$75-150,False,262.0,Sometimes Available
1001207,Entire home/apt in Park Slope,501207,Host1207,f,Brooklyn,Park Slope,40.653355,-73.938957,Entire home/apt,450.02,7,47,2026-05-15,1.17,1,190,$400+,False,112.0,Highly Available
1001208,Private room in East Village,501208,Host1208,f,Manhattan,East Village,40.757007,-73.966407,Private room,206.75,5,19,2025-12-26,0.42,1,365,$150-250,False,252.0,Highly Available
1001209,Shared room in Long Island City,501209,Host1209,f,Queens,Long Island City,40.754423,-73.795425,Shared room,20.0,5,31,2026-03-12,1.95,1,305,$0-75,False,176.0,Highly Available
1001210,Private room in East Village,501210,Host1210,f,Manhattan,East Village,40.805269,-73.975776,Private room,153.09,30,15,2026-05-30,0.42,3,146,$150-250,False,97.0,Sometimes Available
1001211,Entire home/apt in Long Island City,501211,Host1211,f,Queens,Long Island City,40.733069,-73.781304,Entire home/apt,79.67,1,44,2026-04-29,1.53,3,355,$75-150,False,128.0,Highly Available
1001212,Private room in Fordham,501212,Host1212,t,Bronx,Fordham,40.872145,-73.909093,Private room,63.01,2,38,2026-02-24,5.3,1,150,$0-75,True,192.0,Sometimes Available
1001213,Entire home/apt in DUMBO,501213,Host1213,t,Brooklyn,DUMBO,40.667271,-73.934715,Entire home/apt,108.5,1,39,2026-07-18,2.49,1,198,$75-150,True,48.0,Highly Available
1001214,Private room in Williamsburg,501214,Host1214,f,Brooklyn,Williamsburg,40.677434,-73.944759,Private room,127.72,5,7,2026-06-07,0.19,1,183,$75-150,False,89.0,Highly Available
1001215,Entire home/apt in Hell's Kitchen,501215,Host1215,f,Manhattan,Hell's Kitchen,40.768006,-73.92795,Entire home/apt,553.4843000000001,3,75,2026-05-14,7.09,5,160,$400+,False,113.0,Sometimes Available
1001216,Entire home/apt in Bedford-Stuyvesant,501216,Host1216,t,Brooklyn,Bedford-Stuyvesant,40.678609,-73.951036,Entire home/apt,138.06,2,23,2026-07-26,1.16,1,29,$75-150,True,40.0,Rarely Available
1001217,Entire home/apt in DUMBO,501217,Host1217,f,Brooklyn,DUMBO,40.703998,-73.919834,Entire home/apt,221.56,14,48,2026-06-30,5.16,10,50,$150-250,False,66.0,Sometimes Available
1001218,Hotel room in Upper West Side,501218,Host1218,f,Manhattan,Upper West Side,40.781877,-73.96209,Hotel room,365.7,2,1,2025-11-22,0.07,3,120,$250-400,False,286.0,Sometimes Available
1001219,Private room in Long Island City,501219,Host1219,f,Queens,Long Island City,40.733064,-73.779182,Private room,50.93,1,21,2026-05-09,0.7,1,86,$0-75,False,118.0,Sometimes Available
1001220,Shared room in Upper West Side,501220,Host1220,f,Manhattan,Upper West Side,40.802426,-73.994801,Shared room,129.67,3,17,2026-03-27,1.24,10,181,$75-150,False,161.0,Highly Available
1001221,Entire home/apt in Bedford-Stuyvesant,501221,Host1221,f,Brooklyn,Bedford-Stuyvesant,40.686148,-73.969829,Entire home/apt,167.67,2,89,2026-06-11,2.41,1,219,$150-250,False,85.0,Highly Available
1001222,Entire home/apt in Upper West Side,501222,Host1222,f,Manhattan,Upper West Side,40.733511,-73.976887,Entire home/apt,132.33,5,14,2026-07-09,1.21,3,170,$75-150,False,57.0,Sometimes Available
1001223,Entire home/apt in Upper West Side,501223,Host1223,t,Manhattan,Upper West Side,40.754931,-73.979349,Entire home/apt,134.5,2,28,2026-03-22,1.12,1,13,$75-150,True,166.0,Rarely Available
1001224,Private room in Hell's Kitchen,501224,Host1224,f,Manhattan,Hell's Kitchen,40.791969,-73.942691,Private room,227.55,1,19,2026-05-31,0.4,1,101,$150-250,False,96.0,Sometimes Available
1001225,Private room in East Village,501225,Host1225,f,Manhattan,East Village,40.804052,-73.988246,Private room,59.54,1,22,2026-01-02,1.67,2,93,$0-75,False,245.0,Sometimes Available
1001226,Private room in St. George,501226,Host1226,f,Staten Island,St. George,40.605684,-74.136778,Private room,44.12,3,10,2026-01-05,0.35,10,18,$0-75,False,242.0,Rarely Available
1001227,Entire home/apt in Harlem,501227,Host1227,f,Manhattan,Harlem,40.755906,-73.999802,Entire home/apt,329.33,2,12,2025-06-01,0.33,1,365,$250-400,False,460.0,Highly Available
1001228,Private room in Astoria,501228,Host1228,f,Queens,Astoria,40.709323,-73.805718,Private room,63.32,14,41,2026-03-28,0.87,1,0,$0-75,False,160.0,Rarely Available
1001229,Private room in Bedford-Stuyvesant,501229,Host1229,f,Brooklyn,Bedford-Stuyvesant,40.656387,-73.944314,Private room,141.97,1,31,2026-07-08,2.05,1,97,$75-150,False,58.0,Sometimes Available
1001230,Entire home/apt in Crown Heights,501230,Host1230,f,Brooklyn,Crown Heights,40.639556,-73.941351,Entire home/apt,154.62,1,5,2026-08-01,0.17,10,291,$150-250,False,34.0,Highly Available
1001231,Private room in Williamsburg,501231,Host1231,f,Brooklyn,Williamsburg,40.687351,-73.954377,Private room,71.55,30,23,2025-08-24,0.9,1,350,$0-75,False,376.0,Highly Available
1001232,Private room in Chelsea,501232,Host1232,t,Manhattan,Chelsea,40.808549,-73.978848,Private room,88.2,3,25,2026-08-01,1.08,1,43,$75-150,True,34.0,Sometimes Available
1001233,Private room in Midtown,501233,Host1233,f,Manhattan,Midtown,40.736414,-73.964022,Private room,138.56,3,5,2026-06-10,0.18,2,181,$75-150,False,86.0,Highly Available
1001234,Private room in Williamsburg,501234,Host1234,f,Brooklyn,Williamsburg,40.705079,-73.96476,Private room,104.18,2,25,2026-07-21,0.57,1,344,$75-150,False,45.0,Highly Available
1001235,Private room in Riverdale,501235,Host1235,t,Bronx,Riverdale,40.840772,-73.862656,Private room,20.0,1,0,,0.0,1,229,$0-75,True,,Highly Available
1001236,Entire home/apt in Chelsea,501236,Host1236,t,Manhattan,Chelsea,40.753928,-73.96658,Entire home/apt,200.57,7,37,2026-05-13,2.17,1,18,$150-250,True,114.0,Rarely Available
1001237,Entire home/apt in Bushwick,501237,Host1237,f,Brooklyn,Bushwick,40.707178,-73.959949,Entire home/apt,156.15,5,26,2026-06-02,1.02,1,7,$150-250,False,94.0,Rarely Available
1001238,Entire home/apt in Park Slope,501238,Host1238,f,Brooklyn,Park Slope,40.689942,-73.961583,Entire home/apt,64.35,3,41,2026-07-18,1.23,1,340,$0-75,False,48.0,Highly Available
1001239,Entire home/apt in East Village,501239,Host1239,f,Manhattan,East Village,40.75992,-73.948642,Entire home/apt,176.12,1,76,2026-07-12,7.14,1,200,$150-250,False,54.0,Highly Available
1001240,Entire home/apt in Upper West Side,501240,Host1240,t,Manhattan,Upper West Side,40.772938,-73.936647,Entire home/apt,389.36,1,33,2026-06-20,1.26,1,277,$250-400,True,76.0,Highly Available
1001241,Entire home/apt in Williamsburg,501241,Host1241,f,Brooklyn,Williamsburg,40.675984,-73.962757,Entire home/apt,212.53,3,22,2025-06-16,0.8,5,151,$150-250,False,445.0,Sometimes Available
1001242,Private room in Crown Heights,501242,Host1242,f,Brooklyn,Crown Heights,40.656122,-73.950202,Private room,78.69,2,0,,0.0,10,57,$75-150,False,,Sometimes Available
1001243,Private room in Chelsea,501243,Host1243,f,Manhattan,Chelsea,40.785069,-73.991884,Private room,192.87,3,54,2026-04-06,2.16,1,212,$150-250,False,151.0,Highly Available
1001244,Entire home/apt in Jamaica,501244,Host1244,f,Queens,Jamaica,40.724845,-73.813501,Entire home/apt,198.12,1,39,2026-04-22,1.85,2,196,$150-250,False,135.0,Highly Available
1001245,Private room in Jamaica,501245,Host1245,f,Queens,Jamaica,40.738228,-73.787264,Private room,68.81,2,13,2026-03-29,0.53,1,315,$0-75,False,159.0,Highly Available
1001246,Entire home/apt in Park Slope,501246,Host1246,f,Brooklyn,Park Slope,40.655581,-73.919272,Entire home/apt,300.26,1,17,2026-02-07,0.38,3,121,$250-400,False,209.0,Sometimes Available
1001247,Entire home/apt in Tottenville,501247,Host1247,f,Staten Island,Tottenville,40.583724,-74.157695,Entire home/apt,88.68,2,19,2026-04-07,2.54,1,32,$75-150,False,150.0,Sometimes Available
1001248,Entire home/apt in Bushwick,501248,Host1248,f,Brooklyn,Bushwick,40.674477,-73.941001,Entire home/apt,121.32,1,55,2026-01-05,1.24,1,301,$75-150,False,242.0,Highly Available
1001249,Private room in Bedford-Stuyvesant,501249,Host1249,f,Brooklyn,Bedford-Stuyvesant,40.672854,-73.989979,Private room,62.68,1,29,2026-05-30,0.61,1,343,$0-75,False,97.0,Highly Available
1001250,Entire home/apt in Long Island City,501250,Host1250,f,Queens,Long Island City,40.726547,-73.776493,Entire home/apt,136.63,30,2,2026-06-16,0.1,1,365,$75-150,False,80.0,Highly Available
1001251,Entire home/apt in Midtown,501251,Host1251,f,Manhattan,Midtown,40.762083,-73.959866,Entire home/apt,246.53,5,0,,0.0,1,266,$150-250,False,,Highly Available
1001252,Shared room in Astoria,501252,Host1252,f,Queens,Astoria,40.713708,-73.783732,Shared room,54.67,2,22,2026-05-26,1.84,1,137,$0-75,False,101.0,Sometimes Available
1001253,Entire home/apt in Flushing,501253,Host1253,t,Queens,Flushing,40.70964,-73.807111,Entire home/apt,172.84,1,0,,0.0,1,75,$150-250,True,,Sometimes Available
1001254,Entire home/apt in Mott Haven,501254,Host1254,f,Bronx,Mott Haven,40.875994,-73.888079,Entire home/apt,130.05,5,90,2026-07-16,3.5,1,38,$75-150,False,50.0,Sometimes Available
1001255,Entire home/apt in Park Slope,501255,Host1255,t,Brooklyn,Park Slope,40.696309,-73.966149,Entire home/apt,101.42,3,31,2026-04-21,1.06,1,73,$75-150,True,136.0,Sometimes Available
1001256,Entire home/apt in Crown Heights,501256,Host1256,f,Brooklyn,Crown Heights,40.661625,-73.952069,Entire home/apt,315.99,1,21,2026-06-08,0.95,1,127,$250-400,False,88.0,Sometimes Available
1001257,Hotel room in Midtown,501257,Host1257,f,Manhattan,Midtown,40.771113,-73.987204,Hotel room,187.97,3,7,2026-01-11,0.8,2,4,$150-250,False,236.0,Rarely Available
1001258,Entire home/apt in Chelsea,501258,Host1258,f,Manhattan,Chelsea,40.759835,-73.980843,Entire home/apt,463.54,1,27,2026-05-31,1.06,2,101,$400+,False,96.0,Sometimes Available
1001259,Entire home/apt in Riverdale,501259,Host1259,f,Bronx,Riverdale,40.830484,-73.884543,Entire home/apt,89.48,1,74,2026-07-03,1.76,1,115,$75-150,False,63.0,Sometimes Available
1001260,Entire home/apt in Flushing,501260,Host1260,t,Queens,Flushing,40.726417,-73.797363,Entire home/apt,88.64,14,7,2025-05-19,0.72,1,277,$75-150,True,473.0,Highly Available
1001261,Entire home/apt in Fordham,501261,Host1261,f,Bronx,Fordham,40.878979,-73.891286,Entire home/apt,109.44,2,58,2026-06-10,6.15,2,241,$75-150,False,86.0,Highly Available
1001262,Private room in Bushwick,501262,Host1262,f,Brooklyn,Bushwick,40.67471,-73.95354,Private room,88.24,1,11,2026-07-26,0.26,5,0,$75-150,False,40.0,Rarely Available
1001263,Entire home/apt in Jamaica,501263,Host1263,f,Queens,Jamaica,40.716748,-73.805318,Entire home/apt,93.25,5,54,2026-04-28,3.44,1,122,$75-150,False,129.0,Sometimes Available
1001264,Private room in St. George,501264,Host1264,f,Staten Island,St. George,40.576194,-74.135066,Private room,122.8,2,19,2025-12-13,0.6,2,300,$75-150,False,265.0,Highly Available
1001265,Entire home/apt in St. George,501265,Host1265,t,Staten Island,St. George,40.606226,-74.109883,Entire home/apt,161.19,1,10,2026-06-13,0.39,5,266,$150-250,True,83.0,Highly Available
1001266,Entire home/apt in Williamsburg,501266,Host1266,f,Brooklyn,Williamsburg,40.668724,-73.909036,Entire home/apt,158.83,1,71,2026-04-02,3.65,1,254,$150-250,False,155.0,Highly Available
1001267,Entire home/apt in Bedford-Stuyvesant,501267,Host1267,f,Brooklyn,Bedford-Stuyvesant,40.66454,-73.942587,Entire home/apt,283.91,3,20,2026-06-18,3.11,1,219,$250-400,False,78.0,Highly Available
1001268,Entire home/apt in Jamaica,501268,Host1268,t,Queens,Jamaica,40.703746,-73.754998,Entire home/apt,195.09,1,29,2025-12-13,0.97,1,313,$150-250,True,265.0,Highly Available
1001269,Entire home/apt in Chelsea,501269,Host1269,f,Manhattan,Chelsea,40.778255,-73.987359,Entire home/apt,394.16,2,85,2025-07-03,1.85,2,141,$250-400,False,428.0,Sometimes Available
1001270,Entire home/apt in Bedford-Stuyvesant,501270,Host1270,f,Brooklyn,Bedford-Stuyvesant,40.695172,-73.914155,Entire home/apt,192.19,3,11,2026-04-12,0.51,1,235,$150-250,False,145.0,Highly Available
1001271,Entire home/apt in DUMBO,501271,Host1271,t,Brooklyn,DUMBO,40.679185,-73.918061,Entire home/apt,156.1,14,9,2026-07-29,0.21,3,0,$150-250,True,37.0,Rarely Available
1001272,Entire home/apt in Ridgewood,501272,Host1272,t,Queens,Ridgewood,40.721984,-73.78821,Entire home/apt,163.28,3,15,2026-06-06,0.56,1,177,$150-250,True,90.0,Sometimes Available
1001273,Entire home/apt in Harlem,501273,Host1273,f,Manhattan,Harlem,40.784994,-74.015254,Entire home/apt,486.49,14,22,2026-04-05,0.67,10,84,$400+,False,152.0,Sometimes Available
1001274,Private room in Ridgewood,501274,Host1274,f,Queens,Ridgewood,40.713404,-73.749839,Private room,20.0,2,15,2026-07-13,1.09,1,263,$0-75,False,53.0,Highly Available
1001275,Entire home/apt in DUMBO,501275,Host1275,f,Brooklyn,DUMBO,40.667882,-73.938672,Entire home/apt,190.71,3,85,2026-07-03,3.56,1,208,$150-250,False,63.0,Highly Available
1001276,Entire home/apt in Harlem,501276,Host1276,f,Manhattan,Harlem,40.798701,-73.982278,Entire home/apt,255.02,2,57,2026-07-01,1.29,1,101,$250-400,False,65.0,Sometimes Available
1001277,Private room in Bedford-Stuyvesant,501277,Host1277,t,Brooklyn,Bedford-Stuyvesant,40.656579,-73.963311,Private room,86.24,7,26,2025-12-22,0.65,5,118,$75-150,True,256.0,Sometimes Available
1001278,Entire home/apt in Fordham,501278,Host1278,f,Bronx,Fordham,40.833054,-73.951007,Entire home/apt,52.11,1,28,2025-12-15,1.1,1,273,$0-75,False,263.0,Highly Available
1001279,Private room in Williamsburg,501279,Host1279,f,Brooklyn,Williamsburg,40.695654,-73.952639,Private room,246.23,14,7,2026-01-11,0.16,2,253,$150-250,False,236.0,Highly Available
1001280,Entire home/apt in Bushwick,501280,Host1280,f,Brooklyn,Bushwick,40.66134,-73.966658,Entire home/apt,294.58,1,3,2026-07-15,0.08,1,204,$250-400,False,51.0,Highly Available
1001281,Private room in Jamaica,501281,Host1281,f,Queens,Jamaica,40.73992,-73.78068,Private room,35.73,1,31,2026-06-08,0.91,1,67,$0-75,False,88.0,Sometimes Available
1001282,Entire home/apt in Fordham,501282,Host1282,f,Bronx,Fordham,40.850831,-73.855401,Entire home/apt,151.3,1,3,2026-05-21,0.15,1,334,$150-250,False,106.0,Highly Available
1001283,Entire home/apt in Ridgewood,501283,Host1283,f,Queens,Ridgewood,40.716729,-73.782417,Entire home/apt,310.12,3,17,2026-05-24,0.38,1,8,$250-400,False,103.0,Rarely Available
1001284,Private room in Astoria,501284,Host1284,f,Queens,Astoria,40.690463,-73.791601,Private room,69.96,2,2,2026-02-17,0.05,1,79,$0-75,False,199.0,Sometimes Available
1001285,Private room in Bushwick,501285,Host1285,t,Brooklyn,Bushwick,40.676729,-73.968336,Private room,206.91,2,12,2026-03-13,0.29,1,0,$150-250,True,175.0,Rarely Available
1001286,Entire home/apt in St. George,501286,Host1286,f,Staten Island,St. George,40.572838,-74.161812,Entire home/apt,70.71,3,0,,0.0,1,27,$0-75,False,,Rarely Available
1001287,Private room in Harlem,501287,Host1287,f,Manhattan,Harlem,40.773057,-73.968199,Private room,143.3,30,92,2025-06-22,1.97,1,277,$75-150,False,439.0,Highly Available
1001288,Entire home/apt in Ridgewood,501288,Host1288,t,Queens,Ridgewood,40.71041,-73.781102,Entire home/apt,155.82,1,85,2026-08-01,2.22,3,253,$150-250,True,34.0,Highly Available
1001289,Entire home/apt in Ridgewood,501289,Host1289,f,Queens,Ridgewood,40.736782,-73.783655,Entire home/apt,102.88,1,34,2026-02-06,1.37,1,245,$75-150,False,210.0,Highly Available
1001290,Private room in Chelsea,501290,Host1290,f,Manhattan,Chelsea,40.812127,-73.970616,Private room,119.51,14,41,2025-09-30,4.43,1,183,$75-150,False,339.0,Highly Available
1001291,Private room in Jamaica,501291,Host1291,f,Queens,Jamaica,40.716164,-73.791435,Private room,28.13,5,10,2026-02-14,0.22,2,171,$0-75,False,202.0,Sometimes Available
1001292,Private room in Harlem,501292,Host1292,t,Manhattan,Harlem,40.763459,-73.984561,Private room,158.37,2,4,2026-02-05,0.11,1,158,$150-250,True,211.0,Sometimes Available
1001293,Private room in Chelsea,501293,Host1293,t,Manhattan,Chelsea,40.758044,-73.982578,Private room,95.97,5,0,,0.0,5,25,$75-150,True,,Rarely Available
1001294,Shared room in Ridgewood,501294,Host1294,t,Queens,Ridgewood,40.734956,-73.767929,Shared room,21.53,1,44,2026-07-17,1.76,1,109,$0-75,True,49.0,Sometimes Available
1001295,Hotel room in Jamaica,501295,Host1295,f,Queens,Jamaica,40.742515,-73.768325,Hotel room,143.32,3,37,2025-04-30,1.0,3,339,$75-150,False,492.0,Highly Available
1001296,Entire home/apt in DUMBO,501296,Host1296,f,Brooklyn,DUMBO,40.669601,-73.967547,Entire home/apt,183.16,3,32,2026-05-27,1.48,3,365,$150-250,False,100.0,Highly Available
1001297,Entire home/apt in Harlem,501297,Host1297,f,Manhattan,Harlem,40.806757,-73.954813,Entire home/apt,227.47,1,14,2025-11-22,0.32,1,262,$150-250,False,286.0,Highly Available
1001298,Private room in Park Slope,501298,Host1298,t,Brooklyn,Park Slope,40.663253,-73.925859,Private room,111.91,3,7,2026-06-09,0.19,1,236,$75-150,True,87.0,Highly Available
1001299,Shared room in Hell's Kitchen,501299,Host1299,f,Manhattan,Hell's Kitchen,40.785013,-73.959574,Shared room,86.54,1,15,2026-05-26,0.68,10,90,$75-150,False,101.0,Sometimes Available
1001300,Private room in Midtown,501300,Host1300,t,Manhattan,Midtown,40.75011,-74.010244,Private room,52.2,3,22,2026-02-05,3.15,1,172,$0-75,True,211.0,Sometimes Available
1001301,Hotel room in Upper West Side,501301,Host1301,f,Manhattan,Upper West Side,40.751324,-73.989219,Hotel room,303.89,1,0,,0.0,1,342,$250-400,False,,Highly Available
1001302,Entire home/apt in Astoria,501302,Host1302,f,Queens,Astoria,40.752385,-73.783395,Entire home/apt,243.48,1,51,2026-02-11,1.85,1,0,$150-250,False,205.0,Rarely Available
1001303,Private room in Bushwick,501303,Host1303,f,Brooklyn,Bushwick,40.708388,-73.945708,Private room,155.2,1,14,2026-04-24,0.35,1,157,$150-250,False,133.0,Sometimes Available
1001304,Entire home/apt in Greenpoint,501304,Host1304,f,Brooklyn,Greenpoint,40.709519,-73.938785,Entire home/apt,428.18,1,57,2026-02-14,1.89,1,202,$400+,False,202.0,Highly Available
1001305,Private room in DUMBO,501305,Host1305,f,Brooklyn,DUMBO,40.683502,-73.947733,Private room,82.06,5,6,2026-03-18,0.16,1,205,$75-150,False,170.0,Highly Available
1001306,Entire home/apt in Mott Haven,501306,Host1306,f,Bronx,Mott Haven,40.833702,-73.884946,Entire home/apt,62.84,3,4,2026-05-06,0.25,1,1,$0-75,False,121.0,Rarely Available
1001307,Private room in Upper West Side,501307,Host1307,t,Manhattan,Upper West Side,40.76962,-73.965122,Private room,73.83,1,26,2026-05-01,1.85,1,18,$0-75,True,126.0,Rarely Available
1001308,Private room in Hell's Kitchen,501308,Host1308,f,Manhattan,Hell's Kitchen,40.775995,-73.993594,Private room,20.0,1,7,2026-06-11,0.16,1,365,$0-75,False,85.0,Highly Available
1001309,Private room in Greenpoint,501309,Host1309,f,Brooklyn,Greenpoint,40.679835,-73.919268,Private room,61.43,2,2,2026-06-26,0.09,1,280,$0-75,False,70.0,Highly Available
1001310,Private room in Bushwick,501310,Host1310,f,Brooklyn,Bushwick,40.653901,-73.915119,Private room,74.82,7,4,2026-07-09,0.09,1,28,$0-75,False,57.0,Rarely Available
1001311,Entire home/apt in Upper West Side,501311,Host1311,f,Manhattan,Upper West Side,40.778692,-73.990104,Entire home/apt,484.38,1,13,2026-07-05,1.17,1,225,$400+,False,61.0,Highly Available
1001312,Shared room in Upper West Side,501312,Host1312,f,Manhattan,Upper West Side,40.763604,-73.957023,Shared room,94.22,5,25,2025-07-04,0.97,5,12,$75-150,False,427.0,Rarely Available
1001313,Entire home/apt in Williamsburg,501313,Host1313,f,Brooklyn,Williamsburg,40.691803,-73.923199,Entire home/apt,135.45,2,9,2026-07-24,0.74,10,147,$75-150,False,42.0,Sometimes Available
1001314,Shared room in Riverdale,501314,Host1314,t,Bronx,Riverdale,40.818117,-73.935178,Shared room,38.03,2,7,2025-10-18,0.21,1,304,$0-75,True,321.0,Highly Available
1001315,Entire home/apt in St. George,501315,Host1315,f,Staten Island,St. George,40.584549,-74.158367,Entire home/apt,96.43,2,36,2026-02-16,2.39,3,61,$75-150,False,200.0,Sometimes Available
1001316,Entire home/apt in Bedford-Stuyvesant,501316,Host1316,f,Brooklyn,Bedford-Stuyvesant,40.707601,-73.945338,Entire home/apt,137.55,14,9,2026-06-11,0.39,3,109,$75-150,False,85.0,Sometimes Available
1001317,Private room in Hell's Kitchen,501317,Host1317,t,Manhattan,Hell's Kitchen,40.732859,-73.975461,Private room,174.88,2,19,2026-04-26,0.87,1,88,$150-250,True,131.0,Sometimes Available
1001318,Private room in Upper West Side,501318,Host1318,f,Manhattan,Upper West Side,40.730198,-73.958282,Private room,158.03,5,56,2025-10-13,4.55,1,69,$150-250,False,326.0,Sometimes Available
1001319,Entire home/apt in Bedford-Stuyvesant,501319,Host1319,t,Brooklyn,Bedford-Stuyvesant,40.70104,-73.931791,Entire home/apt,167.24,14,53,2026-07-07,1.13,1,256,$150-250,True,59.0,Highly Available
1001320,Private room in Hell's Kitchen,501320,Host1320,t,Manhattan,Hell's Kitchen,40.784308,-73.98124,Private room,118.25,3,18,2026-07-20,0.53,1,107,$75-150,True,46.0,Sometimes Available
1001321,Entire home/apt in Williamsburg,501321,Host1321,f,Brooklyn,Williamsburg,40.674497,-73.948351,Entire home/apt,198.91,5,0,,0.0,2,78,$150-250,False,,Sometimes Available
1001322,Private room in Greenpoint,501322,Host1322,f,Brooklyn,Greenpoint,40.676373,-73.927435,Private room,113.91,3,14,2026-04-11,0.7,1,255,$75-150,False,146.0,Highly Available
1001323,Entire home/apt in Financial District,501323,Host1323,t,Manhattan,Financial District,40.753223,-73.996352,Entire home/apt,404.45,5,105,2026-06-15,3.65,10,250,$400+,True,81.0,Highly Available
1001324,Entire home/apt in Hell's Kitchen,501324,Host1324,f,Manhattan,Hell's Kitchen,40.776799,-73.980564,Entire home/apt,284.83,5,37,2026-07-17,5.34,1,76,$250-400,False,49.0,Sometimes Available
1001325,Entire home/apt in Flushing,501325,Host1325,f,Queens,Flushing,40.717778,-73.809956,Entire home/apt,302.5,2,24,2026-07-09,1.89,1,57,$250-400,False,57.0,Sometimes Available
1001326,Shared room in Upper West Side,501326,Host1326,f,Manhattan,Upper West Side,40.790424,-73.968218,Shared room,151.7,30,51,2026-03-29,2.31,2,205,$150-250,False,159.0,Highly Available
1001327,Shared room in Greenpoint,501327,Host1327,f,Brooklyn,Greenpoint,40.675577,-73.949624,Shared room,66.88,7,13,2026-07-28,0.67,1,21,$0-75,False,38.0,Rarely Available
1001328,Entire home/apt in Fordham,501328,Host1328,f,Bronx,Fordham,40.80906,-73.888167,Entire home/apt,88.2,3,36,2026-04-25,1.34,1,90,$75-150,False,132.0,Sometimes Available
1001329,Entire home/apt in Crown Heights,501329,Host1329,f,Brooklyn,Crown Heights,40.692478,-73.908285,Entire home/apt,133.33,3,10,2026-07-10,0.42,10,77,$75-150,False,56.0,Sometimes Available
1001330,Private room in Harlem,501330,Host1330,t,Manhattan,Harlem,40.809385,-73.947045,Private room,140.87,7,35,2025-11-03,0.96,1,190,$75-150,True,305.0,Highly Available
1001331,Shared room in Park Slope,501331,Host1331,f,Brooklyn,Park Slope,40.686361,-73.964894,Shared room,65.74,3,0,,0.0,1,104,$0-75,False,,Sometimes Available
1001332,Entire home/apt in Greenpoint,501332,Host1332,f,Brooklyn,Greenpoint,40.672966,-73.898865,Entire home/apt,196.71,1,19,2025-10-27,2.07,3,96,$150-250,False,312.0,Sometimes Available
1001333,Private room in Williamsburg,501333,Host1333,f,Brooklyn,Williamsburg,40.671724,-73.928311,Private room,104.56,1,23,2026-07-03,0.5,1,22,$75-150,False,63.0,Rarely Available
1001334,Entire home/apt in Astoria,501334,Host1334,f,Queens,Astoria,40.72278,-73.814602,Entire home/apt,143.11,7,33,2026-02-25,0.76,1,83,$75-150,False,191.0,Sometimes Available
1001335,Entire home/apt in Williamsburg,501335,Host1335,f,Brooklyn,Williamsburg,40.654927,-73.930454,Entire home/apt,326.29,7,6,2026-06-04,0.49,1,137,$250-400,False,92.0,Sometimes Available
1001336,Private room in Midtown,501336,Host1336,f,Manhattan,Midtown,40.796073,-73.967493,Private room,91.14,14,19,2026-05-22,0.45,1,134,$75-150,False,105.0,Sometimes Available
1001337,Private room in Upper West Side,501337,Host1337,f,Manhattan,Upper West Side,40.736456,-74.000677,Private room,159.65,1,2,2026-06-29,0.06,1,298,$150-250,False,67.0,Highly Available
1001338,Private room in Chelsea,501338,Host1338,f,Manhattan,Chelsea,40.775795,-73.959441,Private room,93.07,1,3,2025-09-03,0.32,3,90,$75-150,False,366.0,Sometimes Available
1001339,Private room in Park Slope,501339,Host1339,f,Brooklyn,Park Slope,40.665577,-73.982317,Private room,95.36,1,14,2026-07-22,0.65,1,32,$75-150,False,44.0,Sometimes Available
1001340,Entire home/apt in Bushwick,501340,Host1340,f,Brooklyn,Bushwick,40.691106,-73.956003,Entire home/apt,170.61,1,65,2026-07-07,2.39,1,161,$150-250,False,59.0,Sometimes Available
1001341,Entire home/apt in Mott Haven,501341,Host1341,f,Bronx,Mott Haven,40.81906,-73.861253,Entire home/apt,135.05,2,28,2026-07-25,0.93,10,263,$75-150,False,41.0,Highly Available
1001342,Private room in Jamaica,501342,Host1342,t,Queens,Jamaica,40.755904,-73.789927,Private room,95.97,1,24,2026-05-23,0.52,1,186,$75-150,True,104.0,Highly Available
1001343,Entire home/apt in Astoria,501343,Host1343,f,Queens,Astoria,40.69574,-73.79261,Entire home/apt,106.85,3,142,2026-07-09,9.01,1,245,$75-150,False,57.0,Highly Available
1001344,Private room in Fordham,501344,Host1344,f,Bronx,Fordham,40.807408,-73.90844,Private room,58.63,1,18,2026-03-28,1.44,1,241,$0-75,False,160.0,Highly Available
1001345,Entire home/apt in Fordham,501345,Host1345,t,Bronx,Fordham,40.864069,-73.855054,Entire home/apt,190.07,1,9,2026-08-01,0.37,1,47,$150-250,True,34.0,Sometimes Available
1001346,Private room in East Village,501346,Host1346,f,Manhattan,East Village,40.804595,-73.965893,Private room,165.53,2,33,2025-09-24,0.89,1,223,$150-250,False,345.0,Highly Available
1001347,Hotel room in Midtown,501347,Host1347,f,Manhattan,Midtown,40.765436,-73.973952,Hotel room,553.4843000000001,1,4,2026-04-25,0.17,1,249,$400+,False,132.0,Highly Available
1001348,Private room in Upper West Side,501348,Host1348,f,Manhattan,Upper West Side,40.759922,-73.946669,Private room,185.95,7,14,2026-07-24,0.31,1,309,$150-250,False,42.0,Highly Available
1001349,Private room in Bushwick,501349,Host1349,f,Brooklyn,Bushwick,40.658503,-73.923682,Private room,92.31,1,16,2026-07-05,0.44,5,290,$75-150,False,61.0,Highly Available
1001350,Entire home/apt in Jamaica,501350,Host1350,f,Queens,Jamaica,40.742736,-73.783592,Entire home/apt,85.18,1,31,2026-07-22,1.17,2,162,$75-150,False,44.0,Sometimes Available
1001351,Entire home/apt in Mott Haven,501351,Host1351,f,Bronx,Mott Haven,40.833882,-73.914849,Entire home/apt,61.54,3,19,2026-07-12,1.11,2,243,$0-75,False,54.0,Highly Available
1001352,Private room in Jamaica,501352,Host1352,t,Queens,Jamaica,40.713689,-73.783251,Private room,103.52,3,22,2026-06-07,2.67,1,119,$75-150,True,89.0,Sometimes Available
1001353,Entire home/apt in Bedford-Stuyvesant,501353,Host1353,f,Brooklyn,Bedford-Stuyvesant,40.680441,-73.928273,Entire home/apt,130.5,7,8,2026-07-07,0.29,1,98,$75-150,False,59.0,Sometimes Available
1001354,Hotel room in Astoria,501354,Host1354,f,Queens,Astoria,40.749786,-73.832472,Hotel room,35.18,2,8,2026-06-19,0.17,3,3,$0-75,False,77.0,Rarely Available
1001355,Private room in Riverdale,501355,Host1355,f,Bronx,Riverdale,40.819115,-73.857102,Private room,120.97,2,116,2026-07-28,3.66,1,83,$75-150,False,38.0,Sometimes Available
1001356,Entire home/apt in Ridgewood,501356,Host1356,f,Queens,Ridgewood,40.701969,-73.785441,Entire home/apt,281.04,1,4,2026-03-24,0.1,3,293,$250-400,False,164.0,Highly Available
1001357,Entire home/apt in Crown Heights,501357,Host1357,f,Brooklyn,Crown Heights,40.698791,-73.95397,Entire home/apt,97.97,1,45,2026-07-29,1.3,1,71,$75-150,False,37.0,Sometimes Available
1001358,Entire home/apt in Bedford-Stuyvesant,501358,Host1358,f,Brooklyn,Bedford-Stuyvesant,40.700439,-73.97475,Entire home/apt,373.2,3,29,2026-05-18,1.73,1,76,$250-400,False,109.0,Sometimes Available
1001359,Entire home/apt in Tottenville,501359,Host1359,f,Staten Island,Tottenville,40.550781,-74.196888,Entire home/apt,197.17,3,17,2026-02-16,0.76,1,189,$150-250,False,200.0,Highly Available
1001360,Entire home/apt in Bushwick,501360,Host1360,t,Brooklyn,Bushwick,40.677627,-73.901992,Entire home/apt,59.77,2,7,2026-02-07,0.2,1,184,$0-75,True,209.0,Highly Available
1001361,Entire home/apt in Williamsburg,501361,Host1361,f,Brooklyn,Williamsburg,40.697553,-73.946341,Entire home/apt,178.08,3,31,2026-05-01,1.42,1,0,$150-250,False,126.0,Rarely Available
1001362,Private room in Long Island City,501362,Host1362,f,Queens,Long Island City,40.771395,-73.787718,Private room,73.5,1,1,2026-07-04,0.03,10,179,$0-75,False,62.0,Sometimes Available
1001363,Entire home/apt in Upper West Side,501363,Host1363,f,Manhattan,Upper West Side,40.760977,-74.007094,Entire home/apt,130.39,2,0,,0.0,1,262,$75-150,False,,Highly Available
1001364,Private room in Astoria,501364,Host1364,f,Queens,Astoria,40.770854,-73.765208,Private room,20.0,1,24,2026-07-30,2.42,1,198,$0-75,False,36.0,Highly Available
1001365,Private room in Bedford-Stuyvesant,501365,Host1365,f,Brooklyn,Bedford-Stuyvesant,40.65445,-73.934742,Private room,193.01,1,18,2026-06-21,0.58,1,120,$150-250,False,75.0,Sometimes Available
1001366,Entire home/apt in East Village,501366,Host1366,f,Manhattan,East Village,40.783204,-74.007395,Entire home/apt,553.4843000000001,5,24,2026-07-06,3.55,1,110,$400+,False,60.0,Sometimes Available
1001367,Private room in Chelsea,501367,Host1367,f,Manhattan,Chelsea,40.744558,-73.96723,Private room,94.04,1,16,2026-03-25,0.37,1,5,$75-150,False,163.0,Rarely Available
1001368,Private room in Jamaica,501368,Host1368,f,Queens,Jamaica,40.736696,-73.821566,Private room,68.36,3,39,2026-07-02,1.88,1,135,$0-75,False,64.0,Sometimes Available
1001369,Entire home/apt in Crown Heights,501369,Host1369,t,Brooklyn,Crown Heights,40.682326,-73.941669,Entire home/apt,108.9,1,18,2025-12-23,1.03,2,0,$75-150,True,255.0,Rarely Available
1001370,Private room in Financial District,501370,Host1370,f,Manhattan,Financial District,40.765729,-73.982394,Private room,204.95,1,45,2026-04-07,1.88,1,260,$150-250,False,150.0,Highly Available
1001371,Entire home/apt in East Village,501371,Host1371,f,Manhattan,East Village,40.78549,-73.939978,Entire home/apt,174.03,5,32,2025-04-03,2.41,1,148,$150-250,False,519.0,Sometimes Available
1001372,Private room in Ridgewood,501372,Host1372,f,Queens,Ridgewood,40.725993,-73.785105,Private room,62.63,1,23,2026-01-18,0.83,1,129,$0-75,False,229.0,Sometimes Available
1001373,Private room in Bedford-Stuyvesant,501373,Host1373,f,Brooklyn,Bedford-Stuyvesant,40.653515,-73.971154,Private room,104.5,5,11,2026-07-03,1.15,2,313,$75-150,False,63.0,Highly Available
1001374,Private room in DUMBO,501374,Host1374,f,Brooklyn,DUMBO,40.694804,-73.95626,Private room,201.02,2,42,2026-07-17,0.95,1,0,$150-250,False,49.0,Rarely Available
1001375,Private room in Riverdale,501375,Host1375,f,Bronx,Riverdale,40.835668,-73.91105,Private room,29.77,3,95,2026-06-23,2.34,1,100,$0-75,False,73.0,Sometimes Available
1001376,Shared room in DUMBO,501376,Host1376,f,Brooklyn,DUMBO,40.690081,-73.963503,Shared room,113.69,30,37,2026-05-05,0.86,1,319,$75-150,False,122.0,Highly Available
1001377,Shared room in Fordham,501377,Host1377,f,Bronx,Fordham,40.851638,-73.888683,Shared room,20.0,14,11,2026-07-10,0.58,3,191,$0-75,False,56.0,Highly Available
1001378,Entire home/apt in Fordham,501378,Host1378,f,Bronx,Fordham,40.867191,-73.877317,Entire home/apt,161.35,7,9,2026-01-26,0.44,3,134,$150-250,False,221.0,Sometimes Available
1001379,Entire home/apt in Hell's Kitchen,501379,Host1379,t,Manhattan,Hell's Kitchen,40.788699,-73.945914,Entire home/apt,264.95,30,34,2026-05-07,0.83,1,195,$250-400,True,120.0,Highly Available
1001380,Entire home/apt in Greenpoint,501380,Host1380,t,Brooklyn,Greenpoint,40.680742,-73.937323,Entire home/apt,95.69,1,39,2026-07-29,0.89,1,327,$75-150,True,37.0,Highly Available
1001381,Private room in St. George,501381,Host1381,t,Staten Island,St. George,40.565393,-74.154647,Private room,20.0,1,6,2026-02-28,0.57,2,218,$0-75,True,188.0,Highly Available
1001382,Private room in Flushing,501382,Host1382,f,Queens,Flushing,40.721431,-73.780847,Private room,47.23,30,2,2026-06-26,0.07,2,150,$0-75,False,70.0,Sometimes Available
1001383,Private room in DUMBO,501383,Host1383,f,Brooklyn,DUMBO,40.709334,-73.934654,Private room,31.23,14,6,2026-05-24,0.5,3,342,$0-75,False,103.0,Highly Available
1001384,Shared room in Long Island City,501384,Host1384,t,Queens,Long Island City,40.715635,-73.807029,Shared room,73.19,1,20,2026-06-20,0.59,3,44,$0-75,True,76.0,Sometimes Available
1001385,Private room in Astoria,501385,Host1385,f,Queens,Astoria,40.748372,-73.776778,Private room,26.09,1,18,2026-05-10,1.22,1,154,$0-75,False,117.0,Sometimes Available
1001386,Private room in Jamaica,501386,Host1386,f,Queens,Jamaica,40.76067,-73.775189,Private room,75.14,14,49,2026-05-11,7.06,2,108,$75-150,False,116.0,Sometimes Available
1001387,Private room in Fordham,501387,Host1387,f,Bronx,Fordham,40.820775,-73.887458,Private room,39.94,7,17,2026-06-14,0.48,1,365,$0-75,False,82.0,Highly Available
1001388,Entire home/apt in Bedford-Stuyvesant,501388,Host1388,f,Brooklyn,Bedford-Stuyvesant,40.674944,-73.985784,Entire home/apt,157.08,2,23,2026-07-07,0.5,5,246,$150-250,False,59.0,Highly Available
1001389,Entire home/apt in Riverdale,501389,Host1389,f,Bronx,Riverdale,40.857544,-73.886336,Entire home/apt,132.02,7,4,2026-04-13,0.15,1,81,$75-150,False,144.0,Sometimes Available
1001390,Entire home/apt in Chelsea,501390,Host1390,f,Manhattan,Chelsea,40.797735,-73.957575,Entire home/apt,116.99,2,23,2025-08-17,1.4,1,232,$75-150,False,383.0,Highly Available
1001391,Private room in Bedford-Stuyvesant,501391,Host1391,t,Brooklyn,Bedford-Stuyvesant,40.668408,-73.942271,Private room,61.0,3,35,2026-04-17,1.46,10,0,$0-75,True,140.0,Rarely Available
1001392,Private room in Chelsea,501392,Host1392,t,Manhattan,Chelsea,40.780361,-73.936802,Private room,39.37,2,49,2026-01-04,2.58,1,0,$0-75,True,243.0,Rarely Available
1001393,Private room in Hell's Kitchen,501393,Host1393,f,Manhattan,Hell's Kitchen,40.794542,-73.985142,Private room,247.45,1,39,2026-05-13,0.85,1,95,$150-250,False,114.0,Sometimes Available
1001394,Entire home/apt in Flushing,501394,Host1394,f,Queens,Flushing,40.734605,-73.774355,Entire home/apt,87.32,2,35,2026-06-30,1.43,2,15,$75-150,False,66.0,Rarely Available
1001395,Entire home/apt in Jamaica,501395,Host1395,t,Queens,Jamaica,40.707091,-73.813934,Entire home/apt,149.66,1,43,2026-07-17,1.12,1,152,$75-150,True,49.0,Sometimes Available
1001396,Private room in Long Island City,501396,Host1396,f,Queens,Long Island City,40.769207,-73.815361,Private room,76.71,7,12,2026-06-14,0.29,1,0,$75-150,False,82.0,Rarely Available
1001397,Entire home/apt in Chelsea,501397,Host1397,f,Manhattan,Chelsea,40.758777,-73.969655,Entire home/apt,508.17,3,63,2026-06-15,1.95,3,0,$400+,False,81.0,Rarely Available
1001398,Private room in Hell's Kitchen,501398,Host1398,f,Manhattan,Hell's Kitchen,40.761838,-73.984773,Private room,95.95,1,46,2026-04-01,6.44,1,246,$75-150,False,156.0,Highly Available
1001399,Entire home/apt in Mott Haven,501399,Host1399,f,Bronx,Mott Haven,40.843054,-73.885748,Entire home/apt,129.45,2,6,2026-06-19,0.18,3,250,$75-150,False,77.0,Highly Available
1001400,Private room in Jamaica,501400,Host1400,f,Queens,Jamaica,40.74207,-73.774112,Private room,43.62,2,44,2025-08-09,2.25,1,305,$0-75,False,391.0,Highly Available
1001401,Private room in Chelsea,501401,Host1401,f,Manhattan,Chelsea,40.795553,-73.974085,Private room,148.43,2,5,2026-06-15,0.18,1,0,$75-150,False,81.0,Rarely Available
1001402,Entire home/apt in Long Island City,501402,Host1402,f,Queens,Long Island City,40.688564,-73.770464,Entire home/apt,96.19,1,20,2026-05-24,0.43,10,273,$75-150,False,103.0,Highly Available
1001403,Entire home/apt in Upper West Side,501403,Host1403,f,Manhattan,Upper West Side,40.78982,-73.972509,Entire home/apt,286.46,1,51,2026-07-07,4.72,1,69,$250-400,False,59.0,Sometimes Available
1001404,Entire home/apt in Jamaica,501404,Host1404,f,Queens,Jamaica,40.749821,-73.788997,Entire home/apt,121.85,1,13,2026-04-26,0.33,1,150,$75-150,False,131.0,Sometimes Available
1001405,Entire home/apt in Hell's Kitchen,501405,Host1405,f,Manhattan,Hell's Kitchen,40.808183,-73.960129,Entire home/apt,242.15,1,7,2026-06-18,0.52,1,202,$150-250,False,78.0,Highly Available
1001406,Private room in Crown Heights,501406,Host1406,f,Brooklyn,Crown Heights,40.665432,-73.910368,Private room,92.75,2,45,2025-08-20,1.4,1,93,$75-150,False,380.0,Sometimes Available
1001407,Entire home/apt in Greenpoint,501407,Host1407,f,Brooklyn,Greenpoint,40.666674,-73.98734,Entire home/apt,344.08,3,7,2026-07-15,0.19,1,16,$250-400,False,51.0,Rarely Available
1001408,Entire home/apt in Bushwick,501408,Host1408,t,Brooklyn,Bushwick,40.674466,-73.928061,Entire home/apt,217.68,14,19,2026-08-01,0.69,1,289,$150-250,True,34.0,Highly Available
1001409,Entire home/apt in Crown Heights,501409,Host1409,t,Brooklyn,Crown Heights,40.666031,-73.931466,Entire home/apt,117.29,1,24,2026-02-04,0.88,1,365,$75-150,True,212.0,Highly Available
1001410,Entire home/apt in Midtown,501410,Host1410,f,Manhattan,Midtown,40.731654,-73.953975,Entire home/apt,391.86,14,26,2026-07-13,0.76,1,151,$250-400,False,53.0,Sometimes Available
1001411,Entire home/apt in Williamsburg,501411,Host1411,f,Brooklyn,Williamsburg,40.690006,-73.953099,Entire home/apt,292.71,3,32,2026-07-30,4.18,1,139,$250-400,False,36.0,Sometimes Available
1001412,Private room in Astoria,501412,Host1412,f,Queens,Astoria,40.752169,-73.809481,Private room,33.38,7,2,2026-06-17,0.05,1,199,$0-75,False,79.0,Highly Available
1001413,Private room in Ridgewood,501413,Host1413,f,Queens,Ridgewood,40.732805,-73.791918,Private room,80.02,5,38,2025-10-29,3.3,1,178,$75-150,False,310.0,Sometimes Available
1001414,Entire home/apt in Upper West Side,501414,Host1414,f,Manhattan,Upper West Side,40.798853,-73.938416,Entire home/apt,553.4843000000001,1,5,2024-11-17,0.3,1,85,$400+,False,656.0,Sometimes Available
1001415,Entire home/apt in Bushwick,501415,Host1415,t,Brooklyn,Bushwick,40.695341,-73.917017,Entire home/apt,217.62,7,4,2026-06-20,0.12,1,157,$150-250,True,76.0,Sometimes Available
1001416,Private room in Financial District,501416,Host1416,f,Manhattan,Financial District,40.802006,-73.969742,Private room,82.98,1,0,,0.0,1,230,$75-150,False,,Highly Available
1001417,Entire home/apt in Flushing,501417,Host1417,f,Queens,Flushing,40.73062,-73.811326,Entire home/apt,109.53,5,28,2026-07-08,1.21,1,190,$75-150,False,58.0,Highly Available
1001418,Entire home/apt in St. George,501418,Host1418,f,Staten Island,St. George,40.593854,-74.167068,Entire home/apt,210.7,2,39,2026-06-17,1.23,1,346,$150-250,False,79.0,Highly Available
1001419,Private room in East Village,501419,Host1419,f,Manhattan,East Village,40.775353,-73.938938,Private room,181.65,1,15,2026-06-01,0.61,1,192,$150-250,False,95.0,Highly Available
1001420,Entire home/apt in Harlem,501420,Host1420,t,Manhattan,Harlem,40.773904,-73.960347,Entire home/apt,272.1,2,19,2026-05-31,0.45,1,365,$250-400,True,96.0,Highly Available
1001421,Entire home/apt in Tottenville,501421,Host1421,t,Staten Island,Tottenville,40.566049,-74.139871,Entire home/apt,112.86,14,28,2026-01-22,1.97,1,99,$75-150,True,225.0,Sometimes Available
1001422,Entire home/apt in Astoria,501422,Host1422,f,Queens,Astoria,40.71474,-73.779288,Entire home/apt,118.99,1,7,2026-07-23,0.22,2,54,$75-150,False,43.0,Sometimes Available
1001423,Private room in DUMBO,501423,Host1423,f,Brooklyn,DUMBO,40.676362,-73.968031,Private room,85.87,7,22,2026-07-21,1.89,1,189,$75-150,False,45.0,Highly Available
1001424,Entire home/apt in Harlem,501424,Host1424,f,Manhattan,Harlem,40.810998,-73.975131,Entire home/apt,118.44,1,1,2026-02-08,0.05,1,168,$75-150,False,208.0,Sometimes Available
1001425,Entire home/apt in Financial District,501425,Host1425,f,Manhattan,Financial District,40.755479,-73.926835,Entire home/apt,518.66,1,33,2025-11-20,1.15,5,74,$400+,False,288.0,Sometimes Available
1001426,Private room in Bedford-Stuyvesant,501426,Host1426,f,Brooklyn,Bedford-Stuyvesant,40.674008,-73.964187,Private room,64.67,1,24,2026-06-29,0.77,1,138,$0-75,False,67.0,Sometimes Available
1001427,Private room in Flushing,501427,Host1427,f,Queens,Flushing,40.710106,-73.778076,Private room,210.7,7,24,2026-04-05,1.85,1,273,$150-250,False,152.0,Highly Available
1001428,Private room in Hell's Kitchen,501428,Host1428,f,Manhattan,Hell's Kitchen,40.726158,-73.957038,Private room,150.63,2,59,2026-06-27,1.56,3,315,$150-250,False,69.0,Highly Available
1001429,Entire home/apt in Midtown,501429,Host1429,t,Manhattan,Midtown,40.773658,-73.987127,Entire home/apt,36.97,7,15,2025-11-27,0.36,1,187,$0-75,True,281.0,Highly Available
1001430,Private room in Tottenville,501430,Host1430,f,Staten Island,Tottenville,40.608032,-74.131961,Private room,88.44,1,69,2026-06-16,10.56,1,66,$75-150,False,80.0,Sometimes Available
1001431,Hotel room in Riverdale,501431,Host1431,f,Bronx,Riverdale,40.855694,-73.880629,Hotel room,229.9,1,12,2026-05-09,0.47,1,165,$150-250,False,118.0,Sometimes Available
1001432,Entire home/apt in Fordham,501432,Host1432,f,Bronx,Fordham,40.862734,-73.88841,Entire home/apt,50.78,2,14,2026-06-15,0.64,1,167,$0-75,False,81.0,Sometimes Available
1001433,Hotel room in St. George,501433,Host1433,t,Staten Island,St. George,40.56554,-74.164563,Hotel room,102.05,2,31,2026-05-10,0.68,1,206,$75-150,True,117.0,Highly Available
1001434,Entire home/apt in Fordham,501434,Host1434,f,Bronx,Fordham,40.836495,-73.905225,Entire home/apt,141.5,3,4,2026-04-29,0.12,3,40,$75-150,False,128.0,Sometimes Available
1001435,Entire home/apt in Ridgewood,501435,Host1435,f,Queens,Ridgewood,40.725667,-73.786163,Entire home/apt,109.72,2,10,2026-06-21,0.26,1,140,$75-150,False,75.0,Sometimes Available
1001436,Private room in Financial District,501436,Host1436,f,Manhattan,Financial District,40.802701,-73.968997,Private room,188.84,1,3,2026-06-22,0.18,3,133,$150-250,False,74.0,Sometimes Available
1001437,Entire home/apt in Bushwick,501437,Host1437,f,Brooklyn,Bushwick,40.6798,-73.955299,Entire home/apt,141.69,1,10,2024-08-31,0.26,3,95,$75-150,False,734.0,Sometimes Available
1001438,Shared room in Williamsburg,501438,Host1438,f,Brooklyn,Williamsburg,40.69247,-73.941156,Shared room,75.12,2,28,2026-02-11,1.79,3,137,$75-150,False,205.0,Sometimes Available
1001439,Entire home/apt in Jamaica,501439,Host1439,f,Queens,Jamaica,40.766425,-73.784217,Entire home/apt,163.52,7,51,2026-07-31,1.86,1,233,$150-250,False,35.0,Highly Available
1001440,Entire home/apt in Financial District,501440,Host1440,f,Manhattan,Financial District,40.79462,-73.974043,Entire home/apt,235.98,3,35,2026-07-09,1.29,2,123,$150-250,False,57.0,Sometimes Available
1001441,Private room in East Village,501441,Host1441,f,Manhattan,East Village,40.7624,-73.991375,Private room,160.4,7,19,2026-06-05,0.42,3,254,$150-250,False,91.0,Highly Available
1001442,Private room in Greenpoint,501442,Host1442,f,Brooklyn,Greenpoint,40.712337,-73.959082,Private room,125.39,2,23,2026-03-11,0.66,1,199,$75-150,False,177.0,Highly Available
1001443,Entire home/apt in Riverdale,501443,Host1443,f,Bronx,Riverdale,40.849637,-73.892516,Entire home/apt,52.95,1,27,2025-12-28,0.59,1,177,$0-75,False,250.0,Sometimes Available
1001444,Private room in Hell's Kitchen,501444,Host1444,t,Manhattan,Hell's Kitchen,40.794657,-73.963881,Private room,165.59,5,42,2026-07-04,1.24,10,50,$150-250,True,62.0,Sometimes Available
1001445,Entire home/apt in St. George,501445,Host1445,f,Staten Island,St. George,40.586446,-74.121164,Entire home/apt,309.71,1,8,2025-10-17,0.82,3,140,$250-400,False,322.0,Sometimes Available
1001446,Shared room in Hell's Kitchen,501446,Host1446,f,Manhattan,Hell's Kitchen,40.770804,-73.963104,Shared room,70.94,1,60,2026-06-27,3.27,3,61,$0-75,False,69.0,Sometimes Available
1001447,Entire home/apt in Riverdale,501447,Host1447,f,Bronx,Riverdale,40.880493,-73.917412,Entire home/apt,75.93,3,6,2026-07-17,0.19,1,186,$75-150,False,49.0,Highly Available
1001448,Entire home/apt in DUMBO,501448,Host1448,t,Brooklyn,DUMBO,40.650969,-73.935706,Entire home/apt,90.69,2,38,2026-07-27,4.18,5,174,$75-150,True,39.0,Sometimes Available
1001449,Private room in Bushwick,501449,Host1449,t,Brooklyn,Bushwick,40.66208,-73.931578,Private room,53.92,2,16,2026-06-25,0.85,2,118,$0-75,True,71.0,Sometimes Available
1001450,Entire home/apt in Bushwick,501450,Host1450,f,Brooklyn,Bushwick,40.678781,-73.915998,Entire home/apt,248.35,5,6,2026-02-11,0.17,10,176,$150-250,False,205.0,Sometimes Available
1001451,Entire home/apt in Tottenville,501451,Host1451,f,Staten Island,Tottenville,40.599876,-74.158325,Entire home/apt,80.01,1,24,2026-07-01,0.75,1,172,$75-150,False,65.0,Sometimes Available
1001452,Entire home/apt in Tottenville,501452,Host1452,f,Staten Island,Tottenville,40.547604,-74.152124,Entire home/apt,101.28,3,25,2026-07-27,1.2,1,254,$75-150,False,39.0,Highly Available
1001453,Private room in Harlem,501453,Host1453,t,Manhattan,Harlem,40.771664,-73.972998,Private room,134.38,2,61,2024-11-24,1.55,1,202,$75-150,True,649.0,Highly Available
1001454,Private room in Ridgewood,501454,Host1454,f,Queens,Ridgewood,40.756538,-73.774878,Private room,118.61,1,3,2026-05-31,0.08,1,214,$75-150,False,96.0,Highly Available
1001455,Entire home/apt in Park Slope,501455,Host1455,f,Brooklyn,Park Slope,40.679477,-73.917384,Entire home/apt,181.17,3,18,2026-07-23,1.41,1,245,$150-250,False,43.0,Highly Available
1001456,Entire home/apt in Hell's Kitchen,501456,Host1456,t,Manhattan,Hell's Kitchen,40.794786,-73.931335,Entire home/apt,218.4,2,39,2026-02-22,0.95,2,101,$150-250,True,194.0,Sometimes Available
1001457,Private room in Ridgewood,501457,Host1457,f,Queens,Ridgewood,40.719529,-73.794067,Private room,45.0,7,3,2026-03-03,0.07,1,107,$0-75,False,185.0,Sometimes Available
1001458,Private room in DUMBO,501458,Host1458,t,Brooklyn,DUMBO,40.68912,-73.94076,Private room,66.91,3,6,2026-07-24,0.21,10,345,$0-75,True,42.0,Highly Available
1001459,Entire home/apt in Hell's Kitchen,501459,Host1459,f,Manhattan,Hell's Kitchen,40.787508,-73.97475,Entire home/apt,225.5,2,9,2026-05-30,0.21,1,78,$150-250,False,97.0,Sometimes Available
1001460,Private room in Fordham,501460,Host1460,f,Bronx,Fordham,40.832385,-73.878436,Private room,67.02,5,18,2025-04-05,0.44,1,192,$0-75,False,517.0,Highly Available
1001461,Entire home/apt in Financial District,501461,Host1461,t,Manhattan,Financial District,40.79476,-73.966092,Entire home/apt,337.3,7,5,2026-04-15,0.12,1,239,$250-400,True,142.0,Highly Available
1001462,Entire home/apt in Harlem,501462,Host1462,f,Manhattan,Harlem,40.779576,-73.995221,Entire home/apt,434.83,5,51,2026-06-10,5.05,1,0,$400+,False,86.0,Rarely Available
1001463,Private room in Tottenville,501463,Host1463,f,Staten Island,Tottenville,40.576154,-74.14605,Private room,44.78,5,47,2026-05-24,1.36,1,32,$0-75,False,103.0,Sometimes Available
1001464,Private room in Long Island City,501464,Host1464,f,Queens,Long Island City,40.738533,-73.798343,Private room,56.28,2,6,2025-12-05,0.45,2,203,$0-75,False,273.0,Highly Available
1001465,Entire home/apt in Harlem,501465,Host1465,t,Manhattan,Harlem,40.754631,-73.998021,Entire home/apt,343.13,5,0,,0.0,1,161,$250-400,True,,Sometimes Available
1001466,Entire home/apt in Bedford-Stuyvesant,501466,Host1466,f,Brooklyn,Bedford-Stuyvesant,40.67832,-73.922668,Entire home/apt,111.35,2,24,2026-07-17,0.73,2,22,$75-150,False,49.0,Rarely Available
1001467,Private room in Park Slope,501467,Host1467,f,Brooklyn,Park Slope,40.66562,-73.953525,Private room,159.53,1,19,2026-04-12,0.61,1,82,$150-250,False,145.0,Sometimes Available
1001468,Entire home/apt in Fordham,501468,Host1468,f,Bronx,Fordham,40.817498,-73.869115,Entire home/apt,150.18,1,9,2026-06-16,0.45,1,97,$150-250,False,80.0,Sometimes Available
1001469,Entire home/apt in Financial District,501469,Host1469,f,Manhattan,Financial District,40.780504,-73.950109,Entire home/apt,420.53,7,40,2026-01-08,3.9,1,118,$400+,False,239.0,Sometimes Available
1001470,Private room in Tottenville,501470,Host1470,f,Staten Island,Tottenville,40.578989,-74.10978,Private room,65.73,5,36,2026-04-18,2.46,1,213,$0-75,False,139.0,Highly Available
1001471,Private room in Ridgewood,501471,Host1471,f,Queens,Ridgewood,40.704579,-73.821439,Private room,53.66,14,12,2026-03-15,0.77,1,228,$0-75,False,173.0,Highly Available
1001472,Entire home/apt in DUMBO,501472,Host1472,f,Brooklyn,DUMBO,40.667413,-73.931997,Entire home/apt,192.64,14,29,2026-06-28,3.37,3,158,$150-250,False,68.0,Sometimes Available
1001473,Private room in DUMBO,501473,Host1473,f,Brooklyn,DUMBO,40.652103,-73.913785,Private room,189.79,1,51,2026-06-13,1.73,1,18,$150-250,False,83.0,Rarely Available
1001474,Entire home/apt in Jamaica,501474,Host1474,f,Queens,Jamaica,40.744986,-73.78552,Entire home/apt,150.06,2,49,2026-07-12,2.74,1,141,$150-250,False,54.0,Sometimes Available
1001475,Entire home/apt in Fordham,501475,Host1475,t,Bronx,Fordham,40.843531,-73.881056,Entire home/apt,197.72,1,18,2026-04-04,1.19,2,186,$150-250,True,153.0,Highly Available
1001476,Shared room in Astoria,501476,Host1476,f,Queens,Astoria,40.712104,-73.809646,Shared room,90.26,14,20,2026-02-12,0.43,1,31,$75-150,False,204.0,Sometimes Available
1001477,Entire home/apt in Harlem,501477,Host1477,f,Manhattan,Harlem,40.783017,-74.012649,Entire home/apt,509.04,5,5,2026-07-04,0.19,2,27,$400+,False,62.0,Rarely Available
1001478,Private room in Fordham,501478,Host1478,f,Bronx,Fordham,40.869921,-73.867876,Private room,102.89,3,62,2026-07-11,2.03,3,78,$75-150,False,55.0,Sometimes Available
1001479,Private room in Flushing,501479,Host1479,f,Queens,Flushing,40.733989,-73.787098,Private room,77.21,7,11,2026-07-29,0.26,2,93,$75-150,False,37.0,Sometimes Available
1001480,Private room in Long Island City,501480,Host1480,t,Queens,Long Island City,40.717159,-73.769203,Private room,41.5,7,17,2026-02-18,0.41,2,73,$0-75,True,198.0,Sometimes Available
1001481,Private room in Fordham,501481,Host1481,t,Bronx,Fordham,40.802862,-73.896795,Private room,35.28,1,7,2026-03-03,1.02,1,107,$0-75,True,185.0,Sometimes Available
1001482,Private room in Jamaica,501482,Host1482,f,Queens,Jamaica,40.724507,-73.784645,Private room,75.96,1,32,2026-06-25,2.03,1,254,$75-150,False,71.0,Highly Available
1001483,Private room in Long Island City,501483,Host1483,t,Queens,Long Island City,40.724655,-73.802784,Private room,56.32,7,29,2026-06-07,0.85,2,89,$0-75,True,89.0,Sometimes Available
1001484,Shared room in Chelsea,501484,Host1484,f,Manhattan,Chelsea,40.819098,-73.964652,Shared room,237.06,1,89,2026-04-08,7.31,1,238,$150-250,False,149.0,Highly Available
1001485,Private room in Greenpoint,501485,Host1485,f,Brooklyn,Greenpoint,40.675022,-73.934496,Private room,109.48,7,19,2025-12-09,2.49,1,296,$75-150,False,269.0,Highly Available
1001486,Private room in Long Island City,501486,Host1486,f,Queens,Long Island City,40.723288,-73.788543,Private room,103.91,2,44,2026-07-03,1.15,1,190,$75-150,False,63.0,Highly Available
1001487,Entire home/apt in Chelsea,501487,Host1487,f,Manhattan,Chelsea,40.755517,-73.996552,Entire home/apt,245.81,1,24,2025-08-25,1.46,1,267,$150-250,False,375.0,Highly Available
1001488,Private room in Ridgewood,501488,Host1488,f,Queens,Ridgewood,40.731658,-73.819164,Private room,20.0,14,24,2026-03-29,1.75,1,32,$0-75,False,159.0,Sometimes Available
1001489,Entire home/apt in Williamsburg,501489,Host1489,f,Brooklyn,Williamsburg,40.699359,-73.964122,Entire home/apt,211.64,3,26,2026-03-09,1.45,1,164,$150-250,False,179.0,Sometimes Available
1001490,Private room in Bedford-Stuyvesant,501490,Host1490,f,Brooklyn,Bedford-Stuyvesant,40.682946,-73.96549,Private room,183.45,7,9,2026-01-24,0.4,1,206,$150-250,False,223.0,Highly Available
1001491,Entire home/apt in East Village,501491,Host1491,f,Manhattan,East Village,40.768924,-73.947649,Entire home/apt,115.85,1,35,2026-08-01,1.03,2,76,$75-150,False,34.0,Sometimes Available
1001492,Private room in Greenpoint,501492,Host1492,t,Brooklyn,Greenpoint,40.688571,-73.943373,Private room,122.52,1,1,2025-03-23,0.16,1,0,$75-150,True,530.0,Rarely Available
1001493,Private room in Upper West Side,501493,Host1493,t,Manhattan,Upper West Side,40.755234,-73.955921,Private room,145.9,2,53,2026-02-16,1.56,2,80,$75-150,True,200.0,Sometimes Available
1001494,Private room in Upper West Side,501494,Host1494,f,Manhattan,Upper West Side,40.774658,-73.987652,Private room,76.08,2,23,2025-11-09,0.67,1,222,$75-150,False,299.0,Highly Available
1001495,Private room in Ridgewood,501495,Host1495,f,Queens,Ridgewood,40.730407,-73.7897,Private room,91.53,1,10,2026-06-20,0.63,5,263,$75-150,False,76.0,Highly Available
1001496,Entire home/apt in East Village,501496,Host1496,f,Manhattan,East Village,40.780625,-73.988886,Entire home/apt,397.1,5,0,,0.0,1,65,$250-400,False,,Sometimes Available
1001497,Private room in East Village,501497,Host1497,t,Manhattan,East Village,40.762659,-73.989291,Private room,120.5,7,37,2026-01-31,1.64,2,217,$75-150,True,216.0,Highly Available
1001498,Private room in DUMBO,501498,Host1498,f,Brooklyn,DUMBO,40.662988,-73.922308,Private room,230.99,30,8,2025-05-14,0.21,1,101,$150-250,False,478.0,Sometimes Available
1001499,Private room in Williamsburg,501499,Host1499,f,Brooklyn,Williamsburg,40.66802,-73.979213,Private room,26.62,1,2,2026-04-27,0.28,1,97,$0-75,False,130.0,Sometimes Available
1001500,Entire home/apt in East Village,501500,Host1500,f,Manhattan,East Village,40.794563,-73.968967,Entire home/apt,265.0,3,4,2026-06-18,0.28,3,164,$250-400,False,78.0,Sometimes Available
1001501,Entire home/apt in Astoria,501501,Host1501,f,Queens,Astoria,40.722505,-73.794575,Entire home/apt,153.4,5,12,2026-03-07,0.45,1,156,$150-250,False,181.0,Sometimes Available
1001502,Private room in Greenpoint,501502,Host1502,f,Brooklyn,Greenpoint,40.69973,-73.942328,Private room,68.8,2,13,2025-10-15,0.83,1,233,$0-75,False,324.0,Highly Available
1001503,Private room in Hell's Kitchen,501503,Host1503,f,Manhattan,Hell's Kitchen,40.748308,-73.932206,Private room,116.3,14,19,2026-05-29,2.59,3,86,$75-150,False,98.0,Sometimes Available
1001504,Entire home/apt in Bushwick,501504,Host1504,f,Brooklyn,Bushwick,40.655721,-73.90958,Entire home/apt,299.07,1,41,2026-04-12,1.98,1,199,$250-400,False,145.0,Highly Available
1001505,Private room in Bushwick,501505,Host1505,f,Brooklyn,Bushwick,40.6578,-73.972199,Private room,71.34,1,18,2026-06-16,0.53,1,129,$0-75,False,80.0,Sometimes Available
1001506,Private room in St. George,501506,Host1506,f,Staten Island,St. George,40.57353,-74.147106,Private room,67.73,7,6,2026-01-25,0.42,2,90,$0-75,False,222.0,Sometimes Available
1001507,Entire home/apt in East Village,501507,Host1507,t,Manhattan,East Village,40.755886,-73.970247,Entire home/apt,187.65,3,9,2026-02-28,0.24,3,154,$150-250,True,188.0,Sometimes Available
1001508,Private room in Bedford-Stuyvesant,501508,Host1508,f,Brooklyn,Bedford-Stuyvesant,40.701832,-73.958293,Private room,84.9,2,13,2026-01-06,0.77,1,219,$75-150,False,241.0,Highly Available
1001509,Private room in Williamsburg,501509,Host1509,f,Brooklyn,Williamsburg,40.686066,-73.925995,Private room,282.89,3,3,2025-12-06,0.12,1,281,$250-400,False,272.0,Highly Available
1001510,Private room in Long Island City,501510,Host1510,t,Queens,Long Island City,40.743014,-73.792191,Private room,71.39,1,14,2026-06-29,0.3,1,285,$0-75,True,67.0,Highly Available
1001511,Private room in DUMBO,501511,Host1511,t,Brooklyn,DUMBO,40.662118,-73.945469,Private room,102.86,5,65,2026-01-16,1.73,1,118,$75-150,True,231.0,Sometimes Available
1001512,Private room in Flushing,501512,Host1512,f,Queens,Flushing,40.695693,-73.816766,Private room,55.48,2,63,2026-04-09,3.14,1,32,$0-75,False,148.0,Sometimes Available
1001513,Entire home/apt in Harlem,501513,Host1513,f,Manhattan,Harlem,40.799232,-73.949821,Entire home/apt,274.22,3,20,2026-04-19,0.48,1,231,$250-400,False,138.0,Highly Available
1001514,Private room in Tottenville,501514,Host1514,t,Staten Island,Tottenville,40.56554,-74.143919,Private room,58.29,1,55,2026-07-28,1.69,1,205,$0-75,True,38.0,Highly Available
1001515,Private room in Upper West Side,501515,Host1515,f,Manhattan,Upper West Side,40.785034,-73.975468,Private room,128.38,14,3,2026-04-12,0.21,1,175,$75-150,False,145.0,Sometimes Available
1001516,Entire home/apt in Fordham,501516,Host1516,t,Bronx,Fordham,40.81086,-73.935866,Entire home/apt,137.12,5,8,2026-04-12,0.5,2,162,$75-150,True,145.0,Sometimes Available
1001517,Entire home/apt in DUMBO,501517,Host1517,f,Brooklyn,DUMBO,40.690235,-73.909698,Entire home/apt,351.04,2,25,2025-04-15,0.57,1,137,$250-400,False,507.0,Sometimes Available
1001518,Private room in Harlem,501518,Host1518,f,Manhattan,Harlem,40.763896,-73.972765,Private room,69.3,5,21,2026-07-02,0.59,1,0,$0-75,False,64.0,Rarely Available
1001519,Hotel room in Flushing,501519,Host1519,f,Queens,Flushing,40.692013,-73.76113,Hotel room,289.79,5,18,2026-03-04,1.41,1,295,$250-400,False,184.0,Highly Available
1001520,Entire home/apt in East Village,501520,Host1520,t,Manhattan,East Village,40.774712,-73.973719,Entire home/apt,198.18,1,40,2026-06-22,2.53,1,243,$150-250,True,74.0,Highly Available
1001521,Entire home/apt in Crown Heights,501521,Host1521,f,Brooklyn,Crown Heights,40.671176,-73.930486,Entire home/apt,262.44,1,4,2025-09-30,0.09,1,342,$250-400,False,339.0,Highly Available
1001522,Private room in Mott Haven,501522,Host1522,f,Bronx,Mott Haven,40.830817,-73.872923,Private room,20.0,2,14,2026-06-15,0.34,1,232,$0-75,False,81.0,Highly Available
1001523,Entire home/apt in Williamsburg,501523,Host1523,f,Brooklyn,Williamsburg,40.680879,-73.937262,Entire home/apt,79.98,14,167,2026-01-28,10.1,1,141,$75-150,False,219.0,Sometimes Available
1001524,Private room in Midtown,501524,Host1524,t,Manhattan,Midtown,40.761407,-73.972996,Private room,172.85,5,2,2026-06-07,0.09,1,154,$150-250,True,89.0,Sometimes Available
1001525,Private room in Long Island City,501525,Host1525,t,Queens,Long Island City,40.736895,-73.81809,Private room,101.78,2,3,2026-07-30,0.07,1,306,$75-150,True,36.0,Highly Available
1001526,Entire home/apt in Hell's Kitchen,501526,Host1526,t,Manhattan,Hell's Kitchen,40.751243,-73.957714,Entire home/apt,292.0,7,2,2026-07-10,0.09,1,0,$250-400,True,56.0,Rarely Available
1001527,Entire home/apt in Greenpoint,501527,Host1527,f,Brooklyn,Greenpoint,40.662075,-73.947555,Entire home/apt,200.32,2,22,2026-03-29,0.62,1,161,$150-250,False,159.0,Sometimes Available
1001528,Entire home/apt in Park Slope,501528,Host1528,f,Brooklyn,Park Slope,40.6865,-73.949125,Entire home/apt,266.06,1,1,2026-06-18,0.02,1,27,$250-400,False,78.0,Rarely Available
1001529,Private room in Mott Haven,501529,Host1529,t,Bronx,Mott Haven,40.861447,-73.928198,Private room,20.0,2,6,2025-12-04,0.73,1,217,$0-75,True,274.0,Highly Available
1001530,Private room in Ridgewood,501530,Host1530,f,Queens,Ridgewood,40.722922,-73.808293,Private room,60.66,14,1,2026-06-03,0.03,1,10,$0-75,False,93.0,Rarely Available
1001531,Private room in Bedford-Stuyvesant,501531,Host1531,f,Brooklyn,Bedford-Stuyvesant,40.697766,-73.928878,Private room,66.02,1,2,2026-06-23,0.18,1,201,$0-75,False,73.0,Highly Available
1001532,Private room in Bedford-Stuyvesant,501532,Host1532,f,Brooklyn,Bedford-Stuyvesant,40.711924,-73.917772,Private room,293.66,2,16,2026-06-08,0.36,1,220,$250-400,False,88.0,Highly Available
1001533,Entire home/apt in East Village,501533,Host1533,f,Manhattan,East Village,40.756186,-73.962251,Entire home/apt,235.12,1,13,2026-01-24,0.61,3,192,$150-250,False,223.0,Highly Available
1001534,Private room in Harlem,501534,Host1534,f,Manhattan,Harlem,40.806935,-73.970158,Private room,110.75,14,31,2026-06-17,1.18,1,293,$75-150,False,79.0,Highly Available
1001535,Entire home/apt in Hell's Kitchen,501535,Host1535,f,Manhattan,Hell's Kitchen,40.789512,-73.969567,Entire home/apt,157.36,7,22,2026-07-17,1.72,2,365,$150-250,False,49.0,Highly Available
1001536,Entire home/apt in Greenpoint,501536,Host1536,f,Brooklyn,Greenpoint,40.712047,-73.945068,Entire home/apt,251.98,1,7,2026-04-23,0.25,1,110,$250-400,False,134.0,Sometimes Available
1001537,Entire home/apt in Long Island City,501537,Host1537,f,Queens,Long Island City,40.7479,-73.795116,Entire home/apt,248.54,7,17,2026-06-23,1.5,1,241,$150-250,False,73.0,Highly Available
1001538,Private room in Jamaica,501538,Host1538,f,Queens,Jamaica,40.741951,-73.767412,Private room,139.24,7,12,2026-04-07,0.48,1,287,$75-150,False,150.0,Highly Available
1001539,Entire home/apt in Upper West Side,501539,Host1539,t,Manhattan,Upper West Side,40.798694,-73.978981,Entire home/apt,226.7,1,25,2025-10-29,0.83,1,365,$150-250,True,310.0,Highly Available
1001540,Entire home/apt in Williamsburg,501540,Host1540,f,Brooklyn,Williamsburg,40.668671,-73.918598,Entire home/apt,218.8,2,14,2026-04-16,0.41,1,137,$150-250,False,141.0,Sometimes Available
1001541,Entire home/apt in Chelsea,501541,Host1541,t,Manhattan,Chelsea,40.78199,-73.952972,Entire home/apt,177.46,5,2,2025-02-20,0.04,1,95,$150-250,True,561.0,Sometimes Available
1001542,Entire home/apt in Flushing,501542,Host1542,f,Queens,Flushing,40.724715,-73.805154,Entire home/apt,43.62,5,1,2026-06-22,0.04,5,0,$0-75,False,74.0,Rarely Available
1001543,Entire home/apt in Greenpoint,501543,Host1543,t,Brooklyn,Greenpoint,40.673326,-73.967986,Entire home/apt,142.47,7,57,2026-07-07,2.26,5,10,$75-150,True,59.0,Rarely Available
1001544,Entire home/apt in Fordham,501544,Host1544,t,Bronx,Fordham,40.822608,-73.899088,Entire home/apt,146.34,1,16,2026-07-13,0.38,1,83,$75-150,True,53.0,Sometimes Available
1001545,Entire home/apt in Flushing,501545,Host1545,t,Queens,Flushing,40.711658,-73.782237,Entire home/apt,78.24,1,26,2025-11-10,0.89,2,155,$75-150,True,298.0,Sometimes Available
1001546,Private room in Financial District,501546,Host1546,f,Manhattan,Financial District,40.775496,-73.977345,Private room,148.84,1,14,2026-03-19,0.93,1,169,$75-150,False,169.0,Sometimes Available
1001547,Entire home/apt in Upper West Side,501547,Host1547,f,Manhattan,Upper West Side,40.795012,-73.975063,Entire home/apt,553.4843000000001,1,57,2026-02-22,1.56,1,178,$400+,False,194.0,Sometimes Available
1001548,Private room in Financial District,501548,Host1548,f,Manhattan,Financial District,40.794935,-73.993903,Private room,165.29,5,6,2026-07-21,0.14,1,110,$150-250,False,45.0,Sometimes Available
1001549,Entire home/apt in Chelsea,501549,Host1549,f,Manhattan,Chelsea,40.749233,-73.946691,Entire home/apt,291.08,1,36,2025-12-03,0.77,1,285,$250-400,False,275.0,Highly Available
1001550,Private room in East Village,501550,Host1550,f,Manhattan,East Village,40.7623,-73.983856,Private room,172.46,3,1,2026-04-05,0.04,1,193,$150-250,False,152.0,Highly Available
1001551,Private room in Bedford-Stuyvesant,501551,Host1551,f,Brooklyn,Bedford-Stuyvesant,40.686088,-73.962709,Private room,144.46,7,34,2026-06-15,1.43,10,227,$75-150,False,81.0,Highly Available
1001552,Private room in Financial District,501552,Host1552,f,Manhattan,Financial District,40.805385,-74.001128,Private room,127.78,14,6,2026-07-07,0.13,1,76,$75-150,False,59.0,Sometimes Available
1001553,Private room in Upper West Side,501553,Host1553,t,Manhattan,Upper West Side,40.745144,-73.952518,Private room,258.36,5,15,2026-03-25,1.43,1,76,$250-400,True,163.0,Sometimes Available
1001554,Private room in Flushing,501554,Host1554,t,Queens,Flushing,40.70736,-73.798644,Private room,129.99,3,23,2025-11-30,0.62,3,286,$75-150,True,278.0,Highly Available
1001555,Private room in Astoria,501555,Host1555,f,Queens,Astoria,40.681547,-73.741258,Private room,28.83,1,39,2025-11-27,1.63,2,292,$0-75,False,281.0,Highly Available
1001556,Shared room in Financial District,501556,Host1556,f,Manhattan,Financial District,40.799966,-73.939027,Shared room,158.19,1,3,2026-01-25,0.07,1,144,$150-250,False,222.0,Sometimes Available
1001557,Entire home/apt in Greenpoint,501557,Host1557,t,Brooklyn,Greenpoint,40.68777,-73.906185,Entire home/apt,270.14,1,29,2026-02-02,1.12,2,365,$250-400,True,214.0,Highly Available
1001558,Entire home/apt in Crown Heights,501558,Host1558,f,Brooklyn,Crown Heights,40.65242,-73.948295,Entire home/apt,253.21,3,37,2026-07-19,1.27,2,119,$250-400,False,47.0,Sometimes Available
1001559,Private room in Bedford-Stuyvesant,501559,Host1559,f,Brooklyn,Bedford-Stuyvesant,40.685965,-73.943987,Private room,38.94,30,43,2026-02-04,0.9,1,3,$0-75,False,212.0,Rarely Available
1001560,Entire home/apt in Upper West Side,501560,Host1560,f,Manhattan,Upper West Side,40.783218,-73.961153,Entire home/apt,253.73,3,29,2026-07-28,1.28,1,13,$250-400,False,38.0,Rarely Available
1001561,Entire home/apt in Bedford-Stuyvesant,501561,Host1561,t,Brooklyn,Bedford-Stuyvesant,40.657603,-73.959101,Entire home/apt,97.19,5,3,2026-07-29,0.16,1,136,$75-150,True,37.0,Sometimes Available
1001562,Private room in Upper West Side,501562,Host1562,f,Manhattan,Upper West Side,40.755706,-73.983798,Private room,332.23,1,6,2026-06-28,0.13,1,107,$250-400,False,68.0,Sometimes Available
1001563,Private room in Crown Heights,501563,Host1563,f,Brooklyn,Crown Heights,40.6965,-73.970728,Private room,107.24,1,10,2026-05-13,0.21,1,71,$75-150,False,114.0,Sometimes Available
1001564,Entire home/apt in Jamaica,501564,Host1564,f,Queens,Jamaica,40.715728,-73.791,Entire home/apt,79.74,7,35,2026-04-30,1.71,2,347,$75-150,False,127.0,Highly Available
1001565,Entire home/apt in Crown Heights,501565,Host1565,f,Brooklyn,Crown Heights,40.696071,-73.984875,Entire home/apt,101.22,2,63,2026-06-05,6.86,10,258,$75-150,False,91.0,Highly Available
1001566,Private room in Harlem,501566,Host1566,f,Manhattan,Harlem,40.776419,-73.984465,Private room,216.17,5,21,2026-07-14,2.75,3,69,$150-250,False,52.0,Sometimes Available
1001567,Entire home/apt in DUMBO,501567,Host1567,f,Brooklyn,DUMBO,40.682136,-73.93827,Entire home/apt,292.49,1,15,2026-03-21,0.98,1,12,$250-400,False,167.0,Rarely Available
1001568,Entire home/apt in DUMBO,501568,Host1568,f,Brooklyn,DUMBO,40.654941,-73.937252,Entire home/apt,121.02,1,7,2025-08-03,0.16,1,152,$75-150,False,397.0,Sometimes Available
1001569,Private room in Financial District,501569,Host1569,f,Manhattan,Financial District,40.770625,-73.975535,Private room,37.39,14,19,2026-06-01,3.02,1,152,$0-75,False,95.0,Sometimes Available
1001570,Entire home/apt in Ridgewood,501570,Host1570,f,Queens,Ridgewood,40.718295,-73.785312,Entire home/apt,182.73,5,30,2026-06-26,1.52,1,118,$150-250,False,70.0,Sometimes Available
1001571,Entire home/apt in Astoria,501571,Host1571,f,Queens,Astoria,40.707308,-73.791432,Entire home/apt,140.3,3,50,2026-07-20,3.1,1,212,$75-150,False,46.0,Highly Available
1001572,Private room in Bedford-Stuyvesant,501572,Host1572,t,Brooklyn,Bedford-Stuyvesant,40.665137,-73.993278,Private room,87.06,2,17,2026-07-21,0.93,1,257,$75-150,True,45.0,Highly Available
1001573,Private room in Greenpoint,501573,Host1573,f,Brooklyn,Greenpoint,40.697158,-73.941486,Private room,28.76,2,20,2024-12-27,2.98,1,75,$0-75,False,616.0,Sometimes Available
1001574,Private room in Williamsburg,501574,Host1574,f,Brooklyn,Williamsburg,40.656918,-73.921181,Private room,57.32,2,26,2025-12-01,2.62,1,211,$0-75,False,277.0,Highly Available
1001575,Entire home/apt in Mott Haven,501575,Host1575,t,Bronx,Mott Haven,40.825958,-73.903209,Entire home/apt,127.11,1,21,2026-05-06,1.03,1,270,$75-150,True,121.0,Highly Available
1001576,Entire home/apt in Upper West Side,501576,Host1576,t,Manhattan,Upper West Side,40.805803,-73.939119,Entire home/apt,279.41,1,2,2026-05-25,0.07,2,196,$250-400,True,102.0,Highly Available
1001577,Private room in Long Island City,501577,Host1577,f,Queens,Long Island City,40.750657,-73.78334,Private room,113.77,3,32,2024-09-10,0.67,1,270,$75-150,False,724.0,Highly Available
1001578,Entire home/apt in Upper West Side,501578,Host1578,t,Manhattan,Upper West Side,40.778702,-73.959252,Entire home/apt,488.01,5,6,2026-07-17,0.14,10,198,$400+,True,49.0,Highly Available
1001579,Private room in Tottenville,501579,Host1579,f,Staten Island,Tottenville,40.582868,-74.159608,Private room,62.9,1,41,2026-06-13,1.97,1,165,$0-75,False,83.0,Sometimes Available
1001580,Shared room in Astoria,501580,Host1580,t,Queens,Astoria,40.704574,-73.794683,Shared room,76.56,2,32,2026-05-11,0.78,1,32,$75-150,True,116.0,Sometimes Available
1001581,Entire home/apt in Ridgewood,501581,Host1581,f,Queens,Ridgewood,40.717022,-73.799147,Entire home/apt,335.81,3,9,2026-06-17,0.25,1,227,$250-400,False,79.0,Highly Available
1001582,Private room in Chelsea,501582,Host1582,f,Manhattan,Chelsea,40.75964,-73.978924,Private room,223.41,1,5,2026-06-28,0.11,5,60,$150-250,False,68.0,Sometimes Available
1001583,Entire home/apt in Harlem,501583,Host1583,f,Manhattan,Harlem,40.785474,-73.968213,Entire home/apt,349.47,3,38,2025-12-22,4.81,1,19,$250-400,False,256.0,Rarely Available
1001584,Entire home/apt in Jamaica,501584,Host1584,f,Queens,Jamaica,40.751769,-73.797053,Entire home/apt,92.33,2,6,2025-07-27,0.21,1,124,$75-150,False,404.0,Sometimes Available
1001585,Private room in Williamsburg,501585,Host1585,f,Brooklyn,Williamsburg,40.662164,-73.936141,Private room,64.65,3,0,,0.0,1,116,$0-75,False,,Sometimes Available
1001586,Private room in Chelsea,501586,Host1586,f,Manhattan,Chelsea,40.792,-73.985741,Private room,186.59,2,75,2026-05-05,3.17,1,187,$150-250,False,122.0,Highly Available
1001587,Entire home/apt in Williamsburg,501587,Host1587,f,Brooklyn,Williamsburg,40.694713,-73.917101,Entire home/apt,103.1,5,14,2026-07-02,0.97,1,291,$75-150,False,64.0,Highly Available
1001588,Private room in Astoria,501588,Host1588,f,Queens,Astoria,40.717363,-73.780256,Private room,50.3,5,36,2026-06-12,0.97,1,123,$0-75,False,84.0,Sometimes Available
1001589,Private room in Harlem,501589,Host1589,f,Manhattan,Harlem,40.782216,-73.936806,Private room,208.43,2,9,2026-06-29,0.34,3,0,$150-250,False,67.0,Rarely Available
1001590,Private room in Upper West Side,501590,Host1590,t,Manhattan,Upper West Side,40.747893,-73.977201,Private room,206.38,7,15,2026-05-02,0.46,3,94,$150-250,True,125.0,Sometimes Available
1001591,Private room in Harlem,501591,Host1591,f,Manhattan,Harlem,40.738769,-73.958509,Private room,210.48,3,66,2026-04-03,1.59,1,102,$150-250,False,154.0,Sometimes Available
1001592,Private room in Riverdale,501592,Host1592,f,Bronx,Riverdale,40.827703,-73.909624,Private room,27.15,2,57,2026-05-20,3.7,1,142,$0-75,False,107.0,Sometimes Available
1001593,Entire home/apt in Flushing,501593,Host1593,f,Queens,Flushing,40.721512,-73.751768,Entire home/apt,195.31,7,39,2025-12-11,1.07,1,54,$150-250,False,267.0,Sometimes Available
1001594,Private room in Flushing,501594,Host1594,t,Queens,Flushing,40.678458,-73.797365,Private room,91.66,1,0,,0.0,1,110,$75-150,True,,Sometimes Available
1001595,Entire home/apt in Park Slope,501595,Host1595,f,Brooklyn,Park Slope,40.670735,-73.9417,Entire home/apt,208.47,1,88,2026-06-26,3.03,1,192,$150-250,False,70.0,Highly Available
1001596,Private room in Mott Haven,501596,Host1596,f,Bronx,Mott Haven,40.824132,-73.872327,Private room,20.0,1,9,2025-08-25,0.4,1,264,$0-75,False,375.0,Highly Available
1001597,Private room in Crown Heights,501597,Host1597,f,Brooklyn,Crown Heights,40.69005,-73.954288,Private room,94.95,5,69,2026-02-02,2.14,1,292,$75-150,False,214.0,Highly Available
1001598,Private room in Ridgewood,501598,Host1598,t,Queens,Ridgewood,40.735101,-73.808021,Private room,109.75,3,13,2026-05-20,1.02,1,265,$75-150,True,107.0,Highly Available
1001599,Entire home/apt in Financial District,501599,Host1599,t,Manhattan,Financial District,40.773275,-73.965913,Entire home/apt,334.64,1,18,2026-08-01,0.88,1,99,$250-400,True,34.0,Sometimes Available
1001600,Entire home/apt in Flushing,501600,Host1600,f,Queens,Flushing,40.721929,-73.788503,Entire home/apt,67.45,1,33,2026-07-15,2.87,1,103,$0-75,False,51.0,Sometimes Available
1001601,Entire home/apt in Hell's Kitchen,501601,Host1601,f,Manhattan,Hell's Kitchen,40.775485,-73.981134,Entire home/apt,120.36,1,22,2026-05-20,1.59,2,0,$75-150,False,107.0,Rarely Available
1001602,Shared room in Jamaica,501602,Host1602,f,Queens,Jamaica,40.701788,-73.799839,Shared room,87.16,1,11,2025-11-16,0.26,1,202,$75-150,False,292.0,Highly Available
1001603,Shared room in Upper West Side,501603,Host1603,f,Manhattan,Upper West Side,40.766722,-73.985055,Shared room,106.76,2,4,2025-11-27,0.11,1,115,$75-150,False,281.0,Sometimes Available
1001604,Private room in Bushwick,501604,Host1604,f,Brooklyn,Bushwick,40.688782,-73.956488,Private room,97.14,30,5,2025-08-15,0.42,1,3,$75-150,False,385.0,Rarely Available
1001605,Entire home/apt in Crown Heights,501605,Host1605,f,Brooklyn,Crown Heights,40.682805,-73.953764,Entire home/apt,135.23,2,49,2026-04-01,2.92,3,278,$75-150,False,156.0,Highly Available
1001606,Private room in East Village,501606,Host1606,f,Manhattan,East Village,40.7923,-73.957361,Private room,122.47,2,52,2026-03-06,1.24,1,188,$75-150,False,182.0,Highly Available
1001607,Private room in Crown Heights,501607,Host1607,t,Brooklyn,Crown Heights,40.672507,-73.933498,Private room,60.4,3,8,2026-07-07,0.25,1,30,$0-75,True,59.0,Rarely Available
1001608,Private room in Bedford-Stuyvesant,501608,Host1608,f,Brooklyn,Bedford-Stuyvesant,40.706066,-73.999032,Private room,158.69,1,2,2026-06-02,0.05,1,123,$150-250,False,94.0,Sometimes Available
1001609,Private room in Bedford-Stuyvesant,501609,Host1609,f,Brooklyn,Bedford-Stuyvesant,40.642903,-73.954556,Private room,145.55,1,11,2026-05-24,0.7,1,233,$75-150,False,103.0,Highly Available
1001610,Entire home/apt in Fordham,501610,Host1610,t,Bronx,Fordham,40.863505,-73.891218,Entire home/apt,87.27,30,32,2026-07-30,4.82,1,181,$75-150,True,36.0,Highly Available
1001611,Entire home/apt in Tottenville,501611,Host1611,f,Staten Island,Tottenville,40.573877,-74.139002,Entire home/apt,116.86,2,54,2026-03-29,1.14,2,143,$75-150,False,159.0,Sometimes Available
1001612,Private room in St. George,501612,Host1612,f,Staten Island,St. George,40.526403,-74.124545,Private room,57.58,5,8,2026-05-08,0.35,1,120,$0-75,False,119.0,Sometimes Available
1001613,Private room in DUMBO,501613,Host1613,f,Brooklyn,DUMBO,40.698268,-73.909977,Private room,102.99,14,15,2024-12-01,0.45,1,92,$75-150,False,642.0,Sometimes Available
1001614,Private room in Midtown,501614,Host1614,f,Manhattan,Midtown,40.772398,-73.973598,Private room,125.87,7,1,2026-02-12,0.04,3,134,$75-150,False,204.0,Sometimes Available
1001615,Private room in Ridgewood,501615,Host1615,f,Queens,Ridgewood,40.698986,-73.781468,Private room,48.36,5,0,,0.0,1,0,$0-75,False,,Rarely Available
1001616,Entire home/apt in Financial District,501616,Host1616,f,Manhattan,Financial District,40.754924,-73.983392,Entire home/apt,481.89,1,94,2026-02-06,2.57,2,283,$400+,False,210.0,Highly Available
1001617,Entire home/apt in Harlem,501617,Host1617,f,Manhattan,Harlem,40.731072,-73.911287,Entire home/apt,379.27,2,28,2025-11-02,3.32,5,0,$250-400,False,306.0,Rarely Available
1001618,Private room in Riverdale,501618,Host1618,f,Bronx,Riverdale,40.820374,-73.880257,Private room,97.19,14,8,2026-02-12,0.45,1,0,$75-150,False,204.0,Rarely Available
1001619,Hotel room in Upper West Side,501619,Host1619,f,Manhattan,Upper West Side,40.788584,-73.937906,Hotel room,315.82,7,1,2026-02-11,0.04,2,365,$250-400,False,205.0,Highly Available
1001620,Entire home/apt in Crown Heights,501620,Host1620,f,Brooklyn,Crown Heights,40.683169,-73.920983,Entire home/apt,136.6,2,5,2025-10-29,0.38,1,365,$75-150,False,310.0,Highly Available
1001621,Private room in Fordham,501621,Host1621,f,Bronx,Fordham,40.840876,-73.890162,Private room,52.12,3,59,2025-09-11,1.24,3,193,$0-75,False,358.0,Highly Available
1001622,Hotel room in Bedford-Stuyvesant,501622,Host1622,f,Brooklyn,Bedford-Stuyvesant,40.67559,-73.920447,Hotel room,165.01,3,50,2026-04-21,1.46,3,194,$150-250,False,136.0,Highly Available
1001623,Entire home/apt in East Village,501623,Host1623,f,Manhattan,East Village,40.750024,-73.975954,Entire home/apt,239.56,3,17,2026-06-04,1.08,10,0,$150-250,False,92.0,Rarely Available
1001624,Entire home/apt in Long Island City,501624,Host1624,f,Queens,Long Island City,40.69234,-73.78196,Entire home/apt,180.93,1,21,2026-06-27,0.46,1,112,$150-250,False,69.0,Sometimes Available
1001625,Private room in Midtown,501625,Host1625,f,Manhattan,Midtown,40.796045,-73.993032,Private room,117.33,1,11,2026-04-27,0.65,10,365,$75-150,False,130.0,Highly Available
1001626,Entire home/apt in East Village,501626,Host1626,f,Manhattan,East Village,40.734484,-73.971299,Entire home/apt,227.17,1,2,2025-11-30,0.14,1,211,$150-250,False,278.0,Highly Available
1001627,Entire home/apt in St. George,501627,Host1627,f,Staten Island,St. George,40.539028,-74.143532,Entire home/apt,57.15,1,5,2026-07-07,0.67,1,118,$0-75,False,59.0,Sometimes Available
1001628,Private room in Upper West Side,501628,Host1628,t,Manhattan,Upper West Side,40.761103,-73.95849,Private room,123.05,1,10,2026-05-19,0.29,1,365,$75-150,True,108.0,Highly Available
1001629,Private room in Park Slope,501629,Host1629,t,Brooklyn,Park Slope,40.702227,-73.960768,Private room,99.41,14,20,2026-04-01,0.47,2,186,$75-150,True,156.0,Highly Available
1001630,Entire home/apt in Flushing,501630,Host1630,f,Queens,Flushing,40.71754,-73.773793,Entire home/apt,225.8,2,44,2026-07-29,2.8,1,287,$150-250,False,37.0,Highly Available
1001631,Entire home/apt in Crown Heights,501631,Host1631,f,Brooklyn,Crown Heights,40.684217,-73.977584,Entire home/apt,212.5,2,38,2026-05-16,1.08,1,150,$150-250,False,111.0,Sometimes Available
1001632,Private room in Financial District,501632,Host1632,f,Manhattan,Financial District,40.775447,-73.914131,Private room,225.95,2,12,2026-07-25,0.33,1,0,$150-250,False,41.0,Rarely Available
1001633,Entire home/apt in Upper West Side,501633,Host1633,f,Manhattan,Upper West Side,40.775637,-73.985494,Entire home/apt,345.62,1,65,2026-03-12,1.4,1,167,$250-400,False,176.0,Sometimes Available
1001634,Entire home/apt in Midtown,501634,Host1634,t,Manhattan,Midtown,40.769696,-73.966373,Entire home/apt,146.34,1,0,,0.0,1,58,$75-150,True,,Sometimes Available
1001635,Private room in Williamsburg,501635,Host1635,f,Brooklyn,Williamsburg,40.70456,-73.950024,Private room,159.29,14,39,2026-07-02,1.69,1,153,$150-250,False,64.0,Sometimes Available
1001636,Private room in Financial District,501636,Host1636,f,Manhattan,Financial District,40.813386,-73.954579,Private room,117.63,14,29,2026-05-14,1.48,1,153,$75-150,False,113.0,Sometimes Available
1001637,Entire home/apt in Midtown,501637,Host1637,f,Manhattan,Midtown,40.792575,-73.942106,Entire home/apt,281.99,3,49,2026-04-11,2.2,1,111,$250-400,False,146.0,Sometimes Available
1001638,Private room in Chelsea,501638,Host1638,f,Manhattan,Chelsea,40.762612,-73.95275,Private room,74.12,1,20,2026-03-28,0.49,2,290,$0-75,False,160.0,Highly Available
1001639,Entire home/apt in Ridgewood,501639,Host1639,f,Queens,Ridgewood,40.747672,-73.812319,Entire home/apt,184.17,2,31,2026-04-06,2.2,1,91,$150-250,False,151.0,Sometimes Available
1001640,Private room in Upper West Side,501640,Host1640,f,Manhattan,Upper West Side,40.760706,-73.940032,Private room,55.14,7,4,2026-06-13,0.18,1,154,$0-75,False,83.0,Sometimes Available
1001641,Entire home/apt in Ridgewood,501641,Host1641,f,Queens,Ridgewood,40.714613,-73.802193,Entire home/apt,176.49,5,12,2026-04-06,1.03,1,212,$150-250,False,151.0,Highly Available
1001642,Private room in DUMBO,501642,Host1642,f,Brooklyn,DUMBO,40.656942,-73.960183,Private room,60.61,5,6,2026-03-06,0.35,1,229,$0-75,False,182.0,Highly Available
1001643,Entire home/apt in Crown Heights,501643,Host1643,f,Brooklyn,Crown Heights,40.666403,-73.93391,Entire home/apt,243.39,1,15,2026-03-31,0.31,1,92,$150-250,False,157.0,Sometimes Available
1001644,Private room in Harlem,501644,Host1644,t,Manhattan,Harlem,40.763055,-73.996269,Private room,103.91,2,15,2026-07-06,0.42,1,131,$75-150,True,60.0,Sometimes Available
1001645,Private room in Williamsburg,501645,Host1645,f,Brooklyn,Williamsburg,40.693969,-73.949666,Private room,76.01,2,50,2026-06-06,3.9,1,113,$75-150,False,90.0,Sometimes Available
1001646,Hotel room in Long Island City,501646,Host1646,t,Queens,Long Island City,40.736896,-73.806211,Hotel room,296.42,1,55,2026-05-16,1.46,1,171,$250-400,True,111.0,Sometimes Available
1001647,Entire home/apt in Tottenville,501647,Host1647,t,Staten Island,Tottenville,40.563036,-74.181086,Entire home/apt,62.17,5,88,2026-04-29,2.05,1,112,$0-75,True,128.0,Sometimes Available
1001648,Entire home/apt in Ridgewood,501648,Host1648,f,Queens,Ridgewood,40.747875,-73.797461,Entire home/apt,152.24,7,15,2026-07-01,0.62,2,268,$150-250,False,65.0,Highly Available
1001649,Entire home/apt in Long Island City,501649,Host1649,f,Queens,Long Island City,40.725833,-73.780107,Entire home/apt,92.69,2,8,2026-04-27,0.46,1,113,$75-150,False,130.0,Sometimes Available
1001650,Private room in Fordham,501650,Host1650,f,Bronx,Fordham,40.81486,-73.873746,Private room,88.17,2,11,2026-03-29,0.44,1,362,$75-150,False,159.0,Highly Available
1001651,Private room in Astoria,501651,Host1651,f,Queens,Astoria,40.751012,-73.795871,Private room,67.5,2,8,2026-01-05,0.19,3,365,$0-75,False,242.0,Highly Available
1001652,Private room in Bushwick,501652,Host1652,f,Brooklyn,Bushwick,40.65534,-73.964054,Private room,64.41,1,33,2026-06-12,0.98,1,91,$0-75,False,84.0,Sometimes Available
1001653,Entire home/apt in Bedford-Stuyvesant,501653,Host1653,f,Brooklyn,Bedford-Stuyvesant,40.702313,-73.935266,Entire home/apt,124.37,1,41,2026-04-22,1.1,1,229,$75-150,False,135.0,Highly Available
1001654,Entire home/apt in Bedford-Stuyvesant,501654,Host1654,f,Brooklyn,Bedford-Stuyvesant,40.66722,-73.972025,Entire home/apt,48.45,1,21,2026-07-07,0.49,2,83,$0-75,False,59.0,Sometimes Available
1001655,Private room in Fordham,501655,Host1655,f,Bronx,Fordham,40.831343,-73.905941,Private room,20.63,2,5,2026-02-17,0.15,1,39,$0-75,False,199.0,Sometimes Available
1001656,Entire home/apt in Upper West Side,501656,Host1656,f,Manhattan,Upper West Side,40.747927,-73.969187,Entire home/apt,381.87,2,11,2026-07-12,0.5,1,156,$250-400,False,54.0,Sometimes Available
1001657,Entire home/apt in Financial District,501657,Host1657,f,Manhattan,Financial District,40.780981,-73.968226,Entire home/apt,74.32,7,11,2026-05-12,0.61,1,258,$0-75,False,115.0,Highly Available
1001658,Shared room in Financial District,501658,Host1658,f,Manhattan,Financial District,40.759136,-73.972935,Shared room,183.93,2,1,2026-07-16,0.03,1,245,$150-250,False,50.0,Highly Available
1001659,Entire home/apt in Tottenville,501659,Host1659,t,Staten Island,Tottenville,40.585655,-74.147205,Entire home/apt,89.72,2,10,2026-06-05,1.66,1,175,$75-150,True,91.0,Sometimes Available
1001660,Entire home/apt in Williamsburg,501660,Host1660,f,Brooklyn,Williamsburg,40.66411,-73.9176,Entire home/apt,251.03,3,1,2026-08-01,0.03,2,300,$250-400,False,34.0,Highly Available
1001661,Private room in Midtown,501661,Host1661,t,Manhattan,Midtown,40.768024,-73.965422,Private room,201.48,1,10,2026-01-31,0.22,1,279,$150-250,True,216.0,Highly Available
1001662,Entire home/apt in Financial District,501662,Host1662,f,Manhattan,Financial District,40.782681,-73.959894,Entire home/apt,553.4843000000001,2,113,2026-04-16,5.46,1,89,$400+,False,141.0,Sometimes Available
1001663,Entire home/apt in Crown Heights,501663,Host1663,f,Brooklyn,Crown Heights,40.674456,-73.913757,Entire home/apt,333.2,1,8,2025-12-13,0.17,1,254,$250-400,False,265.0,Highly Available
1001664,Entire home/apt in Harlem,501664,Host1664,f,Manhattan,Harlem,40.777802,-73.961154,Entire home/apt,371.98,1,68,2025-05-28,3.37,3,55,$250-400,False,464.0,Sometimes Available
1001665,Private room in Williamsburg,501665,Host1665,t,Brooklyn,Williamsburg,40.697679,-73.962255,Private room,60.79,2,15,2026-01-21,0.32,2,67,$0-75,True,226.0,Sometimes Available
1001666,Entire home/apt in Ridgewood,501666,Host1666,f,Queens,Ridgewood,40.710722,-73.789107,Entire home/apt,159.49,14,39,2026-05-17,3.18,10,365,$150-250,False,110.0,Highly Available
1001667,Private room in DUMBO,501667,Host1667,f,Brooklyn,DUMBO,40.684986,-73.969599,Private room,149.39,2,2,2026-05-21,0.11,1,314,$75-150,False,106.0,Highly Available
1001668,Entire home/apt in Chelsea,501668,Host1668,t,Manhattan,Chelsea,40.788243,-73.981843,Entire home/apt,383.88,7,13,2026-07-12,0.64,1,107,$250-400,True,54.0,Sometimes Available
1001669,Private room in Ridgewood,501669,Host1669,f,Queens,Ridgewood,40.759857,-73.790589,Private room,82.65,2,15,2026-05-03,0.65,1,136,$75-150,False,124.0,Sometimes Available
1001670,Private room in Williamsburg,501670,Host1670,f,Brooklyn,Williamsburg,40.671551,-73.945661,Private room,37.7,2,27,2026-07-28,0.62,1,80,$0-75,False,38.0,Sometimes Available
1001671,Private room in Long Island City,501671,Host1671,f,Queens,Long Island City,40.717962,-73.807618,Private room,57.13,1,16,2026-05-20,1.31,1,102,$0-75,False,107.0,Sometimes Available
1001672,Entire home/apt in Williamsburg,501672,Host1672,f,Brooklyn,Williamsburg,40.685707,-73.938487,Entire home/apt,84.5,1,35,2026-06-06,1.88,1,0,$75-150,False,90.0,Rarely Available
1001673,Private room in Financial District,501673,Host1673,f,Manhattan,Financial District,40.777425,-73.989083,Private room,354.44,30,24,2026-07-04,0.56,1,119,$250-400,False,62.0,Sometimes Available
1001674,Private room in Jamaica,501674,Host1674,t,Queens,Jamaica,40.683444,-73.764446,Private room,20.0,2,10,2026-03-25,0.3,1,99,$0-75,True,163.0,Sometimes Available
1001675,Entire home/apt in Upper West Side,501675,Host1675,t,Manhattan,Upper West Side,40.788921,-73.955417,Entire home/apt,250.53,14,30,2025-04-25,1.7,5,127,$250-400,True,497.0,Sometimes Available
1001676,Private room in Crown Heights,501676,Host1676,f,Brooklyn,Crown Heights,40.693257,-73.933453,Private room,74.77,30,31,2025-12-21,1.88,1,194,$0-75,False,257.0,Highly Available
1001677,Entire home/apt in East Village,501677,Host1677,f,Manhattan,East Village,40.799541,-73.978011,Entire home/apt,87.71,3,7,2026-01-02,0.16,1,263,$75-150,False,245.0,Highly Available
1001678,Entire home/apt in Ridgewood,501678,Host1678,f,Queens,Ridgewood,40.739014,-73.776636,Entire home/apt,72.15,2,18,2025-09-01,0.48,2,232,$0-75,False,368.0,Highly Available
1001679,Entire home/apt in Ridgewood,501679,Host1679,f,Queens,Ridgewood,40.698043,-73.804782,Entire home/apt,67.67,7,1,2025-08-17,0.06,2,128,$0-75,False,383.0,Sometimes Available
1001680,Private room in Flushing,501680,Host1680,f,Queens,Flushing,40.745233,-73.78013,Private room,138.03,2,20,2026-01-17,0.44,1,168,$75-150,False,230.0,Sometimes Available
1001681,Entire home/apt in Crown Heights,501681,Host1681,f,Brooklyn,Crown Heights,40.69118,-73.938164,Entire home/apt,136.17,2,1,2025-04-22,0.02,1,93,$75-150,False,500.0,Sometimes Available
1001682,Entire home/apt in Harlem,501682,Host1682,f,Manhattan,Harlem,40.800543,-74.013546,Entire home/apt,336.63,1,2,2026-07-12,0.11,2,92,$250-400,False,54.0,Sometimes Available
1001683,Private room in East Village,501683,Host1683,f,Manhattan,East Village,40.75666,-73.957506,Private room,231.4,14,29,2026-01-15,0.64,1,119,$150-250,False,232.0,Sometimes Available
1001684,Entire home/apt in Upper West Side,501684,Host1684,f,Manhattan,Upper West Side,40.785263,-73.978126,Entire home/apt,553.4843000000001,2,12,2026-06-09,0.27,1,100,$400+,False,87.0,Sometimes Available
1001685,Private room in East Village,501685,Host1685,f,Manhattan,East Village,40.754675,-73.945487,Private room,147.25,3,1,2026-07-24,0.03,2,216,$75-150,False,42.0,Highly Available
1001686,Private room in Hell's Kitchen,501686,Host1686,t,Manhattan,Hell's Kitchen,40.79816,-73.981315,Private room,159.5,3,9,2026-05-14,0.56,1,264,$150-250,True,113.0,Highly Available
1001687,Private room in Mott Haven,501687,Host1687,f,Bronx,Mott Haven,40.843282,-73.889639,Private room,89.73,1,22,2026-03-20,0.52,1,36,$75-150,False,168.0,Sometimes Available
1001688,Entire home/apt in Williamsburg,501688,Host1688,f,Brooklyn,Williamsburg,40.651087,-73.924969,Entire home/apt,124.11,1,28,2026-03-23,1.53,2,291,$75-150,False,165.0,Highly Available
1001689,Private room in Park Slope,501689,Host1689,t,Brooklyn,Park Slope,40.695977,-73.94807,Private room,72.11,5,72,2026-05-31,1.66,2,365,$0-75,True,96.0,Highly Available
1001690,Entire home/apt in Chelsea,501690,Host1690,t,Manhattan,Chelsea,40.773028,-73.983172,Entire home/apt,129.75,7,10,2026-05-09,0.24,1,0,$75-150,True,118.0,Rarely Available
1001691,Entire home/apt in Mott Haven,501691,Host1691,f,Bronx,Mott Haven,40.846183,-73.874776,Entire home/apt,110.87,1,31,2026-06-17,0.76,3,152,$75-150,False,79.0,Sometimes Available
1001692,Entire home/apt in Williamsburg,501692,Host1692,f,Brooklyn,Williamsburg,40.69086,-73.943441,Entire home/apt,197.56,2,52,2026-05-07,1.19,1,35,$150-250,False,120.0,Sometimes Available
1001693,Entire home/apt in Park Slope,501693,Host1693,f,Brooklyn,Park Slope,40.694849,-73.94387,Entire home/apt,115.97,2,48,2026-04-08,1.74,3,61,$75-150,False,149.0,Sometimes Available
1001694,Private room in Park Slope,501694,Host1694,t,Brooklyn,Park Slope,40.703775,-73.937291,Private room,131.65,5,9,2026-07-26,0.48,1,187,$75-150,True,40.0,Highly Available
1001695,Entire home/apt in Harlem,501695,Host1695,f,Manhattan,Harlem,40.761358,-73.982135,Entire home/apt,199.29,2,46,2026-07-18,1.27,1,66,$150-250,False,48.0,Sometimes Available
1001696,Private room in Financial District,501696,Host1696,f,Manhattan,Financial District,40.764241,-73.961718,Private room,192.35,7,28,2026-06-04,1.0,1,59,$150-250,False,92.0,Sometimes Available
1001697,Private room in Jamaica,501697,Host1697,f,Queens,Jamaica,40.749188,-73.779523,Private room,111.72,2,17,2026-05-14,0.54,1,111,$75-150,False,113.0,Sometimes Available
1001698,Entire home/apt in Long Island City,501698,Host1698,f,Queens,Long Island City,40.741712,-73.790915,Entire home/apt,157.44,14,39,2026-03-23,1.59,1,145,$150-250,False,165.0,Sometimes Available
1001699,Private room in Williamsburg,501699,Host1699,f,Brooklyn,Williamsburg,40.69653,-73.924947,Private room,163.17,5,180,2026-05-28,4.31,2,207,$150-250,False,99.0,Highly Available
1001700,Private room in Crown Heights,501700,Host1700,f,Brooklyn,Crown Heights,40.66309,-73.945438,Private room,340.82,1,58,2026-07-29,1.4,1,269,$250-400,False,37.0,Highly Available
1001701,Entire home/apt in St. George,501701,Host1701,t,Staten Island,St. George,40.579699,-74.171299,Entire home/apt,171.67,1,18,2025-12-26,2.3,1,199,$150-250,True,252.0,Highly Available
1001702,Entire home/apt in Greenpoint,501702,Host1702,f,Brooklyn,Greenpoint,40.680223,-73.945388,Entire home/apt,97.86,5,15,2026-06-20,0.31,1,197,$75-150,False,76.0,Highly Available
1001703,Entire home/apt in Long Island City,501703,Host1703,f,Queens,Long Island City,40.715304,-73.826263,Entire home/apt,172.86,1,4,2026-06-12,0.43,3,61,$150-250,False,84.0,Sometimes Available
1001704,Shared room in Astoria,501704,Host1704,f,Queens,Astoria,40.719853,-73.784484,Shared room,22.31,5,13,2025-11-24,0.87,2,58,$0-75,False,284.0,Sometimes Available
1001705,Private room in Ridgewood,501705,Host1705,f,Queens,Ridgewood,40.718037,-73.807529,Private room,128.45,1,7,2026-06-08,0.29,1,337,$75-150,False,88.0,Highly Available
1001706,Entire home/apt in Upper West Side,501706,Host1706,t,Manhattan,Upper West Side,40.786433,-73.939965,Entire home/apt,88.87,1,3,2026-02-24,0.09,3,119,$75-150,True,192.0,Sometimes Available
1001707,Private room in DUMBO,501707,Host1707,f,Brooklyn,DUMBO,40.647259,-73.930619,Private room,62.0,1,22,2025-12-14,1.02,1,7,$0-75,False,264.0,Rarely Available
1001708,Entire home/apt in Bedford-Stuyvesant,501708,Host1708,f,Brooklyn,Bedford-Stuyvesant,40.67874,-73.952542,Entire home/apt,188.46,3,9,2026-05-08,0.37,1,46,$150-250,False,119.0,Sometimes Available
1001709,Entire home/apt in Fordham,501709,Host1709,f,Bronx,Fordham,40.853882,-73.911899,Entire home/apt,76.27,1,6,2026-05-09,0.7,1,174,$75-150,False,118.0,Sometimes Available
1001710,Entire home/apt in Crown Heights,501710,Host1710,f,Brooklyn,Crown Heights,40.730503,-73.930721,Entire home/apt,553.4843000000001,1,42,2026-07-19,4.01,1,258,$400+,False,47.0,Highly Available
1001711,Private room in Jamaica,501711,Host1711,f,Queens,Jamaica,40.720591,-73.810838,Private room,59.57,30,2,2026-07-06,0.07,1,134,$0-75,False,60.0,Sometimes Available
1001712,Entire home/apt in Jamaica,501712,Host1712,f,Queens,Jamaica,40.718687,-73.823937,Entire home/apt,115.04,1,21,2026-04-12,1.16,1,290,$75-150,False,145.0,Highly Available
1001713,Entire home/apt in Greenpoint,501713,Host1713,f,Brooklyn,Greenpoint,40.69044,-73.970697,Entire home/apt,246.59,1,55,2026-05-13,1.44,10,244,$150-250,False,114.0,Highly Available
1001714,Private room in Harlem,501714,Host1714,f,Manhattan,Harlem,40.768402,-73.970465,Private room,74.85,2,30,2026-06-23,2.1,1,135,$0-75,False,73.0,Sometimes Available
1001715,Private room in Harlem,501715,Host1715,f,Manhattan,Harlem,40.785566,-73.970328,Private room,167.7,1,12,2025-11-29,0.69,2,0,$150-250,False,279.0,Rarely Available
1001716,Entire home/apt in DUMBO,501716,Host1716,f,Brooklyn,DUMBO,40.692938,-73.930977,Entire home/apt,102.75,7,43,2026-05-30,1.97,1,0,$75-150,False,97.0,Rarely Available
1001717,Private room in Williamsburg,501717,Host1717,f,Brooklyn,Williamsburg,40.680229,-73.886484,Private room,155.59,3,6,2026-06-27,0.36,1,136,$150-250,False,69.0,Sometimes Available
1001718,Private room in Greenpoint,501718,Host1718,f,Brooklyn,Greenpoint,40.672579,-73.894864,Private room,33.61,3,31,2026-05-10,2.38,2,135,$0-75,False,117.0,Sometimes Available
1001719,Entire home/apt in Crown Heights,501719,Host1719,f,Brooklyn,Crown Heights,40.664811,-73.94392,Entire home/apt,314.91,3,75,2025-06-21,7.59,1,50,$250-400,False,440.0,Sometimes Available
1001720,Entire home/apt in Harlem,501720,Host1720,f,Manhattan,Harlem,40.761893,-73.931623,Entire home/apt,553.4843000000001,1,22,2026-01-14,0.51,1,170,$400+,False,233.0,Sometimes Available
1001721,Entire home/apt in Midtown,501721,Host1721,t,Manhattan,Midtown,40.774689,-73.95881,Entire home/apt,176.38,5,3,2026-07-18,0.07,1,254,$150-250,True,48.0,Highly Available
1001722,Private room in Harlem,501722,Host1722,f,Manhattan,Harlem,40.761776,-73.922285,Private room,115.56,1,1,2026-05-01,0.04,1,152,$75-150,False,126.0,Sometimes Available
1001723,Shared room in Financial District,501723,Host1723,f,Manhattan,Financial District,40.772318,-73.989108,Shared room,87.22,2,8,2026-05-23,0.19,1,126,$75-150,False,104.0,Sometimes Available
1001724,Entire home/apt in Upper West Side,501724,Host1724,f,Manhattan,Upper West Side,40.796125,-73.954622,Entire home/apt,347.67,30,11,2025-05-10,0.53,1,89,$250-400,False,482.0,Sometimes Available
1001725,Private room in Bushwick,501725,Host1725,f,Brooklyn,Bushwick,40.709717,-73.944376,Private room,85.59,1,42,2026-02-24,2.4,10,178,$75-150,False,192.0,Sometimes Available
1001726,Private room in Midtown,501726,Host1726,t,Manhattan,Midtown,40.733289,-73.978006,Private room,113.49,14,2,2026-04-04,0.07,3,159,$75-150,True,153.0,Sometimes Available
1001727,Entire home/apt in DUMBO,501727,Host1727,t,Brooklyn,DUMBO,40.684549,-73.935052,Entire home/apt,157.48,2,52,2026-05-12,2.13,1,114,$150-250,True,115.0,Sometimes Available
1001728,Entire home/apt in Financial District,501728,Host1728,f,Manhattan,Financial District,40.793495,-73.977452,Entire home/apt,255.59,3,27,2025-08-04,2.51,1,47,$250-400,False,396.0,Sometimes Available
1001729,Private room in East Village,501729,Host1729,f,Manhattan,East Village,40.813941,-73.984994,Private room,107.0,7,77,2026-05-03,11.22,1,47,$75-150,False,124.0,Sometimes Available
1001730,Entire home/apt in Hell's Kitchen,501730,Host1730,f,Manhattan,Hell's Kitchen,40.810364,-73.997313,Entire home/apt,292.02,3,12,2026-02-26,1.11,1,209,$250-400,False,190.0,Highly Available
1001731,Entire home/apt in Mott Haven,501731,Host1731,f,Bronx,Mott Haven,40.820418,-73.892935,Entire home/apt,59.13,1,32,2025-06-11,1.2,10,0,$0-75,False,450.0,Rarely Available
1001732,Private room in Park Slope,501732,Host1732,f,Brooklyn,Park Slope,40.649744,-73.935994,Private room,128.76,1,10,2026-05-17,0.25,2,38,$75-150,False,110.0,Sometimes Available
1001733,Entire home/apt in Park Slope,501733,Host1733,f,Brooklyn,Park Slope,40.645859,-73.95015,Entire home/apt,246.1,1,11,2025-09-10,0.42,1,55,$150-250,False,359.0,Sometimes Available
1001734,Shared room in Midtown,501734,Host1734,f,Manhattan,Midtown,40.764683,-73.978159,Shared room,127.88,30,16,2026-01-23,0.42,2,84,$75-150,False,224.0,Sometimes Available
1001735,Private room in Williamsburg,501735,Host1735,t,Brooklyn,Williamsburg,40.694283,-73.926219,Private room,40.09,1,40,2024-08-20,1.03,1,238,$0-75,True,745.0,Highly Available
1001736,Entire home/apt in East Village,501736,Host1736,f,Manhattan,East Village,40.743486,-73.965002,Entire home/apt,419.95,1,24,2026-02-17,1.86,1,0,$400+,False,199.0,Rarely Available
1001737,Entire home/apt in Greenpoint,501737,Host1737,f,Brooklyn,Greenpoint,40.705545,-73.969997,Entire home/apt,386.37,3,4,2026-05-24,0.34,1,221,$250-400,False,103.0,Highly Available
1001738,Entire home/apt in Crown Heights,501738,Host1738,t,Brooklyn,Crown Heights,40.698226,-73.929066,Entire home/apt,108.71,3,9,2026-07-03,0.35,1,245,$75-150,True,63.0,Highly Available
1001739,Entire home/apt in East Village,501739,Host1739,t,Manhattan,East Village,40.769077,-73.981248,Entire home/apt,214.16,3,34,2026-04-24,0.98,2,277,$150-250,True,133.0,Highly Available
1001740,Private room in Financial District,501740,Host1740,f,Manhattan,Financial District,40.76727,-73.986996,Private room,89.31,3,7,2026-07-09,0.33,1,96,$75-150,False,57.0,Sometimes Available
1001741,Entire home/apt in East Village,501741,Host1741,f,Manhattan,East Village,40.788846,-73.967832,Entire home/apt,195.54,1,70,2026-03-05,2.65,1,140,$150-250,False,183.0,Sometimes Available
1001742,Private room in Park Slope,501742,Host1742,f,Brooklyn,Park Slope,40.678628,-73.960111,Private room,201.23,1,33,2025-09-02,2.56,1,252,$150-250,False,367.0,Highly Available
1001743,Entire home/apt in Hell's Kitchen,501743,Host1743,f,Manhattan,Hell's Kitchen,40.795179,-73.998136,Entire home/apt,279.67,1,15,2026-02-22,0.44,1,48,$250-400,False,194.0,Sometimes Available
1001744,Private room in Flushing,501744,Host1744,f,Queens,Flushing,40.725605,-73.803961,Private room,123.26,5,12,2026-03-11,0.26,1,61,$75-150,False,177.0,Sometimes Available
1001745,Private room in Fordham,501745,Host1745,f,Bronx,Fordham,40.810215,-73.916337,Private room,125.36,3,48,2025-07-05,3.38,1,44,$75-150,False,426.0,Sometimes Available
1001746,Private room in Crown Heights,501746,Host1746,t,Brooklyn,Crown Heights,40.699603,-73.955625,Private room,123.88,2,18,2026-07-15,2.43,1,83,$75-150,True,51.0,Sometimes Available
1001747,Entire home/apt in Financial District,501747,Host1747,t,Manhattan,Financial District,40.772776,-73.980489,Entire home/apt,375.04,14,58,2025-09-09,1.27,3,134,$250-400,True,360.0,Sometimes Available
1001748,Private room in Crown Heights,501748,Host1748,f,Brooklyn,Crown Heights,40.66175,-73.950251,Private room,99.88,7,73,2026-08-01,1.64,1,108,$75-150,False,34.0,Sometimes Available
1001749,Shared room in Mott Haven,501749,Host1749,f,Bronx,Mott Haven,40.846008,-73.896592,Shared room,43.19,1,124,2026-04-26,3.28,1,89,$0-75,False,131.0,Sometimes Available
1001750,Entire home/apt in Jamaica,501750,Host1750,f,Queens,Jamaica,40.739786,-73.814558,Entire home/apt,81.19,2,25,2026-06-08,0.84,1,180,$75-150,False,88.0,Sometimes Available
1001751,Entire home/apt in East Village,501751,Host1751,t,Manhattan,East Village,40.718116,-73.947145,Entire home/apt,208.27,1,2,2025-09-08,0.2,1,238,$150-250,True,361.0,Highly Available
1001752,Entire home/apt in Williamsburg,501752,Host1752,f,Brooklyn,Williamsburg,40.668407,-73.951668,Entire home/apt,448.82,2,0,,0.0,1,55,$400+,False,,Sometimes Available
1001753,Entire home/apt in Bedford-Stuyvesant,501753,Host1753,f,Brooklyn,Bedford-Stuyvesant,40.659053,-73.931198,Entire home/apt,60.39,1,1,2026-04-11,0.02,1,228,$0-75,False,146.0,Highly Available
1001754,Entire home/apt in Harlem,501754,Host1754,f,Manhattan,Harlem,40.791161,-73.977677,Entire home/apt,98.27,1,10,2026-03-17,1.46,1,140,$75-150,False,171.0,Sometimes Available
1001755,Entire home/apt in Financial District,501755,Host1755,f,Manhattan,Financial District,40.804408,-73.950747,Entire home/apt,99.0,3,28,2026-05-06,0.81,1,308,$75-150,False,121.0,Highly Available
1001756,Entire home/apt in Park Slope,501756,Host1756,f,Brooklyn,Park Slope,40.681486,-73.948566,Entire home/apt,122.36,5,20,2025-11-07,1.21,1,59,$75-150,False,301.0,Sometimes Available
1001757,Private room in DUMBO,501757,Host1757,f,Brooklyn,DUMBO,40.689949,-73.943833,Private room,40.87,5,112,2026-03-31,8.39,2,214,$0-75,False,157.0,Highly Available
1001758,Private room in St. George,501758,Host1758,f,Staten Island,St. George,40.577316,-74.149581,Private room,42.61,1,7,2026-07-20,0.8,1,32,$0-75,False,46.0,Sometimes Available
1001759,Entire home/apt in Ridgewood,501759,Host1759,f,Queens,Ridgewood,40.719059,-73.790928,Entire home/apt,202.13,2,23,2026-07-25,0.64,1,0,$150-250,False,41.0,Rarely Available
1001760,Private room in East Village,501760,Host1760,f,Manhattan,East Village,40.771579,-74.009991,Private room,58.35,5,63,2026-06-27,2.06,2,221,$0-75,False,69.0,Highly Available
1001761,Entire home/apt in Hell's Kitchen,501761,Host1761,t,Manhattan,Hell's Kitchen,40.805086,-73.974506,Entire home/apt,553.4843000000001,2,16,2026-01-25,0.72,1,119,$400+,True,222.0,Sometimes Available
1001762,Entire home/apt in Flushing,501762,Host1762,f,Queens,Flushing,40.725049,-73.775018,Entire home/apt,43.66,2,15,2026-06-19,0.79,1,245,$0-75,False,77.0,Highly Available
1001763,Entire home/apt in Financial District,501763,Host1763,f,Manhattan,Financial District,40.776149,-73.966915,Entire home/apt,294.83,2,38,2025-11-25,3.83,3,125,$250-400,False,283.0,Sometimes Available
1001764,Private room in Hell's Kitchen,501764,Host1764,f,Manhattan,Hell's Kitchen,40.786208,-73.961965,Private room,198.25,2,71,2026-05-18,1.99,1,0,$150-250,False,109.0,Rarely Available
1001765,Entire home/apt in Hell's Kitchen,501765,Host1765,f,Manhattan,Hell's Kitchen,40.756449,-73.995149,Entire home/apt,349.02,1,30,2026-07-12,0.64,1,208,$250-400,False,54.0,Highly Available
1001766,Hotel room in Park Slope,501766,Host1766,f,Brooklyn,Park Slope,40.678058,-73.942458,Hotel room,153.91,1,18,2026-05-10,0.38,1,296,$150-250,False,117.0,Highly Available
1001767,Private room in St. George,501767,Host1767,f,Staten Island,St. George,40.573251,-74.156782,Private room,20.0,3,4,2026-07-21,0.17,1,227,$0-75,False,45.0,Highly Available
1001768,Private room in Bushwick,501768,Host1768,t,Brooklyn,Bushwick,40.667073,-73.943235,Private room,137.4,1,48,2026-07-18,7.88,1,222,$75-150,True,48.0,Highly Available
1001769,Private room in Financial District,501769,Host1769,t,Manhattan,Financial District,40.799406,-74.003002,Private room,389.36,3,7,2026-04-08,0.37,1,141,$250-400,True,149.0,Sometimes Available
1001770,Private room in Greenpoint,501770,Host1770,f,Brooklyn,Greenpoint,40.696286,-73.977996,Private room,61.94,14,6,2026-06-18,0.23,5,18,$0-75,False,78.0,Rarely Available
1001771,Private room in Riverdale,501771,Host1771,t,Bronx,Riverdale,40.8305,-73.862096,Private room,37.81,2,10,2026-04-02,0.69,3,121,$0-75,True,155.0,Sometimes Available
1001772,Entire home/apt in Williamsburg,501772,Host1772,f,Brooklyn,Williamsburg,40.68934,-73.948338,Entire home/apt,285.81,7,2,2026-07-24,0.11,1,281,$250-400,False,42.0,Highly Available
1001773,Private room in Fordham,501773,Host1773,f,Bronx,Fordham,40.838827,-73.847365,Private room,26.01,1,5,2026-05-04,0.13,2,6,$0-75,False,123.0,Rarely Available
1001774,Entire home/apt in Crown Heights,501774,Host1774,f,Brooklyn,Crown Heights,40.678056,-73.946782,Entire home/apt,249.88,2,34,2025-02-24,5.18,1,259,$150-250,False,557.0,Highly Available
1001775,Entire home/apt in Fordham,501775,Host1775,f,Bronx,Fordham,40.846809,-73.909816,Entire home/apt,92.81,1,36,2026-07-05,0.79,10,151,$75-150,False,61.0,Sometimes Available
1001776,Entire home/apt in Crown Heights,501776,Host1776,f,Brooklyn,Crown Heights,40.671699,-73.942676,Entire home/apt,403.18,7,19,2026-02-08,0.42,1,100,$400+,False,208.0,Sometimes Available
1001777,Entire home/apt in Tottenville,501777,Host1777,f,Staten Island,Tottenville,40.601656,-74.158142,Entire home/apt,202.11,1,16,2026-03-27,0.61,1,111,$150-250,False,161.0,Sometimes Available
1001778,Private room in Greenpoint,501778,Host1778,t,Brooklyn,Greenpoint,40.686492,-73.986391,Private room,126.42,2,94,2026-02-06,2.31,1,160,$75-150,True,210.0,Sometimes Available
1001779,Private room in Park Slope,501779,Host1779,f,Brooklyn,Park Slope,40.671955,-73.918194,Private room,91.73,5,12,2026-06-15,0.4,1,338,$75-150,False,81.0,Highly Available
1001780,Entire home/apt in Hell's Kitchen,501780,Host1780,f,Manhattan,Hell's Kitchen,40.75784,-73.964049,Entire home/apt,231.48,1,3,2026-07-31,0.15,1,240,$150-250,False,35.0,Highly Available
1001781,Private room in Flushing,501781,Host1781,f,Queens,Flushing,40.728059,-73.80985,Private room,139.76,14,2,2026-05-18,0.31,1,54,$75-150,False,109.0,Sometimes Available
1001782,Private room in Midtown,501782,Host1782,f,Manhattan,Midtown,40.79341,-73.981441,Private room,72.78,7,12,2025-09-05,1.49,5,1,$0-75,False,364.0,Rarely Available
1001783,Private room in Jamaica,501783,Host1783,f,Queens,Jamaica,40.763831,-73.759054,Private room,126.73,1,66,2026-04-13,2.58,1,108,$75-150,False,144.0,Sometimes Available
1001784,Entire home/apt in Harlem,501784,Host1784,f,Manhattan,Harlem,40.761843,-73.942994,Entire home/apt,290.89,5,45,2026-07-25,1.04,1,0,$250-400,False,41.0,Rarely Available
1001785,Private room in Riverdale,501785,Host1785,f,Bronx,Riverdale,40.847471,-73.914926,Private room,20.0,1,28,2026-07-27,4.18,3,291,$0-75,False,39.0,Highly Available
1001786,Shared room in Harlem,501786,Host1786,f,Manhattan,Harlem,40.770974,-73.985109,Shared room,49.92,30,1,2025-12-30,0.02,1,263,$0-75,False,248.0,Highly Available
1001787,Private room in St. George,501787,Host1787,t,Staten Island,St. George,40.612418,-74.121008,Private room,34.12,1,36,2026-07-28,1.6,1,219,$0-75,True,38.0,Highly Available
1001788,Private room in Hell's Kitchen,501788,Host1788,t,Manhattan,Hell's Kitchen,40.755043,-73.977334,Private room,82.44,2,60,2026-07-21,2.18,1,192,$75-150,True,45.0,Highly Available
1001789,Private room in Bushwick,501789,Host1789,f,Brooklyn,Bushwick,40.68994,-73.942678,Private room,34.6,1,35,2026-07-19,1.56,1,206,$0-75,False,47.0,Highly Available
1001790,Private room in St. George,501790,Host1790,f,Staten Island,St. George,40.546046,-74.162454,Private room,21.66,3,19,2026-04-21,0.65,1,165,$0-75,False,136.0,Sometimes Available
1001791,Entire home/apt in Chelsea,501791,Host1791,f,Manhattan,Chelsea,40.77891,-73.959362,Entire home/apt,172.5,2,15,2025-08-03,0.45,3,198,$150-250,False,397.0,Highly Available
1001792,Private room in Riverdale,501792,Host1792,f,Bronx,Riverdale,40.808666,-73.9342,Private room,24.61,1,65,2026-04-23,1.44,1,0,$0-75,False,134.0,Rarely Available
1001793,Entire home/apt in Bedford-Stuyvesant,501793,Host1793,f,Brooklyn,Bedford-Stuyvesant,40.708224,-73.930097,Entire home/apt,288.79,7,3,2026-03-19,0.16,5,165,$250-400,False,169.0,Sometimes Available
1001794,Entire home/apt in Bushwick,501794,Host1794,f,Brooklyn,Bushwick,40.701962,-73.924853,Entire home/apt,180.19,2,28,2026-07-15,1.46,1,365,$150-250,False,51.0,Highly Available
1001795,Entire home/apt in Bushwick,501795,Host1795,f,Brooklyn,Bushwick,40.705317,-73.940928,Entire home/apt,193.4,2,5,2026-07-10,0.28,1,6,$150-250,False,56.0,Rarely Available
1001796,Entire home/apt in Flushing,501796,Host1796,t,Queens,Flushing,40.704376,-73.760482,Entire home/apt,95.66,1,9,2026-02-24,1.04,1,115,$75-150,True,192.0,Sometimes Available
1001797,Entire home/apt in Flushing,501797,Host1797,f,Queens,Flushing,40.728725,-73.803008,Entire home/apt,192.92,1,2,2026-07-11,0.1,1,199,$150-250,False,55.0,Highly Available
1001798,Private room in Jamaica,501798,Host1798,t,Queens,Jamaica,40.744036,-73.793123,Private room,54.36,7,1,2026-05-28,0.04,2,167,$0-75,True,99.0,Sometimes Available
1001799,Private room in Flushing,501799,Host1799,f,Queens,Flushing,40.740473,-73.824469,Private room,80.85,3,33,2026-06-24,1.01,1,314,$75-150,False,72.0,Highly Available
1001800,Private room in Flushing,500000,Host0,f,Queens,Flushing,40.718864,-73.808252,Private room,87.43,5,11,2026-03-28,0.46,1,64,$75-150,False,160.0,Sometimes Available
1001801,Private room in Williamsburg,500001,Host1,f,Brooklyn,Williamsburg,40.699223,-73.924002,Private room,121.48,3,38,2026-05-11,1.53,1,82,$75-150,False,116.0,Sometimes Available
1001802,Private room in Bedford-Stuyvesant,500002,Host2,f,Brooklyn,Bedford-Stuyvesant,40.641593,-73.954908,Private room,138.75,3,3,2026-02-14,0.15,2,233,$75-150,False,202.0,Highly Available
1001803,Entire home/apt in Crown Heights,500003,Host3,f,Brooklyn,Crown Heights,40.683333,-73.941969,Entire home/apt,182.81,1,23,2026-03-12,3.03,1,108,$150-250,False,176.0,Sometimes Available
1001804,Private room in Tottenville,500004,Host4,f,Staten Island,Tottenville,40.552274,-74.093592,Private room,52.81,2,24,2026-04-19,0.68,1,0,$0-75,False,138.0,Rarely Available
1001805,Shared room in Long Island City,500005,Host5,f,Queens,Long Island City,40.77184,-73.818664,Shared room,90.75,1,33,2025-12-15,0.97,1,118,$75-150,False,263.0,Sometimes Available
1001806,Private room in Astoria,500006,Host6,t,Queens,Astoria,40.7473,-73.802087,Private room,68.84,1,36,2026-08-01,0.98,1,0,$0-75,True,34.0,Rarely Available
1001807,Entire home/apt in Harlem,500007,Host7,f,Manhattan,Harlem,40.756627,-73.968104,Entire home/apt,118.27,5,16,2026-03-05,2.35,1,231,$75-150,False,183.0,Highly Available
1001808,Entire home/apt in Long Island City,500008,Host8,f,Queens,Long Island City,40.702693,-73.772366,Entire home/apt,40.74,14,10,2026-02-16,0.44,1,191,$0-75,False,200.0,Highly Available
1001809,Private room in East Village,500009,Host9,f,Manhattan,East Village,40.744771,-73.944083,Private room,77.96,1,23,2026-07-26,1.51,1,162,$75-150,False,40.0,Sometimes Available
1001810,Private room in Jamaica,500010,Host10,f,Queens,Jamaica,40.716639,-73.791571,Private room,73.89,14,58,2025-09-14,3.93,1,67,$0-75,False,355.0,Sometimes Available
1001811,Private room in DUMBO,500011,Host11,f,Brooklyn,DUMBO,40.679495,-73.961198,Private room,69.88,1,19,2026-01-05,0.52,1,219,$0-75,False,242.0,Highly Available
1001812,Private room in Crown Heights,500012,Host12,t,Brooklyn,Crown Heights,40.639412,-73.931078,Private room,194.9,1,43,2026-05-27,4.61,1,87,$150-250,True,100.0,Sometimes Available
1001813,Entire home/apt in St. George,500013,Host13,t,Staten Island,St. George,40.561597,-74.15811,Entire home/apt,144.25,2,2,2026-07-23,0.05,1,234,$75-150,True,43.0,Highly Available
1001814,Private room in Harlem,500014,Host14,f,Manhattan,Harlem,40.818569,-73.941909,Private room,146.38,1,10,2026-05-11,0.36,1,222,$75-150,False,116.0,Highly Available
1001815,Private room in Fordham,500015,Host15,f,Bronx,Fordham,40.832387,-73.898788,Private room,20.0,3,21,2026-05-27,2.95,1,54,$0-75,False,100.0,Sometimes Available
1001816,Entire home/apt in Financial District,500016,Host16,t,Manhattan,Financial District,40.804452,-73.95614,Entire home/apt,396.14,2,6,2025-12-17,0.24,5,122,$250-400,True,261.0,Sometimes Available
1001817,Private room in Financial District,500017,Host17,f,Manhattan,Financial District,40.772218,-73.955576,Private room,88.89,14,2,2026-07-06,0.1,5,124,$75-150,False,60.0,Sometimes Available
1001818,Private room in Harlem,500018,Host18,t,Manhattan,Harlem,40.732121,-73.99543,Private room,273.1,3,2,2026-02-14,0.07,5,42,$250-400,True,202.0,Sometimes Available
1001819,Private room in Hell's Kitchen,500019,Host19,f,Manhattan,Hell's Kitchen,40.780348,-73.983805,Private room,80.11,7,34,2025-06-02,2.18,1,220,$75-150,False,459.0,Highly Available
1001820,Private room in Upper West Side,500020,Host20,f,Manhattan,Upper West Side,40.720761,-73.999577,Private room,165.0,1,1,2025-11-19,0.06,3,58,$150-250,False,289.0,Sometimes Available
1001821,Private room in Long Island City,500021,Host21,f,Queens,Long Island City,40.76221,-73.768696,Private room,69.16,3,12,2026-03-10,0.6,1,251,$0-75,False,178.0,Highly Available
1001822,Private room in DUMBO,500022,Host22,t,Brooklyn,DUMBO,40.675344,-73.92769,Private room,198.69,30,60,2026-07-17,3.35,1,154,$150-250,True,49.0,Sometimes Available
1001823,Private room in Fordham,500023,Host23,f,Bronx,Fordham,40.849746,-73.905666,Private room,59.46,1,0,,0.0,1,150,$0-75,False,,Sometimes Available
1001824,Private room in Greenpoint,500024,Host24,f,Brooklyn,Greenpoint,40.67681,-73.95041,Private room,46.71,14,12,2026-07-15,0.43,2,235,$0-75,False,51.0,Highly Available
1001825,Entire home/apt in Harlem,500025,Host25,f,Manhattan,Harlem,40.791954,-73.980231,Entire home/apt,503.44,3,52,2026-05-26,1.37,3,172,$400+,False,101.0,Sometimes Available
1001826,Entire home/apt in Fordham,500026,Host26,f,Bronx,Fordham,40.84447,-73.863483,Entire home/apt,157.43,5,0,,0.0,1,178,$150-250,False,,Sometimes Available
1001827,Entire home/apt in Bushwick,500027,Host27,f,Brooklyn,Bushwick,40.702086,-73.90518,Entire home/apt,117.41,2,9,2026-06-18,0.3,1,302,$75-150,False,78.0,Highly Available
1001828,Entire home/apt in Long Island City,500028,Host28,f,Queens,Long Island City,40.742384,-73.790075,Entire home/apt,93.07,2,62,2026-01-01,2.94,5,142,$75-150,False,246.0,Sometimes Available
1001829,Private room in East Village,500029,Host29,f,Manhattan,East Village,40.793972,-73.949527,Private room,84.66,1,5,2026-06-29,0.28,1,199,$75-150,False,67.0,Highly Available
1001830,Private room in Jamaica,500030,Host30,f,Queens,Jamaica,40.708296,-73.789831,Private room,83.85,2,5,2025-08-02,0.12,1,189,$75-150,False,398.0,Highly Available
1001831,Entire home/apt in Crown Heights,500031,Host31,f,Brooklyn,Crown Heights,40.651295,-73.93311,Entire home/apt,40.7,14,41,2026-07-20,1.01,5,139,$0-75,False,46.0,Sometimes Available
1001832,Private room in Bedford-Stuyvesant,500032,Host32,f,Brooklyn,Bedford-Stuyvesant,40.699418,-73.944918,Private room,114.79,1,112,2025-11-09,9.0,1,333,$75-150,False,299.0,Highly Available
1001833,Entire home/apt in Midtown,500033,Host33,f,Manhattan,Midtown,40.739282,-74.007425,Entire home/apt,282.66,2,13,2026-06-10,0.38,1,137,$250-400,False,86.0,Sometimes Available
1001834,Entire home/apt in Upper West Side,500034,Host34,f,Manhattan,Upper West Side,40.764618,-74.008723,Entire home/apt,250.78,1,26,2026-06-18,1.68,1,78,$250-400,False,78.0,Sometimes Available
1001835,Private room in Flushing,500035,Host35,f,Queens,Flushing,40.743658,-73.805968,Private room,20.0,5,3,2025-10-06,0.11,1,347,$0-75,False,333.0,Highly Available
1001836,Entire home/apt in Bedford-Stuyvesant,500036,Host36,t,Brooklyn,Bedford-Stuyvesant,40.691095,-73.948024,Entire home/apt,250.25,1,8,2026-02-24,0.95,1,353,$250-400,True,192.0,Highly Available
1001837,Private room in Upper West Side,500037,Host37,f,Manhattan,Upper West Side,40.803582,-74.017283,Private room,139.58,2,37,2026-07-21,1.48,10,114,$75-150,False,45.0,Sometimes Available
1001838,Private room in Bedford-Stuyvesant,500038,Host38,f,Brooklyn,Bedford-Stuyvesant,40.649021,-73.928654,Private room,67.98,5,30,2026-04-28,0.64,1,172,$0-75,False,129.0,Sometimes Available
1001839,Entire home/apt in Ridgewood,500039,Host39,f,Queens,Ridgewood,40.720916,-73.776458,Entire home/apt,311.97,3,69,2026-04-30,2.07,1,236,$250-400,False,127.0,Highly Available
1001840,Entire home/apt in DUMBO,500040,Host40,f,Brooklyn,DUMBO,40.718051,-73.927363,Entire home/apt,157.23,5,1,2026-05-17,0.02,1,275,$150-250,False,110.0,Highly Available
1001841,Entire home/apt in East Village,500041,Host41,t,Manhattan,East Village,40.779203,-73.982673,Entire home/apt,332.19,30,13,2026-05-15,0.3,5,88,$250-400,True,112.0,Sometimes Available
1001842,Entire home/apt in Bushwick,500042,Host42,f,Brooklyn,Bushwick,40.645216,-73.930215,Entire home/apt,56.03,2,47,2026-07-16,3.33,1,114,$0-75,False,50.0,Sometimes Available
1001843,Entire home/apt in East Village,500043,Host43,f,Manhattan,East Village,40.787736,-73.966433,Entire home/apt,221.79,2,65,2026-06-20,1.7,10,267,$150-250,False,76.0,Highly Available
1001844,Entire home/apt in Mott Haven,500044,Host44,f,Bronx,Mott Haven,40.8095,-73.863243,Entire home/apt,79.96,1,13,2026-01-30,0.38,1,127,$75-150,False,217.0,Sometimes Available
1001845,Private room in Flushing,500045,Host45,f,Queens,Flushing,40.76074,-73.776972,Private room,155.99,1,36,2026-07-15,2.36,1,191,$150-250,False,51.0,Highly Available
1001846,Entire home/apt in Long Island City,500046,Host46,f,Queens,Long Island City,40.75662,-73.770682,Entire home/apt,286.04,3,24,2026-07-30,2.09,1,277,$250-400,False,36.0,Highly Available
1001847,Entire home/apt in East Village,500047,Host47,f,Manhattan,East Village,40.772939,-73.984532,Entire home/apt,259.15,14,13,2026-03-18,0.3,1,269,$250-400,False,170.0,Highly Available
1001848,Entire home/apt in Long Island City,500048,Host48,f,Queens,Long Island City,40.74942,-73.813539,Entire home/apt,320.54,1,12,2026-01-29,0.28,1,172,$250-400,False,218.0,Sometimes Available
1001849,Private room in Long Island City,500049,Host49,f,Queens,Long Island City,40.708353,-73.804086,Private room,75.41,1,8,2026-03-07,0.29,1,116,$75-150,False,181.0,Sometimes Available
1001850,Entire home/apt in Chelsea,500050,Host50,t,Manhattan,Chelsea,40.765118,-73.949678,Entire home/apt,272.1,3,6,2025-12-25,0.16,1,358,$250-400,True,253.0,Highly Available
1001851,Entire home/apt in DUMBO,500051,Host51,t,Brooklyn,DUMBO,40.693521,-73.963777,Entire home/apt,251.15,14,16,2026-07-31,0.86,2,248,$250-400,True,35.0,Highly Available
1001852,Entire home/apt in Jamaica,500052,Host52,t,Queens,Jamaica,40.705301,-73.773803,Entire home/apt,105.18,1,67,2026-04-16,1.56,2,88,$75-150,True,141.0,Sometimes Available
1001853,Entire home/apt in Jamaica,500053,Host53,f,Queens,Jamaica,40.742251,-73.777691,Entire home/apt,242.8,5,23,2026-01-24,1.04,5,152,$150-250,False,223.0,Sometimes Available
1001854,Private room in Upper West Side,500054,Host54,f,Manhattan,Upper West Side,40.809832,-73.94134,Private room,252.34,3,6,2026-06-10,0.31,5,296,$250-400,False,86.0,Highly Available
1001855,Entire home/apt in Greenpoint,500055,Host55,f,Brooklyn,Greenpoint,40.68929,-73.947689,Entire home/apt,191.11,14,34,2026-04-11,0.76,1,43,$150-250,False,146.0,Sometimes Available
1001856,Entire home/apt in Astoria,500056,Host56,f,Queens,Astoria,40.754473,-73.805122,Entire home/apt,183.18,14,64,2026-03-21,1.8,1,104,$150-250,False,167.0,Sometimes Available
1001857,Entire home/apt in Harlem,500057,Host57,f,Manhattan,Harlem,40.762167,-73.943809,Entire home/apt,139.28,1,8,2026-02-28,0.17,1,46,$75-150,False,188.0,Sometimes Available
1001858,Entire home/apt in Riverdale,500058,Host58,f,Bronx,Riverdale,40.848654,-73.885826,Entire home/apt,75.88,7,47,2026-06-21,2.84,1,212,$75-150,False,75.0,Highly Available
1001859,Entire home/apt in Crown Heights,500059,Host59,t,Brooklyn,Crown Heights,40.643823,-73.941722,Entire home/apt,115.5,5,33,2026-06-27,0.87,1,193,$75-150,True,69.0,Highly Available
1001860,Entire home/apt in Midtown,500060,Host60,f,Manhattan,Midtown,40.782817,-73.973692,Entire home/apt,382.48,7,38,2026-06-18,0.9,1,93,$250-400,False,78.0,Sometimes Available
1001861,Private room in Harlem,500061,Host61,f,Manhattan,Harlem,40.755955,-73.952588,Private room,255.26,3,54,2026-04-02,3.43,2,149,$250-400,False,155.0,Sometimes Available
1001862,Private room in Jamaica,500062,Host62,f,Queens,Jamaica,40.696516,-73.771436,Private room,104.54,1,10,2025-09-06,0.26,1,135,$75-150,False,363.0,Sometimes Available
1001863,Entire home/apt in Crown Heights,500063,Host63,f,Brooklyn,Crown Heights,40.662688,-73.934256,Entire home/apt,244.98,1,10,2026-05-12,0.31,1,61,$150-250,False,115.0,Sometimes Available
1001864,Private room in Flushing,500064,Host64,f,Queens,Flushing,40.707063,-73.800342,Private room,106.34,3,24,2026-04-29,2.69,1,175,$75-150,False,128.0,Sometimes Available
1001865,Entire home/apt in Astoria,500065,Host65,f,Queens,Astoria,40.681801,-73.7894,Entire home/apt,70.98,30,37,2026-07-05,1.32,1,325,$0-75,False,61.0,Highly Available
1001866,Entire home/apt in Ridgewood,500066,Host66,t,Queens,Ridgewood,40.714238,-73.807823,Entire home/apt,157.68,5,0,,0.0,1,365,$150-250,True,,Highly Available
1001867,Entire home/apt in Chelsea,500067,Host67,f,Manhattan,Chelsea,40.749147,-73.935335,Entire home/apt,441.96,1,12,2026-07-16,0.26,1,188,$400+,False,50.0,Highly Available
1001868,Entire home/apt in Bushwick,500068,Host68,f,Brooklyn,Bushwick,40.699473,-73.913861,Entire home/apt,131.19,1,6,2026-07-04,0.32,1,155,$75-150,False,62.0,Sometimes Available
1001869,Private room in Greenpoint,500069,Host69,t,Brooklyn,Greenpoint,40.647876,-73.9522,Private room,28.02,1,18,2026-07-27,0.39,1,149,$0-75,True,39.0,Sometimes Available
1001870,Entire home/apt in East Village,500070,Host70,t,Manhattan,East Village,40.756208,-73.981449,Entire home/apt,254.28,2,17,2026-05-27,1.04,10,180,$250-400,True,100.0,Sometimes Available
1001871,Private room in Midtown,500071,Host71,f,Manhattan,Midtown,40.765339,-73.982056,Private room,159.31,2,14,2026-07-16,0.54,1,59,$150-250,False,50.0,Sometimes Available
1001872,Entire home/apt in Financial District,500072,Host72,f,Manhattan,Financial District,40.767633,-73.98121,Entire home/apt,212.94,1,28,2026-07-22,0.59,1,130,$150-250,False,44.0,Sometimes Available
1001873,Private room in Astoria,500073,Host73,f,Queens,Astoria,40.690011,-73.810686,Private room,133.2,1,0,,0.0,1,111,$75-150,False,,Sometimes Available
1001874,Entire home/apt in Flushing,500074,Host74,f,Queens,Flushing,40.740022,-73.768591,Entire home/apt,77.09,3,76,2026-05-13,2.97,1,175,$75-150,False,114.0,Sometimes Available
1001875,Entire home/apt in East Village,500075,Host75,f,Manhattan,East Village,40.800357,-73.983346,Entire home/apt,144.85,1,76,2025-06-06,2.32,1,324,$75-150,False,455.0,Highly Available
1001876,Private room in Midtown,500076,Host76,f,Manhattan,Midtown,40.781376,-73.960904,Private room,67.03,1,5,2026-02-23,0.3,1,0,$0-75,False,193.0,Rarely Available
1001877,Private room in Astoria,500077,Host77,f,Queens,Astoria,40.728876,-73.815538,Private room,48.49,1,1,2026-06-23,0.08,1,226,$0-75,False,73.0,Highly Available
1001878,Private room in Park Slope,500078,Host78,f,Brooklyn,Park Slope,40.684864,-73.940539,Private room,110.4,1,3,2026-05-28,0.13,3,164,$75-150,False,99.0,Sometimes Available
1001879,Private room in Upper West Side,500079,Host79,f,Manhattan,Upper West Side,40.784511,-73.996219,Private room,97.08,1,12,2026-05-04,1.77,1,131,$75-150,False,123.0,Sometimes Available
1001880,Entire home/apt in Bedford-Stuyvesant,500080,Host80,f,Brooklyn,Bedford-Stuyvesant,40.685632,-73.941521,Entire home/apt,203.9,7,33,2026-03-08,0.72,1,325,$150-250,False,180.0,Highly Available
1001881,Shared room in Crown Heights,500081,Host81,f,Brooklyn,Crown Heights,40.680197,-73.949337,Shared room,96.6,2,9,2026-02-06,0.32,1,55,$75-150,False,210.0,Sometimes Available
1001882,Private room in Park Slope,500082,Host82,f,Brooklyn,Park Slope,40.696885,-73.933689,Private room,71.63,1,1,2026-04-13,0.09,10,82,$0-75,False,144.0,Sometimes Available
1001883,Entire home/apt in Financial District,500083,Host83,f,Manhattan,Financial District,40.785378,-73.952333,Entire home/apt,174.74,1,9,2026-05-07,0.22,2,37,$150-250,False,120.0,Sometimes Available
1001884,Private room in Midtown,500084,Host84,f,Manhattan,Midtown,40.808737,-73.970888,Private room,116.71,3,42,2025-12-15,3.15,1,275,$75-150,False,263.0,Highly Available
1001885,Private room in Riverdale,500085,Host85,f,Bronx,Riverdale,40.807193,-73.883274,Private room,55.0,1,34,2026-04-19,0.85,2,274,$0-75,False,138.0,Highly Available
1001886,Private room in Bedford-Stuyvesant,500086,Host86,t,Brooklyn,Bedford-Stuyvesant,40.698028,-73.950382,Private room,186.5,2,3,2026-07-14,0.09,1,0,$150-250,True,52.0,Rarely Available
1001887,Entire home/apt in DUMBO,500087,Host87,f,Brooklyn,DUMBO,40.701012,-73.945492,Entire home/apt,168.48,2,2,2025-09-28,0.07,1,101,$150-250,False,341.0,Sometimes Available
1001888,Entire home/apt in Midtown,500088,Host88,f,Manhattan,Midtown,40.785793,-74.027507,Entire home/apt,186.91,1,25,2026-05-09,1.37,10,306,$150-250,False,118.0,Highly Available
1001889,Private room in Harlem,500089,Host89,f,Manhattan,Harlem,40.786777,-73.974348,Private room,105.69,2,53,2026-03-02,4.33,1,129,$75-150,False,186.0,Sometimes Available
1001890,Entire home/apt in Park Slope,500090,Host90,f,Brooklyn,Park Slope,40.687282,-73.945368,Entire home/apt,405.15,3,21,2026-06-08,1.08,1,162,$400+,False,88.0,Sometimes Available
1001891,Entire home/apt in Jamaica,500091,Host91,f,Queens,Jamaica,40.749044,-73.774004,Entire home/apt,101.62,1,6,2026-04-07,0.19,1,110,$75-150,False,150.0,Sometimes Available
1001892,Private room in Greenpoint,500092,Host92,t,Brooklyn,Greenpoint,40.678578,-73.940268,Private room,85.98,3,66,2026-07-12,1.53,1,365,$75-150,True,54.0,Highly Available
1001893,Private room in St. George,500093,Host93,f,Staten Island,St. George,40.594608,-74.171509,Private room,44.6,5,19,2026-05-31,2.09,2,48,$0-75,False,96.0,Sometimes Available
1001894,Entire home/apt in Riverdale,500094,Host94,f,Bronx,Riverdale,40.81906,-73.857225,Entire home/apt,117.7,2,56,2026-05-27,1.43,2,191,$75-150,False,100.0,Highly Available
1001895,Private room in Bushwick,500095,Host95,f,Brooklyn,Bushwick,40.688055,-73.98982,Private room,86.74,1,13,2026-07-14,0.36,1,106,$75-150,False,52.0,Sometimes Available
1001896,Entire home/apt in Jamaica,500096,Host96,f,Queens,Jamaica,40.728976,-73.768533,Entire home/apt,120.89,1,6,2026-07-31,0.45,1,210,$75-150,False,35.0,Highly Available
1001897,Entire home/apt in East Village,500097,Host97,f,Manhattan,East Village,40.796138,-73.991914,Entire home/apt,247.97,1,1,2026-04-19,0.05,1,66,$150-250,False,138.0,Sometimes Available
1001898,Private room in Park Slope,500098,Host98,f,Brooklyn,Park Slope,40.702506,-73.972479,Private room,94.17,2,7,2026-03-16,0.23,1,156,$75-150,False,172.0,Sometimes Available
1001899,Entire home/apt in Bushwick,500099,Host99,t,Brooklyn,Bushwick,40.658025,-73.960369,Entire home/apt,89.62,1,17,2026-03-08,0.38,1,0,$75-150,True,180.0,Rarely Available
1001900,Entire home/apt in Greenpoint,500100,Host100,t,Brooklyn,Greenpoint,40.659658,-73.935512,Entire home/apt,110.85,1,8,2026-04-08,0.51,1,262,$75-150,True,149.0,Highly Available
1001901,Private room in Long Island City,500101,Host101,f,Queens,Long Island City,40.720077,-73.812673,Private room,31.26,2,0,,0.0,1,143,$0-75,False,,Sometimes Available
1001902,Private room in DUMBO,500102,Host102,f,Brooklyn,DUMBO,40.705881,-73.934978,Private room,197.22,30,22,2026-06-04,0.55,1,43,$150-250,False,92.0,Sometimes Available
1001903,Entire home/apt in Chelsea,500103,Host103,f,Manhattan,Chelsea,40.795959,-73.967346,Entire home/apt,185.69,1,37,2026-05-23,1.08,1,59,$150-250,False,104.0,Sometimes Available
1001904,Entire home/apt in Long Island City,500104,Host104,f,Queens,Long Island City,40.712611,-73.807414,Entire home/apt,158.25,5,17,2026-08-01,1.18,1,214,$150-250,False,34.0,Highly Available
1001905,Private room in East Village,500105,Host105,f,Manhattan,East Village,40.781557,-73.924112,Private room,378.95,1,6,2026-06-16,0.16,1,135,$250-400,False,80.0,Sometimes Available
1001906,Private room in Williamsburg,500106,Host106,f,Brooklyn,Williamsburg,40.696029,-73.95981,Private room,160.07,3,28,2026-07-08,0.79,1,179,$150-250,False,58.0,Sometimes Available
1001907,Private room in Upper West Side,500107,Host107,f,Manhattan,Upper West Side,40.764817,-73.99896,Private room,220.83,3,44,2026-07-09,1.24,1,210,$150-250,False,57.0,Highly Available
1001908,Private room in Chelsea,500108,Host108,f,Manhattan,Chelsea,40.797158,-73.964281,Private room,94.68,7,7,2026-02-05,0.16,1,245,$75-150,False,211.0,Highly Available
1001909,Entire home/apt in Bushwick,500109,Host109,f,Brooklyn,Bushwick,40.72616,-73.930472,Entire home/apt,144.33,1,61,2026-02-06,1.36,1,0,$75-150,False,210.0,Rarely Available
1001910,Private room in Crown Heights,500110,Host110,t,Brooklyn,Crown Heights,40.698428,-73.923762,Private room,176.49,7,61,2026-03-14,2.92,1,26,$150-250,True,174.0,Rarely Available
1001911,Private room in DUMBO,500111,Host111,f,Brooklyn,DUMBO,40.678332,-73.941608,Private room,65.88,1,16,2026-07-06,0.7,2,168,$0-75,False,60.0,Sometimes Available
1001912,Entire home/apt in Financial District,500112,Host112,f,Manhattan,Financial District,40.750538,-73.969924,Entire home/apt,383.93,2,11,2023-12-04,0.23,3,147,$250-400,False,1005.0,Sometimes Available
1001913,Shared room in Greenpoint,500113,Host113,t,Brooklyn,Greenpoint,40.700081,-73.933716,Shared room,35.24,14,4,2026-06-09,0.28,1,333,$0-75,True,87.0,Highly Available
1001914,Entire home/apt in East Village,500114,Host114,t,Manhattan,East Village,40.76877,-73.979158,Entire home/apt,226.14,3,53,2025-11-04,2.11,1,62,$150-250,True,304.0,Sometimes Available
1001915,Entire home/apt in East Village,500115,Host115,t,Manhattan,East Village,40.789009,-73.95648,Entire home/apt,533.1,2,25,2026-04-19,0.92,1,195,$400+,True,138.0,Highly Available
1001916,Entire home/apt in Astoria,500116,Host116,f,Queens,Astoria,40.729266,-73.796108,Entire home/apt,119.37,1,18,2025-10-15,0.43,1,188,$75-150,False,324.0,Highly Available
1001917,Private room in Chelsea,500117,Host117,t,Manhattan,Chelsea,40.734555,-73.973723,Private room,176.65,14,20,2026-07-17,0.48,1,161,$150-250,True,49.0,Sometimes Available
1001918,Private room in Astoria,500118,Host118,f,Queens,Astoria,40.674988,-73.804556,Private room,159.22,30,17,2026-05-01,0.43,1,174,$150-250,False,126.0,Sometimes Available
1001919,Private room in Long Island City,500119,Host119,f,Queens,Long Island City,40.703632,-73.772069,Private room,94.78,7,72,2025-08-02,2.17,2,185,$75-150,False,398.0,Highly Available
1001920,Private room in Crown Heights,500120,Host120,f,Brooklyn,Crown Heights,40.665908,-73.926723,Private room,87.98,1,21,2026-07-03,1.42,1,291,$75-150,False,63.0,Highly Available
1001921,Entire home/apt in East Village,500121,Host121,f,Manhattan,East Village,40.790135,-73.987379,Entire home/apt,236.84,1,5,2026-06-05,0.2,1,203,$150-250,False,91.0,Highly Available
1001922,Private room in Midtown,500122,Host122,f,Manhattan,Midtown,40.794343,-73.971884,Private room,116.42,5,62,2026-06-09,3.08,1,220,$75-150,False,87.0,Highly Available
1001923,Private room in Jamaica,500123,Host123,f,Queens,Jamaica,40.722273,-73.777226,Private room,65.03,3,56,2025-11-29,1.24,1,334,$0-75,False,279.0,Highly Available
1001924,Entire home/apt in Hell's Kitchen,500124,Host124,t,Manhattan,Hell's Kitchen,40.786457,-73.986242,Entire home/apt,178.76,3,0,,0.0,1,328,$150-250,True,,Highly Available
1001925,Entire home/apt in Upper West Side,500125,Host125,t,Manhattan,Upper West Side,40.767997,-73.970932,Entire home/apt,255.36,1,5,2026-06-27,0.13,1,313,$250-400,True,69.0,Highly Available
1001926,Entire home/apt in Bushwick,500126,Host126,f,Brooklyn,Bushwick,40.662641,-73.943114,Entire home/apt,183.35,5,7,2026-02-11,0.17,5,47,$150-250,False,205.0,Sometimes Available
1001927,Private room in Bushwick,500127,Host127,f,Brooklyn,Bushwick,40.673033,-73.964819,Private room,147.8,3,47,2025-10-05,1.06,1,357,$75-150,False,334.0,Highly Available
1001928,Private room in Harlem,500128,Host128,f,Manhattan,Harlem,40.781011,-73.987505,Private room,48.2,3,11,2026-02-23,0.92,1,187,$0-75,False,193.0,Highly Available
1001929,Entire home/apt in Bushwick,500129,Host129,f,Brooklyn,Bushwick,40.694658,-73.934129,Entire home/apt,115.82,1,61,2026-04-26,1.42,1,307,$75-150,False,131.0,Highly Available
1001930,Private room in East Village,500130,Host130,t,Manhattan,East Village,40.733854,-73.968438,Private room,79.36,2,0,,0.0,2,258,$75-150,True,,Highly Available
1001931,Entire home/apt in Bedford-Stuyvesant,500131,Host131,f,Brooklyn,Bedford-Stuyvesant,40.67152,-73.941839,Entire home/apt,203.75,3,9,2026-05-13,0.46,1,170,$150-250,False,114.0,Sometimes Available
1001932,Private room in Harlem,500132,Host132,f,Manhattan,Harlem,40.782045,-73.981617,Private room,114.14,1,14,2026-07-15,0.78,1,158,$75-150,False,51.0,Sometimes Available
1001933,Entire home/apt in Harlem,500133,Host133,f,Manhattan,Harlem,40.759163,-73.979479,Entire home/apt,184.71,7,3,2026-07-25,0.09,5,245,$150-250,False,41.0,Highly Available
1001934,Shared room in Mott Haven,500134,Host134,f,Bronx,Mott Haven,40.861988,-73.912755,Shared room,20.0,7,9,2025-09-22,1.01,10,63,$0-75,False,347.0,Sometimes Available
1001935,Private room in Astoria,500135,Host135,f,Queens,Astoria,40.763957,-73.759739,Private room,213.64,2,120,2026-04-30,12.35,1,192,$150-250,False,127.0,Highly Available
1001936,Entire home/apt in Astoria,500136,Host136,f,Queens,Astoria,40.745076,-73.787591,Entire home/apt,213.56,2,3,2026-03-05,0.17,1,166,$150-250,False,183.0,Sometimes Available
1001937,Entire home/apt in Ridgewood,500137,Host137,f,Queens,Ridgewood,40.757416,-73.75927,Entire home/apt,138.07,2,22,2026-06-30,2.56,1,0,$75-150,False,66.0,Rarely Available
1001938,Entire home/apt in Crown Heights,500138,Host138,f,Brooklyn,Crown Heights,40.644523,-73.92366,Entire home/apt,108.45,1,0,,0.0,2,217,$75-150,False,,Highly Available
1001939,Private room in Chelsea,500139,Host139,f,Manhattan,Chelsea,40.75493,-73.973662,Private room,127.29,30,105,2026-07-12,7.52,1,77,$75-150,False,54.0,Sometimes Available
1001940,Private room in Financial District,500140,Host140,f,Manhattan,Financial District,40.765782,-73.952479,Private room,187.65,2,18,2026-05-10,0.94,1,0,$150-250,False,117.0,Rarely Available
1001941,Private room in St. George,500141,Host141,f,Staten Island,St. George,40.56453,-74.110628,Private room,34.89,1,25,2026-07-18,2.51,1,61,$0-75,False,48.0,Sometimes Available
1001942,Entire home/apt in Upper West Side,500142,Host142,f,Manhattan,Upper West Side,40.760035,-73.987794,Entire home/apt,176.07,1,22,2026-04-27,1.25,1,182,$150-250,False,130.0,Highly Available
1001943,Private room in Williamsburg,500143,Host143,f,Brooklyn,Williamsburg,40.688485,-73.920762,Private room,170.29,2,34,2026-06-01,3.33,3,250,$150-250,False,95.0,Highly Available
1001944,Private room in Upper West Side,500144,Host144,f,Manhattan,Upper West Side,40.763712,-73.974383,Private room,269.28,3,18,2025-05-21,1.1,1,76,$250-400,False,471.0,Sometimes Available
1001945,Private room in St. George,500145,Host145,f,Staten Island,St. George,40.607036,-74.146674,Private room,70.99,2,27,2026-07-04,0.85,1,24,$0-75,False,62.0,Rarely Available
1001946,Entire home/apt in Jamaica,500146,Host146,f,Queens,Jamaica,40.73625,-73.79722,Entire home/apt,135.23,14,25,2026-07-31,1.1,1,121,$75-150,False,35.0,Sometimes Available
1001947,Entire home/apt in Bedford-Stuyvesant,500147,Host147,f,Brooklyn,Bedford-Stuyvesant,40.682023,-73.893287,Entire home/apt,139.94,1,4,2025-07-27,0.09,1,205,$75-150,False,404.0,Highly Available
1001948,Entire home/apt in Greenpoint,500148,Host148,f,Brooklyn,Greenpoint,40.671232,-73.978278,Entire home/apt,169.95,2,71,2026-07-16,9.93,1,0,$150-250,False,50.0,Rarely Available
1001949,Entire home/apt in Mott Haven,500149,Host149,f,Bronx,Mott Haven,40.829772,-73.872512,Entire home/apt,107.28,3,5,2026-08-01,0.25,1,201,$75-150,False,34.0,Highly Available
1001950,Shared room in Harlem,500150,Host150,f,Manhattan,Harlem,40.780289,-73.960069,Shared room,60.67,1,0,,0.0,1,286,$0-75,False,,Highly Available
1001951,Entire home/apt in Long Island City,500151,Host151,f,Queens,Long Island City,40.718732,-73.809532,Entire home/apt,184.03,1,91,2026-06-20,2.59,1,84,$150-250,False,76.0,Sometimes Available
1001952,Entire home/apt in DUMBO,500152,Host152,f,Brooklyn,DUMBO,40.668422,-73.975487,Entire home/apt,140.34,5,9,2026-07-11,0.29,1,0,$75-150,False,55.0,Rarely Available
1001953,Private room in Riverdale,500153,Host153,f,Bronx,Riverdale,40.833588,-73.878126,Private room,30.37,1,9,2026-06-30,0.19,1,252,$0-75,False,66.0,Highly Available
1001954,Entire home/apt in Williamsburg,500154,Host154,t,Brooklyn,Williamsburg,40.645581,-73.923567,Entire home/apt,116.43,3,5,2026-07-29,0.2,3,306,$75-150,True,37.0,Highly Available
1001955,Entire home/apt in Crown Heights,500155,Host155,t,Brooklyn,Crown Heights,40.686017,-73.950867,Entire home/apt,168.49,1,6,2026-07-24,0.4,1,0,$150-250,True,42.0,Rarely Available
1001956,Private room in Ridgewood,500156,Host156,f,Queens,Ridgewood,40.703503,-73.816595,Private room,88.81,7,3,2026-07-16,0.41,1,0,$75-150,False,50.0,Rarely Available
1001957,Entire home/apt in Ridgewood,500157,Host157,f,Queens,Ridgewood,40.729116,-73.813076,Entire home/apt,116.38,1,12,2026-07-13,0.32,1,197,$75-150,False,53.0,Highly Available
1001958,Entire home/apt in Flushing,500158,Host158,f,Queens,Flushing,40.757994,-73.790458,Entire home/apt,70.53,14,46,2026-04-22,1.49,1,118,$0-75,False,135.0,Sometimes Available
1001959,Entire home/apt in Riverdale,500159,Host159,t,Bronx,Riverdale,40.796542,-73.879671,Entire home/apt,31.07,3,37,2026-04-30,1.03,1,148,$0-75,True,127.0,Sometimes Available
1001960,Entire home/apt in Ridgewood,500160,Host160,f,Queens,Ridgewood,40.712642,-73.759125,Entire home/apt,82.21,2,2,2026-07-08,0.19,1,118,$75-150,False,58.0,Sometimes Available
1001961,Private room in Hell's Kitchen,500161,Host161,f,Manhattan,Hell's Kitchen,40.826394,-73.971751,Private room,193.49,3,4,2026-04-26,0.33,1,213,$150-250,False,131.0,Highly Available
1001962,Private room in Midtown,500162,Host162,f,Manhattan,Midtown,40.765308,-73.959048,Private room,216.02,14,9,2026-05-18,1.3,2,116,$150-250,False,109.0,Sometimes Available
1001963,Entire home/apt in East Village,500163,Host163,f,Manhattan,East Village,40.753939,-73.921966,Entire home/apt,184.82,3,11,2026-01-09,1.43,1,242,$150-250,False,238.0,Highly Available
1001964,Entire home/apt in Crown Heights,500164,Host164,f,Brooklyn,Crown Heights,40.688795,-73.967515,Entire home/apt,195.58,14,3,2026-07-22,0.09,1,170,$150-250,False,44.0,Sometimes Available
1001965,Entire home/apt in Astoria,500165,Host165,f,Queens,Astoria,40.722239,-73.770521,Entire home/apt,192.71,1,19,2026-06-30,0.48,1,64,$150-250,False,66.0,Sometimes Available
1001966,Entire home/apt in Flushing,500166,Host166,f,Queens,Flushing,40.741701,-73.80455,Entire home/apt,270.31,2,24,2026-03-26,0.52,3,118,$250-400,False,162.0,Sometimes Available
1001967,Private room in Crown Heights,500167,Host167,f,Brooklyn,Crown Heights,40.709207,-73.926457,Private room,182.64,7,18,2026-04-28,0.47,1,71,$150-250,False,129.0,Sometimes Available
1001968,Shared room in Riverdale,500168,Host168,f,Bronx,Riverdale,40.859503,-73.895629,Shared room,39.59,2,18,2026-07-13,0.84,1,100,$0-75,False,53.0,Sometimes Available
1001969,Private room in Hell's Kitchen,500169,Host169,t,Manhattan,Hell's Kitchen,40.747144,-74.006662,Private room,91.35,2,18,2026-05-01,2.39,5,263,$75-150,True,126.0,Highly Available
1001970,Entire home/apt in Greenpoint,500170,Host170,f,Brooklyn,Greenpoint,40.681387,-73.957936,Entire home/apt,354.65,1,9,2026-04-30,0.6,1,149,$250-400,False,127.0,Sometimes Available
1001971,Private room in Tottenville,500171,Host171,f,Staten Island,Tottenville,40.60348,-74.16271,Private room,79.47,14,21,2025-08-03,1.77,1,354,$75-150,False,397.0,Highly Available
1001972,Private room in Jamaica,500172,Host172,f,Queens,Jamaica,40.693999,-73.85164,Private room,85.13,1,2,2026-01-16,0.18,1,75,$75-150,False,231.0,Sometimes Available
1001973,Entire home/apt in Ridgewood,500173,Host173,f,Queens,Ridgewood,40.740256,-73.751755,Entire home/apt,138.23,5,2,2026-06-11,0.07,1,268,$75-150,False,85.0,Highly Available
1001974,Private room in East Village,500174,Host174,f,Manhattan,East Village,40.749332,-73.957564,Private room,63.4,1,20,2026-07-04,1.07,10,327,$0-75,False,62.0,Highly Available
1001975,Entire home/apt in Crown Heights,500175,Host175,f,Brooklyn,Crown Heights,40.672292,-73.954379,Entire home/apt,127.15,5,10,2026-04-26,0.74,1,220,$75-150,False,131.0,Highly Available
1001976,Private room in Harlem,500176,Host176,f,Manhattan,Harlem,40.75492,-73.932643,Private room,217.51,1,11,2026-07-02,0.5,5,254,$150-250,False,64.0,Highly Available
1001977,Private room in Harlem,500177,Host177,t,Manhattan,Harlem,40.775139,-73.983132,Private room,125.3,3,27,2025-04-27,0.82,1,222,$75-150,True,495.0,Highly Available
1001978,Private room in Greenpoint,500178,Host178,t,Brooklyn,Greenpoint,40.701621,-73.951557,Private room,73.5,1,13,2026-05-19,0.43,10,72,$0-75,True,108.0,Sometimes Available
1001979,Private room in Mott Haven,500179,Host179,f,Bronx,Mott Haven,40.852071,-73.847934,Private room,83.09,2,12,2026-06-09,0.27,1,0,$75-150,False,87.0,Rarely Available
1001980,Entire home/apt in Fordham,500180,Host180,f,Bronx,Fordham,40.848517,-73.878866,Entire home/apt,119.08,1,51,2026-08-01,1.23,1,0,$75-150,False,34.0,Rarely Available
1001981,Entire home/apt in Park Slope,500181,Host181,f,Brooklyn,Park Slope,40.656329,-73.977284,Entire home/apt,231.41,14,12,2026-06-13,0.76,1,255,$150-250,False,83.0,Highly Available
1001982,Private room in Upper West Side,500182,Host182,f,Manhattan,Upper West Side,40.796123,-73.962763,Private room,130.05,30,1,2025-03-31,0.04,1,139,$75-150,False,522.0,Sometimes Available
1001983,Hotel room in Bushwick,500183,Host183,f,Brooklyn,Bushwick,40.629264,-73.93256,Hotel room,254.96,1,32,2026-05-23,1.03,1,252,$250-400,False,104.0,Highly Available
1001984,Private room in Long Island City,500184,Host184,f,Queens,Long Island City,40.738284,-73.832546,Private room,40.88,1,31,2026-04-30,2.54,1,96,$0-75,False,127.0,Sometimes Available
1001985,Entire home/apt in Midtown,500185,Host185,f,Manhattan,Midtown,40.772488,-73.934742,Entire home/apt,133.64,1,19,2026-03-30,0.83,1,212,$75-150,False,158.0,Highly Available
1001986,Entire home/apt in Williamsburg,500186,Host186,f,Brooklyn,Williamsburg,40.669843,-73.934953,Entire home/apt,131.34,7,38,2026-06-26,4.5,1,144,$75-150,False,70.0,Sometimes Available
1001987,Private room in Crown Heights,500187,Host187,f,Brooklyn,Crown Heights,40.734212,-73.950512,Private room,95.67,1,13,2026-07-11,0.41,1,69,$75-150,False,55.0,Sometimes Available
1001988,Entire home/apt in Astoria,500188,Host188,f,Queens,Astoria,40.742617,-73.769319,Entire home/apt,93.84,2,52,2026-01-24,1.58,1,24,$75-150,False,223.0,Rarely Available
1001989,Entire home/apt in Williamsburg,500189,Host189,f,Brooklyn,Williamsburg,40.681496,-73.951985,Entire home/apt,132.5,5,24,2026-02-12,0.81,1,222,$75-150,False,204.0,Highly Available
1001990,Private room in Park Slope,500190,Host190,t,Brooklyn,Park Slope,40.682133,-73.949961,Private room,130.58,1,1,2026-07-04,0.03,1,239,$75-150,True,62.0,Highly Available
1001991,Entire home/apt in Upper West Side,500191,Host191,f,Manhattan,Upper West Side,40.774569,-73.9558,Entire home/apt,254.78,7,20,2026-04-03,0.63,1,182,$250-400,False,154.0,Highly Available
1001992,Entire home/apt in Long Island City,500192,Host192,f,Queens,Long Island City,40.731343,-73.7777,Entire home/apt,37.95,3,5,2026-06-16,0.17,1,0,$0-75,False,80.0,Rarely Available
1001993,Private room in Jamaica,500193,Host193,f,Queens,Jamaica,40.698659,-73.821861,Private room,42.94,1,13,2026-04-11,0.36,1,132,$0-75,False,146.0,Sometimes Available
1001994,Private room in Bushwick,500194,Host194,t,Brooklyn,Bushwick,40.640005,-73.950497,Private room,107.41,1,14,2026-06-20,0.43,1,270,$75-150,True,76.0,Highly Available
1001995,Private room in Jamaica,500195,Host195,f,Queens,Jamaica,40.745239,-73.783788,Private room,26.67,1,3,2026-07-04,0.14,1,284,$0-75,False,62.0,Highly Available
1001996,Entire home/apt in Bushwick,500196,Host196,f,Brooklyn,Bushwick,40.696166,-73.953346,Entire home/apt,52.64,14,11,2025-10-30,0.38,1,102,$0-75,False,309.0,Sometimes Available
1001997,Entire home/apt in DUMBO,500197,Host197,f,Brooklyn,DUMBO,40.655975,-73.932546,Entire home/apt,105.1,1,88,2026-01-05,2.05,1,59,$75-150,False,242.0,Sometimes Available
1001998,Entire home/apt in Astoria,500198,Host198,f,Queens,Astoria,40.708392,-73.817672,Entire home/apt,195.16,7,1,2026-05-08,0.04,1,208,$150-250,False,119.0,Highly Available
1001999,Private room in Bushwick,500199,Host199,t,Brooklyn,Bushwick,40.682131,-73.935279,Private room,48.29,1,72,2026-07-22,3.25,1,138,$0-75,True,44.0,Sometimes Available
1002000,Private room in Flushing,500200,Host200,f,Queens,Flushing,40.731184,-73.778512,Private room,111.16,1,37,2026-06-25,1.11,1,142,$75-150,False,71.0,Sometimes Available
1002001,Private room in Hell's Kitchen,500201,Host201,f,Manhattan,Hell's Kitchen,40.758736,-74.003025,Private room,304.59,2,8,2026-03-09,0.18,5,140,$250-400,False,179.0,Sometimes Available
1002002,Private room in Bushwick,500202,Host202,t,Brooklyn,Bushwick,40.671201,-73.959943,Private room,132.92,2,8,2025-12-23,0.28,1,0,$75-150,True,255.0,Rarely Available
1002003,Private room in Flushing,500203,Host203,f,Queens,Flushing,40.755781,-73.765928,Private room,32.04,1,3,2026-05-31,0.12,1,278,$0-75,False,96.0,Highly Available
1002004,Entire home/apt in Park Slope,500204,Host204,f,Brooklyn,Park Slope,40.686149,-73.980676,Entire home/apt,163.86,14,5,2026-06-15,0.25,3,0,$150-250,False,81.0,Rarely Available
1002005,Shared room in Williamsburg,500205,Host205,f,Brooklyn,Williamsburg,40.654155,-73.973213,Shared room,48.87,30,13,2026-07-26,1.63,1,268,$0-75,False,40.0,Highly Available
1002006,Private room in Hell's Kitchen,500206,Host206,f,Manhattan,Hell's Kitchen,40.747958,-73.985508,Private room,132.11,2,17,2026-04-11,2.13,1,57,$75-150,False,146.0,Sometimes Available
1002007,Entire home/apt in Hell's Kitchen,500207,Host207,t,Manhattan,Hell's Kitchen,40.793426,-73.955803,Entire home/apt,195.77,5,22,2026-04-03,2.37,1,178,$150-250,True,154.0,Sometimes Available
1002008,Entire home/apt in Hell's Kitchen,500208,Host208,t,Manhattan,Hell's Kitchen,40.80036,-73.973162,Entire home/apt,231.17,5,26,2025-04-16,0.56,1,160,$150-250,True,506.0,Sometimes Available
1002009,Entire home/apt in Williamsburg,500209,Host209,f,Brooklyn,Williamsburg,40.673345,-73.921173,Entire home/apt,199.06,5,17,2026-06-27,0.71,1,153,$150-250,False,69.0,Sometimes Available
1002010,Private room in Williamsburg,500210,Host210,f,Brooklyn,Williamsburg,40.677487,-73.934138,Private room,182.04,2,2,2026-01-31,0.08,1,155,$150-250,False,216.0,Sometimes Available
1002011,Entire home/apt in Astoria,500211,Host211,f,Queens,Astoria,40.751003,-73.833258,Entire home/apt,100.51,1,0,,0.0,1,160,$75-150,False,,Sometimes Available
1002012,Private room in Mott Haven,500212,Host212,f,Bronx,Mott Haven,40.822814,-73.892967,Private room,70.27,14,0,,0.0,3,150,$0-75,False,,Sometimes Available
1002013,Entire home/apt in DUMBO,500213,Host213,f,Brooklyn,DUMBO,40.703253,-73.901965,Entire home/apt,187.36,5,3,2025-11-18,0.06,1,0,$150-250,False,290.0,Rarely Available
1002014,Entire home/apt in Park Slope,500214,Host214,f,Brooklyn,Park Slope,40.674863,-73.929772,Entire home/apt,204.92,2,10,2025-01-21,0.41,10,215,$150-250,False,591.0,Highly Available
1002015,Entire home/apt in Greenpoint,500215,Host215,f,Brooklyn,Greenpoint,40.691181,-73.918733,Entire home/apt,137.11,3,26,2025-08-21,0.74,1,67,$75-150,False,379.0,Sometimes Available
1002016,Entire home/apt in Chelsea,500216,Host216,t,Manhattan,Chelsea,40.729051,-73.971366,Entire home/apt,388.98,2,4,2026-04-14,0.1,1,217,$250-400,True,143.0,Highly Available
1002017,Private room in East Village,500217,Host217,f,Manhattan,East Village,40.805305,-73.951073,Private room,233.71,14,2,2023-09-18,0.05,1,365,$150-250,False,1082.0,Highly Available
1002018,Private room in Park Slope,500218,Host218,f,Brooklyn,Park Slope,40.626233,-73.943466,Private room,168.44,2,13,2025-07-13,1.43,1,192,$150-250,False,418.0,Highly Available
1002019,Entire home/apt in Crown Heights,500219,Host219,f,Brooklyn,Crown Heights,40.686301,-73.935803,Entire home/apt,219.14,1,20,2026-06-02,0.67,1,267,$150-250,False,94.0,Highly Available
1002020,Private room in Financial District,500220,Host220,t,Manhattan,Financial District,40.769955,-73.986872,Private room,232.98,1,19,2025-05-09,0.66,1,10,$150-250,True,483.0,Rarely Available
1002021,Entire home/apt in Bushwick,500221,Host221,f,Brooklyn,Bushwick,40.636381,-73.946083,Entire home/apt,210.03,7,4,2026-07-29,0.17,2,333,$150-250,False,37.0,Highly Available
1002022,Entire home/apt in Greenpoint,500222,Host222,t,Brooklyn,Greenpoint,40.706295,-73.96257,Entire home/apt,185.13,3,4,2026-05-18,0.09,1,31,$150-250,True,109.0,Sometimes Available
1002023,Entire home/apt in Bushwick,500223,Host223,f,Brooklyn,Bushwick,40.651218,-73.945116,Entire home/apt,141.56,3,9,2026-03-26,0.27,1,365,$75-150,False,162.0,Highly Available
1002024,Private room in East Village,500224,Host224,f,Manhattan,East Village,40.796664,-74.00631,Private room,138.98,1,1,2026-02-26,0.03,1,183,$75-150,False,190.0,Highly Available
1002025,Entire home/apt in Hell's Kitchen,500225,Host225,f,Manhattan,Hell's Kitchen,40.752623,-73.947132,Entire home/apt,384.05,2,4,2026-06-09,0.1,1,143,$250-400,False,87.0,Sometimes Available
1002026,Entire home/apt in St. George,500226,Host226,f,Staten Island,St. George,40.57831,-74.174515,Entire home/apt,108.2,2,48,2026-05-12,3.58,1,157,$75-150,False,115.0,Sometimes Available
1002027,Entire home/apt in Flushing,500227,Host227,f,Queens,Flushing,40.771268,-73.783792,Entire home/apt,124.58,2,53,2026-05-30,6.93,1,114,$75-150,False,97.0,Sometimes Available
1002028,Entire home/apt in Williamsburg,500228,Host228,f,Brooklyn,Williamsburg,40.693784,-73.967188,Entire home/apt,181.99,2,9,2026-07-04,0.39,1,119,$150-250,False,62.0,Sometimes Available
1002029,Entire home/apt in Long Island City,500229,Host229,f,Queens,Long Island City,40.714642,-73.825823,Entire home/apt,141.39,2,8,2026-06-20,0.36,1,105,$75-150,False,76.0,Sometimes Available
1002030,Entire home/apt in Riverdale,500230,Host230,f,Bronx,Riverdale,40.859237,-73.899519,Entire home/apt,122.52,2,3,2025-07-21,0.3,1,365,$75-150,False,410.0,Highly Available
1002031,Entire home/apt in Bedford-Stuyvesant,500231,Host231,f,Brooklyn,Bedford-Stuyvesant,40.648029,-73.919121,Entire home/apt,191.93,2,2,2026-04-02,0.05,3,298,$150-250,False,155.0,Highly Available
1002032,Hotel room in Chelsea,500232,Host232,f,Manhattan,Chelsea,40.762959,-73.935551,Hotel room,553.4843000000001,1,3,2026-07-23,0.08,1,101,$400+,False,43.0,Sometimes Available
1002033,Private room in Bushwick,500233,Host233,f,Brooklyn,Bushwick,40.701241,-73.937371,Private room,42.31,2,27,2026-06-05,1.33,1,47,$0-75,False,91.0,Sometimes Available
1002034,Private room in Fordham,500234,Host234,f,Bronx,Fordham,40.829182,-73.87544,Private room,47.27,2,13,2026-02-05,0.33,3,222,$0-75,False,211.0,Highly Available
1002035,Entire home/apt in St. George,500235,Host235,f,Staten Island,St. George,40.567478,-74.153683,Entire home/apt,318.02,1,32,2024-09-05,1.63,1,317,$250-400,False,729.0,Highly Available
1002036,Entire home/apt in Greenpoint,500236,Host236,t,Brooklyn,Greenpoint,40.70541,-73.9354,Entire home/apt,354.46,2,1,2026-03-09,0.02,1,77,$250-400,True,179.0,Sometimes Available
1002037,Entire home/apt in Harlem,500237,Host237,f,Manhattan,Harlem,40.777533,-74.001177,Entire home/apt,325.77,5,24,2026-06-04,0.54,1,71,$250-400,False,92.0,Sometimes Available
1002038,Private room in Chelsea,500238,Host238,f,Manhattan,Chelsea,40.74895,-73.963512,Private room,160.74,1,25,2026-03-11,0.62,1,266,$150-250,False,177.0,Highly Available
1002039,Private room in Park Slope,500239,Host239,f,Brooklyn,Park Slope,40.654461,-73.943542,Private room,59.95,1,56,2026-05-14,1.75,1,357,$0-75,False,113.0,Highly Available
1002040,Entire home/apt in Astoria,500240,Host240,t,Queens,Astoria,40.777501,-73.782569,Entire home/apt,206.3,1,45,2026-04-24,1.45,1,199,$150-250,True,133.0,Highly Available
1002041,Entire home/apt in Hell's Kitchen,500241,Host241,f,Manhattan,Hell's Kitchen,40.82177,-73.959625,Entire home/apt,355.71,3,34,2026-07-04,1.39,5,125,$250-400,False,62.0,Sometimes Available
1002042,Private room in Flushing,500242,Host242,f,Queens,Flushing,40.69797,-73.766712,Private room,170.96,2,1,2026-08-01,0.05,1,94,$150-250,False,34.0,Sometimes Available
1002043,Entire home/apt in Ridgewood,500243,Host243,f,Queens,Ridgewood,40.750302,-73.774054,Entire home/apt,231.71,1,70,2026-04-24,2.78,3,281,$150-250,False,133.0,Highly Available
1002044,Private room in Hell's Kitchen,500244,Host244,f,Manhattan,Hell's Kitchen,40.791624,-73.989219,Private room,212.18,1,33,2026-04-01,1.07,1,345,$150-250,False,156.0,Highly Available
1002045,Entire home/apt in Bushwick,500245,Host245,f,Brooklyn,Bushwick,40.661416,-73.934627,Entire home/apt,257.49,2,1,2025-08-06,0.04,1,205,$250-400,False,394.0,Highly Available
1002046,Private room in Flushing,500246,Host246,f,Queens,Flushing,40.704792,-73.821607,Private room,23.3,5,17,2026-07-19,2.63,3,55,$0-75,False,47.0,Sometimes Available
1002047,Entire home/apt in Mott Haven,500247,Host247,f,Bronx,Mott Haven,40.847782,-73.901459,Entire home/apt,80.89,14,9,2026-06-29,0.71,1,239,$75-150,False,67.0,Highly Available
1002048,Entire home/apt in Jamaica,500248,Host248,f,Queens,Jamaica,40.698107,-73.778764,Entire home/apt,117.87,2,9,2026-07-03,0.2,1,79,$75-150,False,63.0,Sometimes Available
1002049,Entire home/apt in Jamaica,500249,Host249,t,Queens,Jamaica,40.700755,-73.797941,Entire home/apt,104.78,1,10,2026-07-02,0.37,1,65,$75-150,True,64.0,Sometimes Available
1002050,Entire home/apt in Crown Heights,500250,Host250,f,Brooklyn,Crown Heights,40.67144,-73.928035,Entire home/apt,168.8,1,9,2026-07-19,0.39,1,145,$150-250,False,47.0,Sometimes Available
1002051,Entire home/apt in Hell's Kitchen,500251,Host251,t,Manhattan,Hell's Kitchen,40.789936,-73.988216,Entire home/apt,418.76,3,20,2026-02-23,0.42,1,223,$400+,True,193.0,Highly Available
1002052,Shared room in Greenpoint,500252,Host252,f,Brooklyn,Greenpoint,40.694072,-73.986064,Shared room,41.09,30,6,2026-07-23,0.28,1,331,$0-75,False,43.0,Highly Available
1002053,Private room in DUMBO,500253,Host253,f,Brooklyn,DUMBO,40.663219,-73.926866,Private room,93.74,7,13,2026-07-09,0.97,1,12,$75-150,False,57.0,Rarely Available
1002054,Entire home/apt in Greenpoint,500254,Host254,f,Brooklyn,Greenpoint,40.659057,-73.943551,Entire home/apt,404.29,5,18,2026-03-26,1.72,1,108,$400+,False,162.0,Sometimes Available
1002055,Entire home/apt in Long Island City,500255,Host255,t,Queens,Long Island City,40.724151,-73.788478,Entire home/apt,124.02,14,27,2026-06-01,4.24,3,237,$75-150,True,95.0,Highly Available
1002056,Private room in Astoria,500256,Host256,f,Queens,Astoria,40.72716,-73.776211,Private room,124.13,1,2,2026-01-14,0.04,1,68,$75-150,False,233.0,Sometimes Available
1002057,Private room in Chelsea,500257,Host257,f,Manhattan,Chelsea,40.787188,-73.942538,Private room,239.4,2,17,2026-06-28,0.42,1,173,$150-250,False,68.0,Sometimes Available
1002058,Hotel room in Williamsburg,500258,Host258,f,Brooklyn,Williamsburg,40.651376,-73.957738,Hotel room,182.76,2,3,2025-12-11,0.09,1,223,$150-250,False,267.0,Highly Available
1002059,Private room in Park Slope,500259,Host259,f,Brooklyn,Park Slope,40.68961,-73.929991,Private room,122.16,7,14,2026-04-23,0.3,1,0,$75-150,False,134.0,Rarely Available
1002060,Entire home/apt in Mott Haven,500260,Host260,f,Bronx,Mott Haven,40.861013,-73.902472,Entire home/apt,122.72,1,22,2026-05-25,0.62,1,112,$75-150,False,102.0,Sometimes Available
1002061,Entire home/apt in Long Island City,500261,Host261,f,Queens,Long Island City,40.759393,-73.785049,Entire home/apt,255.83,2,14,2026-06-16,0.41,1,134,$250-400,False,80.0,Sometimes Available
1002062,Entire home/apt in Midtown,500262,Host262,f,Manhattan,Midtown,40.778471,-73.977712,Entire home/apt,138.15,7,10,2026-05-10,0.79,2,190,$75-150,False,117.0,Highly Available
1002063,Private room in Ridgewood,500263,Host263,f,Queens,Ridgewood,40.739641,-73.808108,Private room,126.47,2,101,2026-01-19,3.35,1,238,$75-150,False,228.0,Highly Available
1002064,Private room in Flushing,500264,Host264,f,Queens,Flushing,40.71442,-73.773457,Private room,74.28,1,35,2026-02-01,1.5,1,164,$0-75,False,215.0,Sometimes Available
1002065,Private room in Harlem,500265,Host265,f,Manhattan,Harlem,40.765031,-73.955444,Private room,64.47,5,14,2026-07-06,0.52,1,189,$0-75,False,60.0,Highly Available
1002066,Private room in Chelsea,500266,Host266,t,Manhattan,Chelsea,40.780879,-73.923752,Private room,238.14,3,45,2026-05-16,0.99,1,20,$150-250,True,111.0,Rarely Available
1002067,Entire home/apt in Crown Heights,500267,Host267,t,Brooklyn,Crown Heights,40.682867,-73.960867,Entire home/apt,143.97,1,1,2026-07-06,0.07,1,87,$75-150,True,60.0,Sometimes Available
1002068,Private room in Midtown,500268,Host268,f,Manhattan,Midtown,40.749415,-73.968683,Private room,125.16,2,2,2025-11-10,0.05,1,365,$75-150,False,298.0,Highly Available
1002069,Private room in Upper West Side,500269,Host269,f,Manhattan,Upper West Side,40.78279,-73.974091,Private room,148.07,14,17,2026-06-20,0.4,1,135,$75-150,False,76.0,Sometimes Available
1002070,Private room in DUMBO,500270,Host270,f,Brooklyn,DUMBO,40.64457,-73.932617,Private room,100.95,3,49,2025-07-16,2.37,1,130,$75-150,False,415.0,Sometimes Available
1002071,Private room in Park Slope,500271,Host271,f,Brooklyn,Park Slope,40.676715,-73.922552,Private room,53.54,1,55,2026-07-04,1.21,1,0,$0-75,False,62.0,Rarely Available
1002072,Entire home/apt in Bedford-Stuyvesant,500272,Host272,f,Brooklyn,Bedford-Stuyvesant,40.666233,-73.958518,Entire home/apt,442.97,1,4,2026-05-15,0.42,2,359,$400+,False,112.0,Highly Available
1002073,Private room in Ridgewood,500273,Host273,f,Queens,Ridgewood,40.730718,-73.77511,Private room,127.91,2,31,2026-04-07,0.71,1,172,$75-150,False,150.0,Sometimes Available
1002074,Private room in Hell's Kitchen,500274,Host274,t,Manhattan,Hell's Kitchen,40.795606,-73.976075,Private room,175.17,1,13,2026-06-01,0.82,2,5,$150-250,True,95.0,Rarely Available
1002075,Entire home/apt in Harlem,500275,Host275,f,Manhattan,Harlem,40.811228,-73.968075,Entire home/apt,270.78,1,47,2026-04-30,1.32,2,185,$250-400,False,127.0,Highly Available
1002076,Entire home/apt in Upper West Side,500276,Host276,f,Manhattan,Upper West Side,40.777886,-74.000893,Entire home/apt,212.43,2,18,2026-03-18,0.57,1,282,$150-250,False,170.0,Highly Available
1002077,Private room in Upper West Side,500277,Host277,f,Manhattan,Upper West Side,40.762254,-73.985044,Private room,169.34,3,14,2026-06-22,0.55,1,365,$150-250,False,74.0,Highly Available
1002078,Entire home/apt in Mott Haven,500278,Host278,f,Bronx,Mott Haven,40.838717,-73.861592,Entire home/apt,50.21,1,15,2026-06-29,2.21,1,104,$0-75,False,67.0,Sometimes Available
1002079,Entire home/apt in Harlem,500279,Host279,f,Manhattan,Harlem,40.775426,-73.971872,Entire home/apt,146.76,1,9,2026-07-11,0.22,1,292,$75-150,False,55.0,Highly Available
1002080,Entire home/apt in Flushing,500280,Host280,f,Queens,Flushing,40.714945,-73.79054,Entire home/apt,146.46,7,0,,0.0,10,126,$75-150,False,,Sometimes Available
1002081,Shared room in Williamsburg,500281,Host281,t,Brooklyn,Williamsburg,40.665934,-73.954037,Shared room,27.23,1,3,2024-12-12,0.09,10,262,$0-75,True,631.0,Highly Available
1002082,Private room in Astoria,500282,Host282,f,Queens,Astoria,40.707953,-73.788785,Private room,27.58,14,39,2026-07-31,2.05,2,347,$0-75,False,35.0,Highly Available
1002083,Private room in Chelsea,500283,Host283,t,Manhattan,Chelsea,40.729271,-73.987052,Private room,146.47,1,35,2026-03-21,1.81,1,119,$75-150,True,167.0,Sometimes Available
1002084,Entire home/apt in DUMBO,500284,Host284,t,Brooklyn,DUMBO,40.659442,-73.96078,Entire home/apt,222.19,2,2,2026-07-12,0.05,1,225,$150-250,True,54.0,Highly Available
1002085,Private room in Harlem,500285,Host285,f,Manhattan,Harlem,40.735652,-73.971387,Private room,122.7,2,34,2026-06-06,1.18,2,25,$75-150,False,90.0,Rarely Available
1002086,Entire home/apt in Harlem,500286,Host286,f,Manhattan,Harlem,40.765727,-73.968465,Entire home/apt,118.61,30,11,2026-03-22,0.6,1,215,$75-150,False,166.0,Highly Available
1002087,Private room in Astoria,500287,Host287,t,Queens,Astoria,40.738765,-73.783625,Private room,110.81,3,25,2025-12-10,0.56,1,172,$75-150,True,268.0,Sometimes Available
1002088,Entire home/apt in Williamsburg,500288,Host288,f,Brooklyn,Williamsburg,40.658132,-73.933791,Entire home/apt,77.62,1,47,2026-03-15,2.12,5,169,$75-150,False,173.0,Sometimes Available
1002089,Private room in Hell's Kitchen,500289,Host289,f,Manhattan,Hell's Kitchen,40.787855,-73.957462,Private room,184.8,14,39,2025-11-09,1.1,1,80,$150-250,False,299.0,Sometimes Available
1002090,Private room in Harlem,500290,Host290,f,Manhattan,Harlem,40.794944,-73.962487,Private room,96.73,14,16,2026-05-14,0.36,1,238,$75-150,False,113.0,Highly Available
1002091,Entire home/apt in Chelsea,500291,Host291,f,Manhattan,Chelsea,40.781413,-73.987066,Entire home/apt,553.4843000000001,2,68,2026-02-26,1.84,1,19,$400+,False,190.0,Rarely Available
1002092,Entire home/apt in Harlem,500292,Host292,t,Manhattan,Harlem,40.763007,-73.988517,Entire home/apt,376.34,3,14,2026-06-25,0.49,1,185,$250-400,True,71.0,Highly Available
1002093,Private room in DUMBO,500293,Host293,f,Brooklyn,DUMBO,40.667944,-73.958314,Private room,272.9,2,37,2026-02-22,1.56,1,110,$250-400,False,194.0,Sometimes Available
1002094,Private room in Hell's Kitchen,500294,Host294,t,Manhattan,Hell's Kitchen,40.791246,-74.01415,Private room,212.93,1,9,2026-07-26,0.28,1,0,$150-250,True,40.0,Rarely Available
1002095,Entire home/apt in Greenpoint,500295,Host295,f,Brooklyn,Greenpoint,40.693368,-73.924318,Entire home/apt,202.03,3,3,2026-07-27,0.19,2,115,$150-250,False,39.0,Sometimes Available
1002096,Private room in Flushing,500296,Host296,f,Queens,Flushing,40.70932,-73.776384,Private room,70.62,1,0,,0.0,1,365,$0-75,False,,Highly Available
1002097,Entire home/apt in Bushwick,500297,Host297,f,Brooklyn,Bushwick,40.677643,-73.909489,Entire home/apt,245.16,2,7,2026-08-01,0.16,1,173,$150-250,False,34.0,Sometimes Available
1002098,Entire home/apt in Astoria,500298,Host298,t,Queens,Astoria,40.692786,-73.777013,Entire home/apt,129.43,1,14,2026-04-16,0.35,5,84,$75-150,True,141.0,Sometimes Available
1002099,Entire home/apt in Long Island City,500299,Host299,f,Queens,Long Island City,40.745411,-73.761303,Entire home/apt,193.17,5,2,2026-02-08,0.31,1,214,$150-250,False,208.0,Highly Available
1002100,Private room in Flushing,500300,Host300,f,Queens,Flushing,40.75558,-73.794501,Private room,66.25,1,7,2026-06-18,0.17,1,147,$0-75,False,78.0,Sometimes Available
1002101,Entire home/apt in Riverdale,500301,Host301,f,Bronx,Riverdale,40.852156,-73.91033,Entire home/apt,70.75,7,66,2026-05-09,1.96,1,209,$0-75,False,118.0,Highly Available
1002102,Private room in Jamaica,500302,Host302,f,Queens,Jamaica,40.700659,-73.797125,Private room,65.19,1,5,2026-06-15,0.16,1,160,$0-75,False,81.0,Sometimes Available
1002103,Shared room in Jamaica,500303,Host303,f,Queens,Jamaica,40.754045,-73.78354,Shared room,66.68,1,6,2026-07-28,0.16,1,196,$0-75,False,38.0,Highly Available
1002104,Entire home/apt in Long Island City,500304,Host304,f,Queens,Long Island City,40.755309,-73.820518,Entire home/apt,51.82,1,1,2026-07-05,0.1,1,0,$0-75,False,61.0,Rarely Available
1002105,Entire home/apt in Flushing,500305,Host305,t,Queens,Flushing,40.725153,-73.81735,Entire home/apt,105.85,2,44,2025-10-16,2.66,1,15,$75-150,True,323.0,Rarely Available
1002106,Private room in Mott Haven,500306,Host306,f,Bronx,Mott Haven,40.847283,-73.901878,Private room,97.74,2,13,2025-09-06,0.61,1,139,$75-150,False,363.0,Sometimes Available
1002107,Private room in Park Slope,500307,Host307,f,Brooklyn,Park Slope,40.666637,-73.906929,Private room,170.03,1,69,2026-02-08,4.87,2,170,$150-250,False,208.0,Sometimes Available
1002108,Private room in Greenpoint,500308,Host308,f,Brooklyn,Greenpoint,40.688521,-73.892337,Private room,232.45,3,38,2026-07-31,2.62,1,292,$150-250,False,35.0,Highly Available
1002109,Private room in Long Island City,500309,Host309,f,Queens,Long Island City,40.720856,-73.812374,Private room,105.82,1,19,2026-03-24,1.23,1,171,$75-150,False,164.0,Sometimes Available
1002110,Private room in Midtown,500310,Host310,t,Manhattan,Midtown,40.753999,-73.932857,Private room,238.36,2,0,,0.0,1,236,$150-250,True,,Highly Available
1002111,Private room in East Village,500311,Host311,t,Manhattan,East Village,40.775032,-73.974125,Private room,67.49,14,36,2026-02-03,0.76,5,56,$0-75,True,213.0,Sometimes Available
1002112,Entire home/apt in Hell's Kitchen,500312,Host312,f,Manhattan,Hell's Kitchen,40.736439,-73.987447,Entire home/apt,356.18,3,11,2025-11-17,0.56,1,365,$250-400,False,291.0,Highly Available
1002113,Entire home/apt in Flushing,500313,Host313,f,Queens,Flushing,40.736348,-73.806619,Entire home/apt,95.74,1,12,2026-06-12,0.33,5,204,$75-150,False,84.0,Highly Available
1002114,Entire home/apt in Upper West Side,500314,Host314,f,Manhattan,Upper West Side,40.749627,-73.95575,Entire home/apt,335.24,5,0,,0.0,5,136,$250-400,False,,Sometimes Available
1002115,Entire home/apt in Astoria,500315,Host315,t,Queens,Astoria,40.740386,-73.784191,Entire home/apt,269.72,1,67,2026-07-09,1.63,3,0,$250-400,True,57.0,Rarely Available
1002116,Entire home/apt in Chelsea,500316,Host316,t,Manhattan,Chelsea,40.784592,-73.950013,Entire home/apt,114.83,14,17,2025-12-20,0.57,5,166,$75-150,True,258.0,Sometimes Available
1002117,Entire home/apt in Flushing,500317,Host317,f,Queens,Flushing,40.715415,-73.817874,Entire home/apt,96.57,1,32,2026-04-11,1.39,1,196,$75-150,False,146.0,Highly Available
1002118,Private room in DUMBO,500318,Host318,t,Brooklyn,DUMBO,40.68076,-73.967334,Private room,195.88,2,5,2026-07-24,0.16,1,13,$150-250,True,42.0,Rarely Available
1002119,Entire home/apt in DUMBO,500319,Host319,t,Brooklyn,DUMBO,40.663775,-73.931083,Entire home/apt,307.75,1,36,2026-04-15,1.88,1,53,$250-400,True,142.0,Sometimes Available
1002120,Private room in Midtown,500320,Host320,f,Manhattan,Midtown,40.790119,-73.965573,Private room,106.89,7,23,2026-03-18,1.02,1,285,$75-150,False,170.0,Highly Available
1002121,Entire home/apt in Hell's Kitchen,500321,Host321,t,Manhattan,Hell's Kitchen,40.774171,-73.928169,Entire home/apt,313.25,2,1,2026-07-06,0.06,1,45,$250-400,True,60.0,Sometimes Available
1002122,Private room in Long Island City,500322,Host322,f,Queens,Long Island City,40.728513,-73.77873,Private room,109.2,5,12,2026-02-06,0.62,1,150,$75-150,False,210.0,Sometimes Available
1002123,Entire home/apt in Tottenville,500323,Host323,t,Staten Island,Tottenville,40.58025,-74.157364,Entire home/apt,202.15,3,11,2026-07-27,0.41,3,216,$150-250,True,39.0,Highly Available
1002124,Entire home/apt in Midtown,500324,Host324,f,Manhattan,Midtown,40.776204,-73.992277,Entire home/apt,279.98,7,39,2026-05-14,1.0,1,0,$250-400,False,113.0,Rarely Available
1002125,Private room in Park Slope,500325,Host325,t,Brooklyn,Park Slope,40.670928,-73.926661,Private room,70.07,7,7,2026-05-01,0.48,2,139,$0-75,True,126.0,Sometimes Available
1002126,Shared room in Crown Heights,500326,Host326,f,Brooklyn,Crown Heights,40.68613,-73.941005,Shared room,70.69,5,2,2026-05-20,0.17,1,178,$0-75,False,107.0,Sometimes Available
1002127,Entire home/apt in Astoria,500327,Host327,f,Queens,Astoria,40.741544,-73.802941,Entire home/apt,112.0,2,58,2025-09-12,4.08,1,234,$75-150,False,357.0,Highly Available
1002128,Entire home/apt in Ridgewood,500328,Host328,f,Queens,Ridgewood,40.740493,-73.770149,Entire home/apt,123.12,2,9,2026-07-28,0.33,1,0,$75-150,False,38.0,Rarely Available
1002129,Entire home/apt in Financial District,500329,Host329,f,Manhattan,Financial District,40.781047,-74.007339,Entire home/apt,553.4843000000001,3,19,2026-06-24,0.4,1,345,$400+,False,72.0,Highly Available
1002130,Private room in Williamsburg,500330,Host330,f,Brooklyn,Williamsburg,40.691463,-73.965743,Private room,143.36,3,13,2026-03-14,0.54,2,0,$75-150,False,174.0,Rarely Available
1002131,Entire home/apt in Ridgewood,500331,Host331,f,Queens,Ridgewood,40.731645,-73.815925,Entire home/apt,174.52,3,5,2026-06-19,0.24,1,140,$150-250,False,77.0,Sometimes Available
1002132,Private room in Greenpoint,500332,Host332,f,Brooklyn,Greenpoint,40.655485,-73.909933,Private room,138.19,1,35,2026-05-11,0.99,1,210,$75-150,False,116.0,Highly Available
1002133,Entire home/apt in East Village,500333,Host333,f,Manhattan,East Village,40.802102,-73.9412,Entire home/apt,324.18,3,10,2026-03-16,0.69,10,177,$250-400,False,172.0,Sometimes Available
1002134,Entire home/apt in Flushing,500334,Host334,f,Queens,Flushing,40.69776,-73.775694,Entire home/apt,244.85,3,1,2026-01-19,0.02,1,307,$150-250,False,228.0,Highly Available
1002135,Entire home/apt in Bushwick,500335,Host335,f,Brooklyn,Bushwick,40.692549,-73.947145,Entire home/apt,173.98,2,3,2026-05-12,0.08,1,270,$150-250,False,115.0,Highly Available
1002136,Entire home/apt in Long Island City,500336,Host336,t,Queens,Long Island City,40.759826,-73.797131,Entire home/apt,115.9,5,106,2026-06-21,4.97,1,280,$75-150,True,75.0,Highly Available
1002137,Private room in Tottenville,500337,Host337,f,Staten Island,Tottenville,40.560291,-74.125724,Private room,91.85,3,13,2026-05-11,0.31,1,26,$75-150,False,116.0,Rarely Available
1002138,Hotel room in Long Island City,500338,Host338,t,Queens,Long Island City,40.725295,-73.793471,Hotel room,173.54,1,26,2026-07-26,3.58,1,0,$150-250,True,40.0,Rarely Available
1002139,Private room in Park Slope,500339,Host339,t,Brooklyn,Park Slope,40.684617,-73.922284,Private room,90.95,1,9,2025-10-15,0.29,3,229,$75-150,True,324.0,Highly Available
1002140,Entire home/apt in Upper West Side,500340,Host340,f,Manhattan,Upper West Side,40.777176,-73.991933,Entire home/apt,421.53,5,32,2026-06-01,2.21,1,117,$400+,False,95.0,Sometimes Available
1002141,Entire home/apt in Bedford-Stuyvesant,500341,Host341,f,Brooklyn,Bedford-Stuyvesant,40.71232,-73.943618,Entire home/apt,209.91,3,4,2026-06-07,0.11,1,133,$150-250,False,89.0,Sometimes Available
1002142,Private room in Hell's Kitchen,500342,Host342,t,Manhattan,Hell's Kitchen,40.775585,-73.998355,Private room,194.71,2,5,2026-07-25,0.18,1,0,$150-250,True,41.0,Rarely Available
1002143,Private room in Harlem,500343,Host343,f,Manhattan,Harlem,40.744443,-73.951169,Private room,47.62,1,35,2026-05-27,1.23,1,30,$0-75,False,100.0,Rarely Available
1002144,Entire home/apt in Crown Heights,500344,Host344,t,Brooklyn,Crown Heights,40.69675,-73.957518,Entire home/apt,96.85,1,24,2026-07-13,1.17,1,289,$75-150,True,53.0,Highly Available
1002145,Entire home/apt in Astoria,500345,Host345,t,Queens,Astoria,40.744791,-73.812015,Entire home/apt,98.85,1,1,2025-11-15,0.05,1,285,$75-150,True,293.0,Highly Available
1002146,Entire home/apt in Crown Heights,500346,Host346,f,Brooklyn,Crown Heights,40.680368,-73.959747,Entire home/apt,122.45,1,19,2026-06-16,0.99,2,0,$75-150,False,80.0,Rarely Available
1002147,Entire home/apt in Greenpoint,500347,Host347,t,Brooklyn,Greenpoint,40.676469,-73.935795,Entire home/apt,257.51,5,36,2026-07-29,1.08,3,114,$250-400,True,37.0,Sometimes Available
1002148,Entire home/apt in DUMBO,500348,Host348,f,Brooklyn,DUMBO,40.661242,-73.975939,Entire home/apt,95.64,3,39,2026-05-12,1.81,1,0,$75-150,False,115.0,Rarely Available
1002149,Private room in Mott Haven,500349,Host349,f,Bronx,Mott Haven,40.818065,-73.920675,Private room,49.41,5,5,2026-07-28,0.62,1,0,$0-75,False,38.0,Rarely Available
1002150,Entire home/apt in Riverdale,500350,Host350,t,Bronx,Riverdale,40.846169,-73.904668,Entire home/apt,36.92,1,6,2026-07-22,0.23,3,125,$0-75,True,44.0,Sometimes Available
1002151,Private room in East Village,500351,Host351,f,Manhattan,East Village,40.762052,-73.951084,Private room,190.09,1,72,2026-07-22,5.56,2,212,$150-250,False,44.0,Highly Available
1002152,Entire home/apt in Long Island City,500352,Host352,f,Queens,Long Island City,40.749342,-73.830747,Entire home/apt,131.23,2,25,2026-07-25,0.92,1,200,$75-150,False,41.0,Highly Available
1002153,Entire home/apt in East Village,500353,Host353,f,Manhattan,East Village,40.756217,-73.968402,Entire home/apt,492.86,7,41,2026-04-13,1.05,10,119,$400+,False,144.0,Sometimes Available
1002154,Private room in Crown Heights,500354,Host354,f,Brooklyn,Crown Heights,40.680953,-73.926114,Private room,99.31,1,50,2026-05-07,1.79,5,146,$75-150,False,120.0,Sometimes Available
1002155,Private room in Jamaica,500355,Host355,f,Queens,Jamaica,40.740076,-73.853705,Private room,52.43,3,148,2025-10-31,19.84,1,98,$0-75,False,308.0,Sometimes Available
1002156,Entire home/apt in Ridgewood,500356,Host356,t,Queens,Ridgewood,40.689807,-73.817598,Entire home/apt,149.22,1,8,2026-07-31,0.22,1,317,$75-150,True,35.0,Highly Available
1002157,Entire home/apt in Tottenville,500357,Host357,t,Staten Island,Tottenville,40.541481,-74.13112,Entire home/apt,172.67,2,6,2026-04-19,0.94,1,127,$150-250,True,138.0,Sometimes Available
1002158,Private room in Crown Heights,500358,Host358,t,Brooklyn,Crown Heights,40.678758,-73.951224,Private room,169.39,1,46,2025-10-02,1.04,1,152,$150-250,True,337.0,Sometimes Available
1002159,Entire home/apt in Greenpoint,500359,Host359,t,Brooklyn,Greenpoint,40.676357,-73.906523,Entire home/apt,168.06,2,8,2025-11-23,0.55,1,96,$150-250,True,285.0,Sometimes Available
1002160,Private room in Midtown,500360,Host360,f,Manhattan,Midtown,40.774669,-73.958131,Private room,225.28,1,28,2026-03-01,1.71,1,206,$150-250,False,187.0,Highly Available
1002161,Entire home/apt in Midtown,500361,Host361,f,Manhattan,Midtown,40.783801,-73.985581,Entire home/apt,542.06,1,1,2025-07-03,0.03,1,271,$400+,False,428.0,Highly Available
1002162,Entire home/apt in Long Island City,500362,Host362,f,Queens,Long Island City,40.743812,-73.768771,Entire home/apt,53.93,2,1,2026-06-09,0.02,1,77,$0-75,False,87.0,Sometimes Available
1002163,Entire home/apt in DUMBO,500363,Host363,f,Brooklyn,DUMBO,40.660744,-73.972008,Entire home/apt,516.84,2,14,2026-02-10,1.56,1,180,$400+,False,206.0,Sometimes Available
1002164,Entire home/apt in Chelsea,500364,Host364,f,Manhattan,Chelsea,40.782068,-73.961696,Entire home/apt,210.65,2,5,2026-05-31,0.11,1,305,$150-250,False,96.0,Highly Available
1002165,Entire home/apt in St. George,500365,Host365,f,Staten Island,St. George,40.588571,-74.136499,Entire home/apt,54.93,2,63,2026-04-10,6.93,1,154,$0-75,False,147.0,Sometimes Available
1002166,Private room in Astoria,500366,Host366,f,Queens,Astoria,40.719129,-73.795065,Private room,68.01,1,26,2026-07-15,0.56,1,236,$0-75,False,51.0,Highly Available
1002167,Private room in Tottenville,500367,Host367,f,Staten Island,Tottenville,40.566093,-74.144435,Private room,75.6,2,20,2026-06-26,0.44,1,0,$75-150,False,70.0,Rarely Available
1002168,Private room in Greenpoint,500368,Host368,f,Brooklyn,Greenpoint,40.672966,-73.949561,Private room,108.51,14,49,2026-06-19,1.22,1,132,$75-150,False,77.0,Sometimes Available
1002169,Private room in Ridgewood,500369,Host369,t,Queens,Ridgewood,40.72639,-73.806326,Private room,50.74,7,2,2026-08-01,0.06,1,82,$0-75,True,34.0,Sometimes Available
1002170,Private room in Mott Haven,500370,Host370,t,Bronx,Mott Haven,40.80554,-73.893082,Private room,68.77,14,11,2025-12-14,0.85,1,72,$0-75,True,264.0,Sometimes Available
1002171,Private room in Flushing,500371,Host371,f,Queens,Flushing,40.70173,-73.758582,Private room,82.48,1,62,2026-03-22,9.46,1,113,$75-150,False,166.0,Sometimes Available
1002172,Private room in DUMBO,500372,Host372,f,Brooklyn,DUMBO,40.671127,-73.956634,Private room,105.27,5,26,2026-01-23,1.97,3,175,$75-150,False,224.0,Sometimes Available
1002173,Private room in Upper West Side,500373,Host373,f,Manhattan,Upper West Side,40.773477,-73.955265,Private room,92.29,1,89,2026-07-07,1.91,1,203,$75-150,False,59.0,Highly Available
1002174,Entire home/apt in Greenpoint,500374,Host374,f,Brooklyn,Greenpoint,40.693939,-73.908637,Entire home/apt,120.07,1,15,2026-04-24,0.83,1,106,$75-150,False,133.0,Sometimes Available
1002175,Entire home/apt in Greenpoint,500375,Host375,f,Brooklyn,Greenpoint,40.662587,-73.95728,Entire home/apt,109.92,1,2,2025-11-04,0.07,1,0,$75-150,False,304.0,Rarely Available
1002176,Private room in DUMBO,500376,Host376,f,Brooklyn,DUMBO,40.685592,-73.936116,Private room,41.47,5,3,2026-01-17,0.07,2,64,$0-75,False,230.0,Sometimes Available
1002177,Entire home/apt in Ridgewood,500377,Host377,f,Queens,Ridgewood,40.717086,-73.80354,Entire home/apt,169.6,1,17,2026-02-07,0.42,1,213,$150-250,False,209.0,Highly Available
1002178,Shared room in Hell's Kitchen,500378,Host378,f,Manhattan,Hell's Kitchen,40.808359,-73.966556,Shared room,93.2,1,12,2025-10-06,0.3,1,68,$75-150,False,333.0,Sometimes Available
1002179,Private room in East Village,500379,Host379,f,Manhattan,East Village,40.796355,-73.965177,Private room,171.65,3,6,2026-04-28,0.37,3,224,$150-250,False,129.0,Highly Available
1002180,Private room in Hell's Kitchen,500380,Host380,f,Manhattan,Hell's Kitchen,40.760645,-73.965305,Private room,210.1,3,1,2026-07-09,0.02,1,203,$150-250,False,57.0,Highly Available
1002181,Entire home/apt in Fordham,500381,Host381,f,Bronx,Fordham,40.830814,-73.906622,Entire home/apt,88.34,2,7,2026-04-04,0.25,1,80,$75-150,False,153.0,Sometimes Available
1002182,Private room in Park Slope,500382,Host382,t,Brooklyn,Park Slope,40.679692,-73.953724,Private room,40.53,1,40,2026-06-16,2.92,1,184,$0-75,True,80.0,Highly Available
1002183,Entire home/apt in Ridgewood,500383,Host383,f,Queens,Ridgewood,40.727353,-73.799975,Entire home/apt,217.88,30,7,2026-06-19,0.79,2,159,$150-250,False,77.0,Sometimes Available
1002184,Private room in Jamaica,500384,Host384,f,Queens,Jamaica,40.701458,-73.78946,Private room,68.85,2,27,2026-03-16,0.62,1,156,$0-75,False,172.0,Sometimes Available
1002185,Entire home/apt in Fordham,500385,Host385,f,Bronx,Fordham,40.851946,-73.879252,Entire home/apt,73.16,14,2,2026-06-15,0.09,1,155,$0-75,False,81.0,Sometimes Available
1002186,Entire home/apt in DUMBO,500386,Host386,f,Brooklyn,DUMBO,40.66314,-73.968202,Entire home/apt,59.12,2,2,2026-05-31,0.13,1,265,$0-75,False,96.0,Highly Available
1002187,Shared room in Bushwick,500387,Host387,f,Brooklyn,Bushwick,40.632042,-73.904955,Shared room,71.31,3,1,2026-05-25,0.05,1,112,$0-75,False,102.0,Sometimes Available
1002188,Private room in Midtown,500388,Host388,f,Manhattan,Midtown,40.749414,-73.966206,Private room,217.03,3,29,2026-03-24,0.76,1,236,$150-250,False,164.0,Highly Available
1002189,Entire home/apt in Park Slope,500389,Host389,t,Brooklyn,Park Slope,40.673549,-73.934088,Entire home/apt,121.74,2,4,2026-06-01,0.33,5,58,$75-150,True,95.0,Sometimes Available
1002190,Private room in East Village,500390,Host390,f,Manhattan,East Village,40.776628,-73.973162,Private room,85.44,2,14,2025-07-21,0.41,1,266,$75-150,False,410.0,Highly Available
1002191,Private room in East Village,500391,Host391,t,Manhattan,East Village,40.817239,-73.982555,Private room,106.85,1,20,2026-05-24,0.96,1,309,$75-150,True,103.0,Highly Available
1002192,Entire home/apt in Bedford-Stuyvesant,500392,Host392,f,Brooklyn,Bedford-Stuyvesant,40.692738,-73.933434,Entire home/apt,286.1,2,20,2025-08-16,2.52,1,71,$250-400,False,384.0,Sometimes Available
1002193,Hotel room in Financial District,500393,Host393,f,Manhattan,Financial District,40.800185,-73.944941,Hotel room,211.64,7,72,2026-06-10,2.04,1,128,$150-250,False,86.0,Sometimes Available
1002194,Entire home/apt in DUMBO,500394,Host394,f,Brooklyn,DUMBO,40.640417,-73.95054,Entire home/apt,242.01,3,22,2026-02-10,0.68,1,56,$150-250,False,206.0,Sometimes Available
1002195,Entire home/apt in Harlem,500395,Host395,f,Manhattan,Harlem,40.796565,-73.979081,Entire home/apt,200.63,3,2,2026-07-28,0.04,1,266,$150-250,False,38.0,Highly Available
1002196,Entire home/apt in Crown Heights,500396,Host396,f,Brooklyn,Crown Heights,40.668297,-73.942292,Entire home/apt,146.35,1,0,,0.0,5,223,$75-150,False,,Highly Available
1002197,Entire home/apt in Park Slope,500397,Host397,f,Brooklyn,Park Slope,40.7092,-73.914409,Entire home/apt,209.93,1,18,2026-07-20,0.63,1,161,$150-250,False,46.0,Sometimes Available
1002198,Private room in Long Island City,500398,Host398,t,Queens,Long Island City,40.733064,-73.813749,Private room,47.22,3,7,2026-05-20,0.29,1,264,$0-75,True,107.0,Highly Available
1002199,Private room in Hell's Kitchen,500399,Host399,f,Manhattan,Hell's Kitchen,40.771013,-73.999681,Private room,181.18,2,49,2026-01-22,2.81,1,152,$150-250,False,225.0,Sometimes Available
1002200,Hotel room in Park Slope,500400,Host400,f,Brooklyn,Park Slope,40.690815,-73.925214,Hotel room,184.16,2,13,2026-03-03,0.63,2,312,$150-250,False,185.0,Highly Available
1002201,Private room in Williamsburg,500401,Host401,f,Brooklyn,Williamsburg,40.664922,-73.949368,Private room,185.15,5,12,2026-06-20,1.28,1,0,$150-250,False,76.0,Rarely Available
1002202,Entire home/apt in Bedford-Stuyvesant,500402,Host402,f,Brooklyn,Bedford-Stuyvesant,40.660141,-73.949977,Entire home/apt,294.92,2,17,2026-07-06,1.63,1,129,$250-400,False,60.0,Sometimes Available
1002203,Private room in Long Island City,500403,Host403,f,Queens,Long Island City,40.704964,-73.791241,Private room,70.34,3,17,2025-10-29,1.12,1,45,$0-75,False,310.0,Sometimes Available
1002204,Shared room in DUMBO,500404,Host404,f,Brooklyn,DUMBO,40.688332,-73.93057,Shared room,31.89,3,41,2026-07-30,2.31,1,225,$0-75,False,36.0,Highly Available
1002205,Entire home/apt in East Village,500405,Host405,f,Manhattan,East Village,40.7548,-73.94199,Entire home/apt,179.8,1,0,,0.0,3,135,$150-250,False,,Sometimes Available
1002206,Private room in Chelsea,500406,Host406,f,Manhattan,Chelsea,40.765326,-73.966076,Private room,124.43,2,7,2026-07-21,0.18,1,264,$75-150,False,45.0,Highly Available
1002207,Private room in Park Slope,500407,Host407,f,Brooklyn,Park Slope,40.664608,-73.935759,Private room,67.35,1,28,2026-03-08,4.65,1,28,$0-75,False,180.0,Rarely Available
1002208,Entire home/apt in Bedford-Stuyvesant,500408,Host408,f,Brooklyn,Bedford-Stuyvesant,40.669932,-73.947182,Entire home/apt,65.86,2,22,2026-01-13,0.95,1,280,$0-75,False,234.0,Highly Available
1002209,Entire home/apt in Riverdale,500409,Host409,t,Bronx,Riverdale,40.841108,-73.903425,Entire home/apt,147.24,1,45,2026-05-27,0.97,3,148,$75-150,True,100.0,Sometimes Available
1002210,Hotel room in Flushing,500410,Host410,t,Queens,Flushing,40.716619,-73.818702,Hotel room,60.76,7,44,2026-06-12,1.15,1,152,$0-75,True,84.0,Sometimes Available
1002211,Entire home/apt in Williamsburg,500411,Host411,f,Brooklyn,Williamsburg,40.673155,-73.957201,Entire home/apt,248.17,1,5,2026-03-25,0.35,1,130,$150-250,False,163.0,Sometimes Available
1002212,Private room in Tottenville,500412,Host412,t,Staten Island,Tottenville,40.588772,-74.148983,Private room,59.8,1,16,2026-03-12,0.87,3,229,$0-75,True,176.0,Highly Available
1002213,Entire home/apt in Bedford-Stuyvesant,500413,Host413,f,Brooklyn,Bedford-Stuyvesant,40.686688,-73.953619,Entire home/apt,209.29,2,3,2026-04-10,0.31,1,91,$150-250,False,147.0,Sometimes Available
1002214,Private room in Williamsburg,500414,Host414,f,Brooklyn,Williamsburg,40.673116,-73.942446,Private room,278.2,5,16,2026-05-11,0.68,1,76,$250-400,False,116.0,Sometimes Available
1002215,Entire home/apt in Midtown,500415,Host415,f,Manhattan,Midtown,40.810726,-73.920476,Entire home/apt,171.29,5,15,2026-06-29,0.31,2,164,$150-250,False,67.0,Sometimes Available
1002216,Private room in Crown Heights,500416,Host416,f,Brooklyn,Crown Heights,40.659017,-73.983064,Private room,182.46,3,47,2026-03-28,1.06,1,89,$150-250,False,160.0,Sometimes Available
1002217,Private room in East Village,500417,Host417,f,Manhattan,East Village,40.71458,-73.976622,Private room,57.18,1,8,2026-06-25,0.69,1,116,$0-75,False,71.0,Sometimes Available
1002218,Private room in DUMBO,500418,Host418,f,Brooklyn,DUMBO,40.699732,-73.937932,Private room,112.61,7,22,2025-07-17,0.52,3,164,$75-150,False,414.0,Sometimes Available
1002219,Entire home/apt in Crown Heights,500419,Host419,f,Brooklyn,Crown Heights,40.66019,-73.927127,Entire home/apt,211.47,1,5,2026-07-08,0.39,1,156,$150-250,False,58.0,Sometimes Available
1002220,Entire home/apt in Hell's Kitchen,500420,Host420,f,Manhattan,Hell's Kitchen,40.769544,-73.987937,Entire home/apt,292.96,3,33,2026-07-23,2.69,5,252,$250-400,False,43.0,Highly Available
1002221,Entire home/apt in Midtown,500421,Host421,f,Manhattan,Midtown,40.77307,-73.941965,Entire home/apt,170.41,3,21,2026-05-21,0.45,1,118,$150-250,False,106.0,Sometimes Available
1002222,Private room in Park Slope,500422,Host422,f,Brooklyn,Park Slope,40.677592,-73.953528,Private room,194.22,3,15,2026-07-24,0.43,1,196,$150-250,False,42.0,Highly Available
1002223,Private room in Long Island City,500423,Host423,f,Queens,Long Island City,40.716505,-73.808386,Private room,167.13,7,25,2026-06-11,0.73,1,231,$150-250,False,85.0,Highly Available
1002224,Shared room in Park Slope,500424,Host424,f,Brooklyn,Park Slope,40.657395,-73.969446,Shared room,94.61,2,49,2026-05-30,1.05,2,173,$75-150,False,97.0,Sometimes Available
1002225,Private room in DUMBO,500425,Host425,f,Brooklyn,DUMBO,40.667803,-73.961242,Private room,146.22,3,21,2026-03-17,1.16,1,248,$75-150,False,171.0,Highly Available
1002226,Entire home/apt in Long Island City,500426,Host426,f,Queens,Long Island City,40.73223,-73.783147,Entire home/apt,67.55,1,12,2026-06-11,0.29,1,135,$0-75,False,85.0,Sometimes Available
1002227,Entire home/apt in Ridgewood,500427,Host427,f,Queens,Ridgewood,40.709199,-73.802723,Entire home/apt,224.28,1,37,2026-03-18,0.89,1,134,$150-250,False,170.0,Sometimes Available
1002228,Entire home/apt in Midtown,500428,Host428,f,Manhattan,Midtown,40.766737,-73.985403,Entire home/apt,193.61,1,48,2026-05-16,1.11,10,40,$150-250,False,111.0,Sometimes Available
1002229,Entire home/apt in Bedford-Stuyvesant,500429,Host429,f,Brooklyn,Bedford-Stuyvesant,40.663718,-73.940627,Entire home/apt,232.42,2,17,2026-06-10,1.88,3,233,$150-250,False,86.0,Highly Available
1002230,Private room in Upper West Side,500430,Host430,f,Manhattan,Upper West Side,40.751844,-73.93963,Private room,113.21,1,20,2026-07-04,0.73,1,300,$75-150,False,62.0,Highly Available
1002231,Entire home/apt in Chelsea,500431,Host431,t,Manhattan,Chelsea,40.812868,-73.986701,Entire home/apt,230.74,3,26,2026-02-01,0.66,1,24,$150-250,True,215.0,Rarely Available
1002232,Entire home/apt in Fordham,500432,Host432,t,Bronx,Fordham,40.829498,-73.882577,Entire home/apt,150.32,2,59,2026-02-08,1.39,3,131,$150-250,True,208.0,Sometimes Available
1002233,Entire home/apt in Ridgewood,500433,Host433,f,Queens,Ridgewood,40.76521,-73.803508,Entire home/apt,149.49,1,18,2026-07-07,1.22,1,197,$75-150,False,59.0,Highly Available
1002234,Shared room in Bedford-Stuyvesant,500434,Host434,f,Brooklyn,Bedford-Stuyvesant,40.701257,-73.929665,Shared room,91.63,14,15,2026-04-03,0.68,1,37,$75-150,False,154.0,Sometimes Available
1002235,Private room in Greenpoint,500435,Host435,f,Brooklyn,Greenpoint,40.67936,-73.953704,Private room,120.93,1,17,2025-12-23,0.65,1,294,$75-150,False,255.0,Highly Available
1002236,Entire home/apt in Riverdale,500436,Host436,f,Bronx,Riverdale,40.814324,-73.882179,Entire home/apt,110.3,5,68,2026-07-03,1.53,1,151,$75-150,False,63.0,Sometimes Available
1002237,Private room in St. George,500437,Host437,f,Staten Island,St. George,40.569836,-74.167471,Private room,56.35,1,12,2026-07-18,0.27,1,108,$0-75,False,48.0,Sometimes Available
1002238,Private room in DUMBO,500438,Host438,f,Brooklyn,DUMBO,40.687213,-73.955452,Private room,117.05,1,38,2026-06-22,0.92,1,47,$75-150,False,74.0,Sometimes Available
1002239,Entire home/apt in Fordham,500439,Host439,t,Bronx,Fordham,40.852781,-73.872836,Entire home/apt,153.44,1,6,2026-07-30,0.24,1,0,$150-250,True,36.0,Rarely Available
1002240,Private room in Long Island City,500440,Host440,f,Queens,Long Island City,40.751238,-73.795467,Private room,223.56,1,52,2026-06-09,5.53,1,209,$150-250,False,87.0,Highly Available
1002241,Entire home/apt in Bedford-Stuyvesant,500441,Host441,f,Brooklyn,Bedford-Stuyvesant,40.671668,-73.955749,Entire home/apt,273.92,1,114,2026-06-17,3.16,1,5,$250-400,False,79.0,Rarely Available
1002242,Entire home/apt in DUMBO,500442,Host442,f,Brooklyn,DUMBO,40.684736,-73.917295,Entire home/apt,81.46,1,12,2025-04-15,0.6,1,114,$75-150,False,507.0,Sometimes Available
1002243,Private room in Mott Haven,500443,Host443,f,Bronx,Mott Haven,40.828477,-73.872678,Private room,101.11,1,35,2026-05-28,0.93,1,131,$75-150,False,99.0,Sometimes Available
1002244,Private room in Park Slope,500444,Host444,f,Brooklyn,Park Slope,40.706949,-73.955561,Private room,164.51,2,29,2025-08-05,1.14,1,85,$150-250,False,395.0,Sometimes Available
1002245,Entire home/apt in DUMBO,500445,Host445,f,Brooklyn,DUMBO,40.681405,-73.953156,Entire home/apt,239.94,2,35,2026-06-02,1.5,1,146,$150-250,False,94.0,Sometimes Available
1002246,Private room in East Village,500446,Host446,f,Manhattan,East Village,40.784996,-73.950719,Private room,156.9,1,6,2026-06-06,0.17,1,316,$150-250,False,90.0,Highly Available
1002247,Entire home/apt in Upper West Side,500447,Host447,f,Manhattan,Upper West Side,40.784617,-73.98399,Entire home/apt,202.4,1,55,2026-07-22,1.53,1,150,$150-250,False,44.0,Sometimes Available
1002248,Private room in Bedford-Stuyvesant,500448,Host448,f,Brooklyn,Bedford-Stuyvesant,40.682218,-73.940335,Private room,95.64,7,28,2026-07-13,1.93,1,63,$75-150,False,53.0,Sometimes Available
1002249,Entire home/apt in Jamaica,500449,Host449,f,Queens,Jamaica,40.736911,-73.775817,Entire home/apt,148.93,1,13,2026-07-16,0.56,2,0,$75-150,False,50.0,Rarely Available
1002250,Private room in Bushwick,500450,Host450,f,Brooklyn,Bushwick,40.680724,-73.951598,Private room,83.37,1,3,2026-01-25,0.07,1,191,$75-150,False,222.0,Highly Available
1002251,Private room in Williamsburg,500451,Host451,f,Brooklyn,Williamsburg,40.702781,-73.97783,Private room,51.35,5,20,2026-05-28,0.68,1,27,$0-75,False,99.0,Rarely Available
1002252,Entire home/apt in Upper West Side,500452,Host452,f,Manhattan,Upper West Side,40.753431,-73.986038,Entire home/apt,209.42,14,27,2026-04-21,3.47,1,145,$150-250,False,136.0,Sometimes Available
1002253,Private room in Chelsea,500453,Host453,f,Manhattan,Chelsea,40.76352,-73.986632,Private room,384.52,1,50,2026-07-20,1.33,3,239,$250-400,False,46.0,Highly Available
1002254,Entire home/apt in Fordham,500454,Host454,f,Bronx,Fordham,40.821688,-73.915522,Entire home/apt,118.59,5,9,2026-01-17,1.19,1,68,$75-150,False,230.0,Sometimes Available
1002255,Entire home/apt in Park Slope,500455,Host455,f,Brooklyn,Park Slope,40.675079,-73.948844,Entire home/apt,147.36,1,10,2026-07-10,0.22,1,163,$75-150,False,56.0,Sometimes Available
1002256,Entire home/apt in Long Island City,500456,Host456,f,Queens,Long Island City,40.718053,-73.77671,Entire home/apt,114.68,7,3,2026-07-04,0.26,1,55,$75-150,False,62.0,Sometimes Available
1002257,Private room in Crown Heights,500457,Host457,t,Brooklyn,Crown Heights,40.672694,-73.906408,Private room,117.73,3,110,2026-07-12,16.49,1,267,$75-150,True,54.0,Highly Available
1002258,Private room in Financial District,500458,Host458,f,Manhattan,Financial District,40.807141,-73.978007,Private room,93.46,1,27,2026-05-08,1.35,1,20,$75-150,False,119.0,Rarely Available
1002259,Entire home/apt in Midtown,500459,Host459,f,Manhattan,Midtown,40.795128,-73.950921,Entire home/apt,553.4843000000001,5,11,2026-07-13,1.11,1,210,$400+,False,53.0,Highly Available
1002260,Private room in Chelsea,500460,Host460,f,Manhattan,Chelsea,40.779038,-74.009851,Private room,133.32,1,16,2025-12-17,0.39,1,166,$75-150,False,261.0,Sometimes Available
1002261,Private room in Ridgewood,500461,Host461,f,Queens,Ridgewood,40.748006,-73.767639,Private room,55.78,1,33,2026-01-09,0.85,1,267,$0-75,False,238.0,Highly Available
1002262,Entire home/apt in Astoria,500462,Host462,f,Queens,Astoria,40.736713,-73.77676,Entire home/apt,155.99,5,102,2026-04-28,3.99,1,222,$150-250,False,129.0,Highly Available
1002263,Entire home/apt in Long Island City,500463,Host463,f,Queens,Long Island City,40.749388,-73.769552,Entire home/apt,218.93,1,63,2026-06-17,2.14,1,0,$150-250,False,79.0,Rarely Available
1002264,Entire home/apt in DUMBO,500464,Host464,f,Brooklyn,DUMBO,40.714573,-73.982876,Entire home/apt,376.77,2,38,2026-07-05,1.57,1,55,$250-400,False,61.0,Sometimes Available
1002265,Entire home/apt in Riverdale,500465,Host465,f,Bronx,Riverdale,40.820034,-73.9139,Entire home/apt,106.15,1,25,2026-04-05,1.3,3,180,$75-150,False,152.0,Sometimes Available
1002266,Entire home/apt in Bushwick,500466,Host466,f,Brooklyn,Bushwick,40.684251,-73.931718,Entire home/apt,403.17,14,16,2026-05-14,0.44,1,0,$400+,False,113.0,Rarely Available
1002267,Entire home/apt in Harlem,500467,Host467,f,Manhattan,Harlem,40.779795,-73.942468,Entire home/apt,262.75,2,37,2026-07-28,0.99,1,33,$250-400,False,38.0,Sometimes Available
1002268,Private room in Harlem,500468,Host468,f,Manhattan,Harlem,40.774866,-73.989653,Private room,54.6,1,95,2026-07-27,14.35,2,133,$0-75,False,39.0,Sometimes Available
1002269,Entire home/apt in DUMBO,500469,Host469,f,Brooklyn,DUMBO,40.709344,-73.945794,Entire home/apt,206.74,2,27,2026-06-08,1.13,1,300,$150-250,False,88.0,Highly Available
1002270,Private room in Williamsburg,500470,Host470,f,Brooklyn,Williamsburg,40.664566,-73.911347,Private room,44.75,30,39,2026-02-27,0.97,1,0,$0-75,False,189.0,Rarely Available
1002271,Entire home/apt in Astoria,500471,Host471,t,Queens,Astoria,40.747814,-73.777109,Entire home/apt,119.18,2,11,2025-07-25,0.23,2,141,$75-150,True,406.0,Sometimes Available
1002272,Entire home/apt in Jamaica,500472,Host472,f,Queens,Jamaica,40.747075,-73.807037,Entire home/apt,147.31,7,3,2026-07-17,0.06,1,120,$75-150,False,49.0,Sometimes Available
1002273,Private room in Tottenville,500473,Host473,f,Staten Island,Tottenville,40.605788,-74.179145,Private room,53.66,3,2,2026-06-24,0.07,3,167,$0-75,False,72.0,Sometimes Available
1002274,Private room in Riverdale,500474,Host474,t,Bronx,Riverdale,40.8748,-73.88962,Private room,40.13,5,33,2026-06-27,1.82,1,204,$0-75,True,69.0,Highly Available
1002275,Private room in Bushwick,500475,Host475,t,Brooklyn,Bushwick,40.705303,-73.936359,Private room,116.15,7,22,2026-05-11,0.75,2,181,$75-150,True,116.0,Highly Available
1002276,Private room in Long Island City,500476,Host476,f,Queens,Long Island City,40.778858,-73.80967,Private room,83.99,1,69,2026-07-06,1.74,1,208,$75-150,False,60.0,Highly Available
1002277,Entire home/apt in Upper West Side,500477,Host477,f,Manhattan,Upper West Side,40.771221,-73.96011,Entire home/apt,157.93,3,20,2026-02-15,1.31,2,41,$150-250,False,201.0,Sometimes Available
1002278,Entire home/apt in Williamsburg,500478,Host478,f,Brooklyn,Williamsburg,40.672489,-73.953266,Entire home/apt,189.6,1,26,2026-07-20,0.55,3,244,$150-250,False,46.0,Highly Available
1002279,Private room in Tottenville,500479,Host479,t,Staten Island,Tottenville,40.567828,-74.168271,Private room,32.02,1,11,2026-05-08,0.32,1,216,$0-75,True,119.0,Highly Available
1002280,Private room in Jamaica,500480,Host480,f,Queens,Jamaica,40.688794,-73.798867,Private room,130.21,7,42,2026-04-30,1.69,1,152,$75-150,False,127.0,Sometimes Available
1002281,Entire home/apt in Flushing,500481,Host481,f,Queens,Flushing,40.724175,-73.791444,Entire home/apt,108.15,2,9,2026-06-13,0.41,1,130,$75-150,False,83.0,Sometimes Available
1002282,Hotel room in Bushwick,500482,Host482,f,Brooklyn,Bushwick,40.703482,-73.955984,Hotel room,433.82,5,26,2025-12-05,1.84,1,59,$400+,False,273.0,Sometimes Available
1002283,Private room in Long Island City,500483,Host483,f,Queens,Long Island City,40.700054,-73.811614,Private room,65.83,14,34,2025-11-21,0.75,10,149,$0-75,False,287.0,Sometimes Available
1002284,Private room in East Village,500484,Host484,f,Manhattan,East Village,40.809319,-73.975023,Private room,183.86,1,3,2026-04-12,0.14,1,225,$150-250,False,145.0,Highly Available
1002285,Private room in DUMBO,500485,Host485,t,Brooklyn,DUMBO,40.69646,-73.965389,Private room,152.04,3,63,2026-02-28,2.29,10,97,$150-250,True,188.0,Sometimes Available
1002286,Entire home/apt in Crown Heights,500486,Host486,t,Brooklyn,Crown Heights,40.685581,-73.976663,Entire home/apt,235.94,7,1,2026-04-25,0.02,1,117,$150-250,True,132.0,Sometimes Available
1002287,Private room in Upper West Side,500487,Host487,t,Manhattan,Upper West Side,40.775054,-73.962553,Private room,217.83,5,0,,0.0,1,241,$150-250,True,,Highly Available
1002288,Entire home/apt in Upper West Side,500488,Host488,f,Manhattan,Upper West Side,40.774758,-73.969251,Entire home/apt,109.26,3,19,2026-06-20,0.56,1,167,$75-150,False,76.0,Sometimes Available
1002289,Private room in Chelsea,500489,Host489,t,Manhattan,Chelsea,40.777868,-73.962564,Private room,125.81,1,10,2026-07-23,0.21,1,230,$75-150,True,43.0,Highly Available
1002290,Private room in Chelsea,500490,Host490,f,Manhattan,Chelsea,40.748881,-73.938126,Private room,309.4,30,2,2025-01-16,0.05,1,58,$250-400,False,596.0,Sometimes Available
1002291,Private room in Upper West Side,500491,Host491,f,Manhattan,Upper West Side,40.793389,-73.9535,Private room,79.68,7,40,2026-07-10,3.91,1,297,$75-150,False,56.0,Highly Available
1002292,Entire home/apt in Mott Haven,500492,Host492,t,Bronx,Mott Haven,40.811878,-73.879138,Entire home/apt,78.4,2,9,2025-05-31,0.44,1,0,$75-150,True,461.0,Rarely Available
1002293,Entire home/apt in Harlem,500493,Host493,f,Manhattan,Harlem,40.762563,-73.978307,Entire home/apt,389.74,1,49,2026-02-08,1.7,1,102,$250-400,False,208.0,Sometimes Available
1002294,Private room in Ridgewood,500494,Host494,f,Queens,Ridgewood,40.76369,-73.787977,Private room,81.2,3,28,2026-07-18,0.66,1,67,$75-150,False,48.0,Sometimes Available
1002295,Private room in Flushing,500495,Host495,f,Queens,Flushing,40.704942,-73.801687,Private room,134.88,1,25,2026-04-03,2.6,1,154,$75-150,False,154.0,Sometimes Available
1002296,Private room in Bushwick,500496,Host496,f,Brooklyn,Bushwick,40.65736,-73.954553,Private room,98.67,2,4,2025-12-20,0.23,1,122,$75-150,False,258.0,Sometimes Available
1002297,Entire home/apt in DUMBO,500497,Host497,f,Brooklyn,DUMBO,40.675039,-73.918779,Entire home/apt,93.77,2,49,2026-07-28,1.51,1,198,$75-150,False,38.0,Highly Available
1002298,Entire home/apt in Bedford-Stuyvesant,500498,Host498,f,Brooklyn,Bedford-Stuyvesant,40.702896,-73.93598,Entire home/apt,125.29,1,14,2025-10-20,2.02,1,221,$75-150,False,319.0,Highly Available
1002299,Private room in Long Island City,500499,Host499,f,Queens,Long Island City,40.718288,-73.759815,Private room,20.0,14,42,2026-07-15,1.19,1,206,$0-75,False,51.0,Highly Available
1002300,Private room in St. George,500500,Host500,f,Staten Island,St. George,40.569258,-74.201052,Private room,52.65,3,39,2025-09-08,2.0,1,291,$0-75,False,361.0,Highly Available
1002301,Private room in Park Slope,500501,Host501,f,Brooklyn,Park Slope,40.655433,-73.943888,Private room,75.98,2,7,2026-06-21,0.2,1,153,$75-150,False,75.0,Sometimes Available
1002302,Entire home/apt in Hell's Kitchen,500502,Host502,t,Manhattan,Hell's Kitchen,40.756655,-73.9462,Entire home/apt,180.45,7,20,2026-07-16,0.48,1,107,$150-250,True,50.0,Sometimes Available
1002303,Private room in Harlem,500503,Host503,f,Manhattan,Harlem,40.808386,-74.006841,Private room,260.44,1,50,2026-07-11,4.53,1,82,$250-400,False,55.0,Sometimes Available
1002304,Entire home/apt in DUMBO,500504,Host504,f,Brooklyn,DUMBO,40.679717,-73.904284,Entire home/apt,189.95,3,8,2026-06-06,0.17,1,2,$150-250,False,90.0,Rarely Available
1002305,Private room in Upper West Side,500505,Host505,f,Manhattan,Upper West Side,40.763306,-73.986542,Private room,264.94,1,8,2026-07-02,0.33,1,286,$250-400,False,64.0,Highly Available
1002306,Entire home/apt in Financial District,500506,Host506,t,Manhattan,Financial District,40.745748,-73.954304,Entire home/apt,68.93,30,16,2026-06-24,0.56,1,158,$0-75,True,72.0,Sometimes Available
1002307,Entire home/apt in East Village,500507,Host507,f,Manhattan,East Village,40.738553,-73.957243,Entire home/apt,231.21,1,7,2026-06-28,0.38,1,21,$150-250,False,68.0,Rarely Available
1002308,Entire home/apt in East Village,500508,Host508,f,Manhattan,East Village,40.803829,-73.975629,Entire home/apt,441.29,5,28,2026-05-26,0.97,2,257,$400+,False,101.0,Highly Available
1002309,Private room in Jamaica,500509,Host509,f,Queens,Jamaica,40.763995,-73.764227,Private room,36.22,1,0,,0.0,1,365,$0-75,False,,Highly Available
1002310,Entire home/apt in East Village,500510,Host510,f,Manhattan,East Village,40.778825,-73.970326,Entire home/apt,210.7,3,67,2025-12-04,5.93,1,251,$150-250,False,274.0,Highly Available
1002311,Entire home/apt in Midtown,500511,Host511,f,Manhattan,Midtown,40.77632,-74.013255,Entire home/apt,413.15,5,19,2026-04-05,0.6,2,179,$400+,False,152.0,Sometimes Available
1002312,Private room in Ridgewood,500512,Host512,t,Queens,Ridgewood,40.731284,-73.818706,Private room,85.79,3,25,2026-05-11,1.24,2,122,$75-150,True,116.0,Sometimes Available
1002313,Private room in Mott Haven,500513,Host513,f,Bronx,Mott Haven,40.835142,-73.910562,Private room,56.39,5,5,2026-07-16,0.27,2,365,$0-75,False,50.0,Highly Available
1002314,Private room in Ridgewood,500514,Host514,t,Queens,Ridgewood,40.704824,-73.791088,Private room,68.31,14,0,,0.0,1,281,$0-75,True,,Highly Available
1002315,Entire home/apt in Mott Haven,500515,Host515,f,Bronx,Mott Haven,40.81826,-73.912796,Entire home/apt,66.32,7,2,2026-02-23,0.04,5,203,$0-75,False,193.0,Highly Available
1002316,Entire home/apt in Upper West Side,500516,Host516,f,Manhattan,Upper West Side,40.76845,-73.944005,Entire home/apt,145.44,1,3,2026-07-21,0.06,1,51,$75-150,False,45.0,Sometimes Available
1002317,Entire home/apt in Riverdale,500517,Host517,t,Bronx,Riverdale,40.806065,-73.855325,Entire home/apt,50.88,1,7,2026-06-25,0.21,1,236,$0-75,True,71.0,Highly Available
1002318,Private room in Financial District,500518,Host518,t,Manhattan,Financial District,40.789764,-73.976002,Private room,234.41,1,12,2026-07-02,0.4,1,216,$150-250,True,64.0,Highly Available
1002319,Entire home/apt in Chelsea,500519,Host519,f,Manhattan,Chelsea,40.751334,-73.93494,Entire home/apt,288.25,2,5,2026-04-30,0.14,1,202,$250-400,False,127.0,Highly Available
1002320,Private room in Park Slope,500520,Host520,f,Brooklyn,Park Slope,40.663436,-73.916638,Private room,61.46,7,44,2026-03-30,1.55,1,162,$0-75,False,158.0,Sometimes Available
1002321,Entire home/apt in Jamaica,500521,Host521,f,Queens,Jamaica,40.702281,-73.768849,Entire home/apt,225.83,3,25,2026-06-04,2.78,1,139,$150-250,False,92.0,Sometimes Available
1002322,Private room in Williamsburg,500522,Host522,t,Brooklyn,Williamsburg,40.657964,-73.944791,Private room,156.09,1,30,2026-03-29,0.72,1,115,$150-250,True,159.0,Sometimes Available
1002323,Entire home/apt in Mott Haven,500523,Host523,f,Bronx,Mott Haven,40.835551,-73.921022,Entire home/apt,117.56,1,7,2026-06-17,0.97,1,107,$75-150,False,79.0,Sometimes Available
1002324,Entire home/apt in Fordham,500524,Host524,t,Bronx,Fordham,40.815162,-73.854249,Entire home/apt,135.51,1,21,2026-05-29,0.72,3,253,$75-150,True,98.0,Highly Available
1002325,Shared room in Financial District,500525,Host525,f,Manhattan,Financial District,40.796487,-73.96677,Shared room,176.82,1,12,2026-06-05,0.75,1,338,$150-250,False,91.0,Highly Available
1002326,Entire home/apt in Bushwick,500526,Host526,f,Brooklyn,Bushwick,40.686577,-73.947024,Entire home/apt,170.72,14,37,2026-03-19,0.9,1,0,$150-250,False,169.0,Rarely Available
1002327,Entire home/apt in Financial District,500527,Host527,f,Manhattan,Financial District,40.782846,-73.985926,Entire home/apt,338.12,1,106,2026-04-22,2.68,1,129,$250-400,False,135.0,Sometimes Available
1002328,Private room in Ridgewood,500528,Host528,f,Queens,Ridgewood,40.708748,-73.796938,Private room,143.42,2,18,2026-06-07,1.05,1,0,$75-150,False,89.0,Rarely Available
1002329,Private room in Long Island City,500529,Host529,f,Queens,Long Island City,40.706188,-73.793576,Private room,104.32,1,6,2026-07-14,0.14,1,256,$75-150,False,52.0,Highly Available
1002330,Entire home/apt in Financial District,500530,Host530,f,Manhattan,Financial District,40.767077,-73.960263,Entire home/apt,332.53,5,6,2025-10-24,0.44,1,276,$250-400,False,315.0,Highly Available
1002331,Private room in Crown Heights,500531,Host531,f,Brooklyn,Crown Heights,40.681226,-73.935168,Private room,20.0,1,3,2026-07-29,0.07,1,56,$0-75,False,37.0,Sometimes Available
1002332,Entire home/apt in East Village,500532,Host532,t,Manhattan,East Village,40.776152,-73.985804,Entire home/apt,296.74,3,1,2026-06-22,0.04,1,250,$250-400,True,74.0,Highly Available
1002333,Private room in Midtown,500533,Host533,f,Manhattan,Midtown,40.764321,-73.954057,Private room,166.8,2,35,2026-03-03,0.87,2,268,$150-250,False,185.0,Highly Available
1002334,Hotel room in Financial District,500534,Host534,f,Manhattan,Financial District,40.73658,-73.976166,Hotel room,349.41,1,48,2025-10-07,2.64,1,213,$250-400,False,332.0,Highly Available
1002335,Entire home/apt in Hell's Kitchen,500535,Host535,t,Manhattan,Hell's Kitchen,40.753459,-73.959113,Entire home/apt,147.67,1,13,2025-08-03,0.36,1,49,$75-150,True,397.0,Sometimes Available
1002336,Private room in Astoria,500536,Host536,f,Queens,Astoria,40.762566,-73.811827,Private room,46.67,14,61,2024-12-17,2.09,5,208,$0-75,False,626.0,Highly Available
1002337,Private room in Astoria,500537,Host537,f,Queens,Astoria,40.725055,-73.820113,Private room,55.64,30,51,2026-02-28,4.85,1,230,$0-75,False,188.0,Highly Available
1002338,Entire home/apt in Greenpoint,500538,Host538,f,Brooklyn,Greenpoint,40.690367,-73.921147,Entire home/apt,119.39,1,17,2026-06-16,0.59,1,136,$75-150,False,80.0,Sometimes Available
1002339,Private room in Crown Heights,500539,Host539,f,Brooklyn,Crown Heights,40.668695,-73.942503,Private room,140.62,3,5,2026-07-06,0.14,1,69,$75-150,False,60.0,Sometimes Available
1002340,Entire home/apt in Mott Haven,500540,Host540,f,Bronx,Mott Haven,40.863222,-73.893696,Entire home/apt,180.46,14,22,2026-07-22,1.59,2,172,$150-250,False,44.0,Sometimes Available
1002341,Entire home/apt in Mott Haven,500541,Host541,f,Bronx,Mott Haven,40.860103,-73.911124,Entire home/apt,293.29,1,29,2026-07-16,1.56,1,365,$250-400,False,50.0,Highly Available
1002342,Entire home/apt in Park Slope,500542,Host542,f,Brooklyn,Park Slope,40.684435,-73.915574,Entire home/apt,191.8,7,56,2026-06-03,3.48,2,42,$150-250,False,93.0,Sometimes Available
1002343,Shared room in Greenpoint,500543,Host543,f,Brooklyn,Greenpoint,40.674465,-73.961959,Shared room,105.6,7,4,2026-04-25,0.2,1,19,$75-150,False,132.0,Rarely Available
1002344,Private room in Fordham,500544,Host544,f,Bronx,Fordham,40.821375,-73.864268,Private room,37.29,3,7,2026-04-06,0.26,1,83,$0-75,False,151.0,Sometimes Available
1002345,Private room in Astoria,500545,Host545,f,Queens,Astoria,40.74715,-73.767783,Private room,75.08,1,16,2026-07-12,0.36,1,83,$75-150,False,54.0,Sometimes Available
1002346,Private room in Fordham,500546,Host546,t,Bronx,Fordham,40.832329,-73.893089,Private room,48.61,14,3,2026-02-26,0.07,1,73,$0-75,True,190.0,Sometimes Available
1002347,Private room in Long Island City,500547,Host547,f,Queens,Long Island City,40.726239,-73.795071,Private room,42.24,2,1,2026-02-27,0.02,5,253,$0-75,False,189.0,Highly Available
1002348,Entire home/apt in Ridgewood,500548,Host548,t,Queens,Ridgewood,40.698411,-73.795211,Entire home/apt,247.49,7,54,2026-06-23,4.52,1,161,$150-250,True,73.0,Sometimes Available
1002349,Entire home/apt in Hell's Kitchen,500549,Host549,f,Manhattan,Hell's Kitchen,40.791602,-73.993164,Entire home/apt,166.96,3,4,2026-07-14,0.1,2,129,$150-250,False,52.0,Sometimes Available
1002350,Entire home/apt in Park Slope,500550,Host550,t,Brooklyn,Park Slope,40.666259,-73.975808,Entire home/apt,83.42,1,0,,0.0,1,0,$75-150,True,,Rarely Available
1002351,Entire home/apt in Riverdale,500551,Host551,f,Bronx,Riverdale,40.829646,-73.89076,Entire home/apt,104.47,30,25,2026-04-19,1.2,1,148,$75-150,False,138.0,Sometimes Available
1002352,Private room in Long Island City,500552,Host552,f,Queens,Long Island City,40.737881,-73.777031,Private room,65.91,3,3,2026-03-19,0.16,1,263,$0-75,False,169.0,Highly Available
1002353,Private room in Bedford-Stuyvesant,500553,Host553,t,Brooklyn,Bedford-Stuyvesant,40.675813,-73.938902,Private room,80.1,2,23,2026-05-12,3.4,1,151,$75-150,True,115.0,Sometimes Available
1002354,Private room in DUMBO,500554,Host554,t,Brooklyn,DUMBO,40.639311,-73.953149,Private room,200.6,3,27,2026-03-06,1.02,1,110,$150-250,True,182.0,Sometimes Available
1002355,Private room in Greenpoint,500555,Host555,t,Brooklyn,Greenpoint,40.711441,-73.927428,Private room,214.11,3,27,2026-04-05,0.62,3,365,$150-250,True,152.0,Highly Available
1002356,Entire home/apt in St. George,500556,Host556,f,Staten Island,St. George,40.56631,-74.209135,Entire home/apt,103.53,2,17,2026-07-01,0.46,1,74,$75-150,False,65.0,Sometimes Available
1002357,Entire home/apt in Long Island City,500557,Host557,f,Queens,Long Island City,40.720024,-73.791301,Entire home/apt,67.13,1,42,2026-07-24,1.04,1,0,$0-75,False,42.0,Rarely Available
1002358,Entire home/apt in DUMBO,500558,Host558,f,Brooklyn,DUMBO,40.663246,-73.921711,Entire home/apt,220.83,7,7,2026-07-13,0.22,1,57,$150-250,False,53.0,Sometimes Available
1002359,Private room in Hell's Kitchen,500559,Host559,t,Manhattan,Hell's Kitchen,40.77494,-73.960256,Private room,227.88,2,46,2026-07-08,1.28,1,302,$150-250,True,58.0,Highly Available
1002360,Entire home/apt in Jamaica,500560,Host560,f,Queens,Jamaica,40.731197,-73.79714,Entire home/apt,76.22,2,36,2026-04-22,3.02,1,30,$75-150,False,135.0,Rarely Available
1002361,Private room in Crown Heights,500561,Host561,f,Brooklyn,Crown Heights,40.687965,-73.922419,Private room,109.15,2,16,2026-07-03,0.41,2,167,$75-150,False,63.0,Sometimes Available
1002362,Entire home/apt in Harlem,500562,Host562,f,Manhattan,Harlem,40.801787,-73.92885,Entire home/apt,264.32,7,3,2026-07-29,0.09,1,260,$250-400,False,37.0,Highly Available
1002363,Entire home/apt in Flushing,500563,Host563,t,Queens,Flushing,40.717558,-73.789621,Entire home/apt,41.52,1,8,2026-07-07,0.6,1,253,$0-75,True,59.0,Highly Available
1002364,Private room in Astoria,500564,Host564,f,Queens,Astoria,40.734249,-73.77419,Private room,70.96,5,56,2026-06-22,1.6,2,273,$0-75,False,74.0,Highly Available
1002365,Shared room in East Village,500565,Host565,t,Manhattan,East Village,40.780472,-73.96362,Shared room,63.98,30,26,2026-07-16,1.38,1,111,$0-75,True,50.0,Sometimes Available
1002366,Private room in Riverdale,500566,Host566,f,Bronx,Riverdale,40.84931,-73.863164,Private room,52.73,2,2,2026-05-27,0.19,5,16,$0-75,False,100.0,Rarely Available
1002367,Entire home/apt in Upper West Side,500567,Host567,f,Manhattan,Upper West Side,40.811546,-73.957543,Entire home/apt,528.08,5,48,2026-07-03,1.11,2,348,$400+,False,63.0,Highly Available
1002368,Entire home/apt in Bushwick,500568,Host568,f,Brooklyn,Bushwick,40.67117,-73.92121,Entire home/apt,311.15,5,15,2026-07-10,1.1,1,268,$250-400,False,56.0,Highly Available
1002369,Entire home/apt in Flushing,500569,Host569,f,Queens,Flushing,40.731221,-73.794743,Entire home/apt,125.6,7,2,2026-04-17,0.06,1,6,$75-150,False,140.0,Rarely Available
1002370,Private room in Chelsea,500570,Host570,f,Manhattan,Chelsea,40.759115,-73.984256,Private room,207.36,2,6,2026-07-31,0.43,5,145,$150-250,False,35.0,Sometimes Available
1002371,Private room in Chelsea,500571,Host571,f,Manhattan,Chelsea,40.777833,-73.960611,Private room,172.22,5,33,2026-03-18,1.27,1,214,$150-250,False,170.0,Highly Available
1002372,Private room in Fordham,500572,Host572,f,Bronx,Fordham,40.822493,-73.913651,Private room,43.16,1,24,2026-04-07,0.82,1,32,$0-75,False,150.0,Sometimes Available
1002373,Entire home/apt in Upper West Side,500573,Host573,f,Manhattan,Upper West Side,40.773689,-73.96149,Entire home/apt,114.95,1,3,2026-05-02,0.09,1,60,$75-150,False,125.0,Sometimes Available
1002374,Entire home/apt in Riverdale,500574,Host574,f,Bronx,Riverdale,40.859257,-73.908577,Entire home/apt,119.03,1,17,2026-03-21,0.49,3,74,$75-150,False,167.0,Sometimes Available
1002375,Entire home/apt in Greenpoint,500575,Host575,f,Brooklyn,Greenpoint,40.668247,-73.929585,Entire home/apt,283.65,14,13,2026-08-01,0.45,1,95,$250-400,False,34.0,Sometimes Available
1002376,Entire home/apt in Greenpoint,500576,Host576,f,Brooklyn,Greenpoint,40.707241,-73.940512,Entire home/apt,201.97,1,24,2025-12-08,2.81,1,210,$150-250,False,270.0,Highly Available
1002377,Entire home/apt in Fordham,500577,Host577,f,Bronx,Fordham,40.826325,-73.874164,Entire home/apt,164.19,1,7,2026-06-26,0.26,1,0,$150-250,False,70.0,Rarely Available
1002378,Entire home/apt in Upper West Side,500578,Host578,f,Manhattan,Upper West Side,40.777105,-73.985052,Entire home/apt,116.31,2,10,2026-07-14,0.27,1,65,$75-150,False,52.0,Sometimes Available
1002379,Private room in Upper West Side,500579,Host579,f,Manhattan,Upper West Side,40.773825,-73.958207,Private room,305.25,1,35,2026-06-09,0.84,1,188,$250-400,False,87.0,Highly Available
1002380,Entire home/apt in Riverdale,500580,Host580,f,Bronx,Riverdale,40.8521,-73.875247,Entire home/apt,50.52,7,5,2025-06-30,0.45,1,28,$0-75,False,431.0,Rarely Available
1002381,Entire home/apt in Financial District,500581,Host581,t,Manhattan,Financial District,40.72468,-73.945675,Entire home/apt,212.76,2,22,2026-02-19,0.7,1,17,$150-250,True,197.0,Rarely Available
1002382,Private room in Midtown,500582,Host582,f,Manhattan,Midtown,40.77634,-74.001643,Private room,67.24,2,41,2026-03-09,1.17,1,160,$0-75,False,179.0,Sometimes Available
1002383,Private room in Mott Haven,500583,Host583,f,Bronx,Mott Haven,40.847658,-73.880504,Private room,57.25,14,106,2026-07-17,5.28,1,129,$0-75,False,49.0,Sometimes Available
1002384,Private room in Hell's Kitchen,500584,Host584,f,Manhattan,Hell's Kitchen,40.800406,-73.979446,Private room,280.38,1,38,2025-11-26,1.38,1,0,$250-400,False,282.0,Rarely Available
1002385,Private room in Midtown,500585,Host585,f,Manhattan,Midtown,40.778595,-73.96691,Private room,256.89,5,13,2026-06-25,1.41,2,169,$250-400,False,71.0,Sometimes Available
1002386,Hotel room in Hell's Kitchen,500586,Host586,t,Manhattan,Hell's Kitchen,40.755187,-73.969643,Hotel room,520.86,7,12,2026-05-06,0.27,1,43,$400+,True,121.0,Sometimes Available
1002387,Entire home/apt in East Village,500587,Host587,f,Manhattan,East Village,40.774702,-73.972466,Entire home/apt,553.4843000000001,1,22,2025-10-15,3.59,1,31,$400+,False,324.0,Sometimes Available
1002388,Private room in Flushing,500588,Host588,f,Queens,Flushing,40.750873,-73.801734,Private room,72.8,1,15,2026-02-24,0.69,1,0,$0-75,False,192.0,Rarely Available
1002389,Private room in Greenpoint,500589,Host589,t,Brooklyn,Greenpoint,40.674266,-73.917475,Private room,96.36,2,17,2026-04-10,0.45,1,365,$75-150,True,147.0,Highly Available
1002390,Entire home/apt in Bedford-Stuyvesant,500590,Host590,f,Brooklyn,Bedford-Stuyvesant,40.703632,-73.951692,Entire home/apt,111.22,3,52,2026-07-06,1.37,1,0,$75-150,False,60.0,Rarely Available
1002391,Entire home/apt in Crown Heights,500591,Host591,t,Brooklyn,Crown Heights,40.678721,-73.943978,Entire home/apt,104.48,5,90,2026-07-17,6.26,2,23,$75-150,True,49.0,Rarely Available
1002392,Entire home/apt in Fordham,500592,Host592,f,Bronx,Fordham,40.825254,-73.888897,Entire home/apt,56.1,3,12,2025-12-06,0.91,3,67,$0-75,False,272.0,Sometimes Available
1002393,Entire home/apt in East Village,500593,Host593,t,Manhattan,East Village,40.788923,-73.976246,Entire home/apt,350.14,5,73,2026-04-18,2.34,1,238,$250-400,True,139.0,Highly Available
1002394,Private room in Greenpoint,500594,Host594,f,Brooklyn,Greenpoint,40.671327,-73.906681,Private room,31.74,7,25,2026-03-07,4.13,1,137,$0-75,False,181.0,Sometimes Available
1002395,Entire home/apt in Tottenville,500595,Host595,f,Staten Island,Tottenville,40.585448,-74.151134,Entire home/apt,128.57,3,28,2026-04-27,0.87,1,61,$75-150,False,130.0,Sometimes Available
1002396,Private room in Hell's Kitchen,500596,Host596,t,Manhattan,Hell's Kitchen,40.803605,-73.954266,Private room,81.27,1,10,2026-01-14,1.45,1,221,$75-150,True,233.0,Highly Available
1002397,Private room in Park Slope,500597,Host597,f,Brooklyn,Park Slope,40.710712,-73.953251,Private room,155.38,2,49,2026-05-31,1.4,1,18,$150-250,False,96.0,Rarely Available
1002398,Entire home/apt in Crown Heights,500598,Host598,t,Brooklyn,Crown Heights,40.676481,-73.92939,Entire home/apt,144.1,3,9,2026-07-10,0.21,1,86,$75-150,True,56.0,Sometimes Available
1002399,Private room in Bedford-Stuyvesant,500599,Host599,f,Brooklyn,Bedford-Stuyvesant,40.683769,-73.947094,Private room,56.11,2,1,2026-06-24,0.03,5,312,$0-75,False,72.0,Highly Available
1002400,Private room in Chelsea,500600,Host600,f,Manhattan,Chelsea,40.818498,-73.969172,Private room,68.58,2,110,2026-05-14,7.73,1,189,$0-75,False,113.0,Highly Available
1002401,Entire home/apt in Flushing,500601,Host601,f,Queens,Flushing,40.712008,-73.763398,Entire home/apt,59.2,14,58,2026-07-21,1.84,1,0,$0-75,False,45.0,Rarely Available
1002402,Private room in Flushing,500602,Host602,f,Queens,Flushing,40.72127,-73.79939,Private room,32.98,1,136,2026-06-20,6.45,1,0,$0-75,False,76.0,Rarely Available
1002403,Private room in DUMBO,500603,Host603,f,Brooklyn,DUMBO,40.680252,-73.959561,Private room,93.09,30,1,2026-01-04,0.05,5,37,$75-150,False,243.0,Sometimes Available
1002404,Entire home/apt in DUMBO,500604,Host604,f,Brooklyn,DUMBO,40.657665,-73.974505,Entire home/apt,106.88,3,15,2026-06-29,0.41,3,104,$75-150,False,67.0,Sometimes Available
1002405,Shared room in Financial District,500605,Host605,f,Manhattan,Financial District,40.795252,-73.985404,Shared room,77.59,1,11,2026-04-19,0.74,1,247,$75-150,False,138.0,Highly Available
1002406,Entire home/apt in Flushing,500606,Host606,f,Queens,Flushing,40.713612,-73.790104,Entire home/apt,148.18,3,12,2026-02-23,0.37,1,215,$75-150,False,193.0,Highly Available
1002407,Private room in Financial District,500607,Host607,f,Manhattan,Financial District,40.766738,-73.967714,Private room,160.58,1,4,2026-06-19,0.08,1,34,$150-250,False,77.0,Sometimes Available
1002408,Entire home/apt in Ridgewood,500608,Host608,t,Queens,Ridgewood,40.722272,-73.8127,Entire home/apt,121.38,7,18,2025-12-02,1.05,1,332,$75-150,True,276.0,Highly Available
1002409,Entire home/apt in DUMBO,500609,Host609,f,Brooklyn,DUMBO,40.680307,-73.922405,Entire home/apt,92.22,30,11,2026-03-05,0.33,1,82,$75-150,False,183.0,Sometimes Available
1002410,Private room in East Village,500610,Host610,f,Manhattan,East Village,40.784096,-73.960316,Private room,358.79,1,40,2026-07-21,1.11,1,214,$250-400,False,45.0,Highly Available
1002411,Entire home/apt in Park Slope,500611,Host611,t,Brooklyn,Park Slope,40.653403,-73.954183,Entire home/apt,185.8,1,33,2026-03-28,5.24,3,153,$150-250,True,160.0,Sometimes Available
1002412,Private room in Riverdale,500612,Host612,t,Bronx,Riverdale,40.861947,-73.874423,Private room,62.69,1,58,2026-07-08,1.58,2,0,$0-75,True,58.0,Rarely Available
1002413,Entire home/apt in Midtown,500613,Host613,t,Manhattan,Midtown,40.752058,-73.990023,Entire home/apt,425.82,2,24,2026-06-30,0.54,1,188,$400+,True,66.0,Highly Available
1002414,Private room in Bedford-Stuyvesant,500614,Host614,f,Brooklyn,Bedford-Stuyvesant,40.67289,-73.981443,Private room,29.01,1,13,2026-08-01,0.53,1,223,$0-75,False,34.0,Highly Available
1002415,Private room in Upper West Side,500615,Host615,t,Manhattan,Upper West Side,40.77225,-73.927865,Private room,285.63,7,61,2026-07-17,3.89,1,341,$250-400,True,49.0,Highly Available
1002416,Entire home/apt in Astoria,500616,Host616,f,Queens,Astoria,40.694643,-73.821711,Entire home/apt,94.01,2,17,2026-05-14,0.44,1,57,$75-150,False,113.0,Sometimes Available
1002417,Private room in Riverdale,500617,Host617,f,Bronx,Riverdale,40.839799,-73.874853,Private room,20.0,3,1,2026-06-24,0.02,1,202,$0-75,False,72.0,Highly Available
1002418,Private room in Ridgewood,500618,Host618,f,Queens,Ridgewood,40.750815,-73.800574,Private room,29.61,1,4,2026-06-06,0.21,3,81,$0-75,False,90.0,Sometimes Available
1002419,Private room in Midtown,500619,Host619,f,Manhattan,Midtown,40.801718,-73.935411,Private room,108.86,14,29,2026-07-21,0.95,1,106,$75-150,False,45.0,Sometimes Available
1002420,Entire home/apt in Bushwick,500620,Host620,f,Brooklyn,Bushwick,40.698078,-73.971364,Entire home/apt,292.57,2,26,2026-04-06,1.4,1,178,$250-400,False,151.0,Sometimes Available
1002421,Private room in Mott Haven,500621,Host621,f,Bronx,Mott Haven,40.817504,-73.892372,Private room,58.25,5,31,2025-10-24,3.32,3,93,$0-75,False,315.0,Sometimes Available
1002422,Entire home/apt in Ridgewood,500622,Host622,f,Queens,Ridgewood,40.760073,-73.796095,Entire home/apt,138.49,1,0,,0.0,1,64,$75-150,False,,Sometimes Available
1002423,Entire home/apt in Greenpoint,500623,Host623,f,Brooklyn,Greenpoint,40.670805,-73.938444,Entire home/apt,130.57,30,10,2026-03-10,1.2,1,10,$75-150,False,178.0,Rarely Available
1002424,Entire home/apt in Harlem,500624,Host624,f,Manhattan,Harlem,40.787199,-73.967603,Entire home/apt,184.53,14,3,2026-02-16,0.08,1,309,$150-250,False,200.0,Highly Available
1002425,Entire home/apt in Chelsea,500625,Host625,f,Manhattan,Chelsea,40.789016,-73.972295,Entire home/apt,214.33,3,5,2026-07-15,0.14,2,147,$150-250,False,51.0,Sometimes Available
1002426,Entire home/apt in Astoria,500626,Host626,t,Queens,Astoria,40.753613,-73.777894,Entire home/apt,123.57,2,2,2025-11-06,0.16,1,236,$75-150,True,302.0,Highly Available
1002427,Private room in Park Slope,500627,Host627,f,Brooklyn,Park Slope,40.727087,-73.965676,Private room,26.41,30,24,2026-08-01,0.64,1,365,$0-75,False,34.0,Highly Available
1002428,Private room in Riverdale,500628,Host628,f,Bronx,Riverdale,40.835161,-73.912263,Private room,31.54,7,13,2026-07-15,0.29,1,231,$0-75,False,51.0,Highly Available
1002429,Entire home/apt in Crown Heights,500629,Host629,f,Brooklyn,Crown Heights,40.658374,-73.946706,Entire home/apt,166.57,2,30,2026-06-08,1.03,1,107,$150-250,False,88.0,Sometimes Available
1002430,Entire home/apt in Long Island City,500630,Host630,f,Queens,Long Island City,40.722465,-73.818432,Entire home/apt,150.32,1,1,2025-10-31,0.08,10,212,$150-250,False,308.0,Highly Available
1002431,Private room in Tottenville,500631,Host631,f,Staten Island,Tottenville,40.576556,-74.147101,Private room,39.53,1,36,2026-07-01,3.04,5,365,$0-75,False,65.0,Highly Available
1002432,Entire home/apt in Astoria,500632,Host632,f,Queens,Astoria,40.728381,-73.770285,Entire home/apt,158.57,1,8,2026-02-09,0.39,1,34,$150-250,False,207.0,Sometimes Available
1002433,Private room in Bedford-Stuyvesant,500633,Host633,f,Brooklyn,Bedford-Stuyvesant,40.653879,-73.942901,Private room,89.72,14,9,2025-03-25,0.23,10,227,$75-150,False,528.0,Highly Available
1002434,Entire home/apt in Hell's Kitchen,500634,Host634,t,Manhattan,Hell's Kitchen,40.767516,-73.966947,Entire home/apt,519.91,7,2,2025-11-12,0.14,10,210,$400+,True,296.0,Highly Available
1002435,Private room in Bushwick,500635,Host635,t,Brooklyn,Bushwick,40.698251,-73.952984,Private room,213.33,1,7,2026-07-24,0.15,2,156,$150-250,True,42.0,Sometimes Available
1002436,Entire home/apt in Chelsea,500636,Host636,f,Manhattan,Chelsea,40.74805,-74.010972,Entire home/apt,419.29,2,42,2026-01-26,1.45,3,343,$400+,False,221.0,Highly Available
1002437,Entire home/apt in Flushing,500637,Host637,t,Queens,Flushing,40.73048,-73.747341,Entire home/apt,75.98,1,1,2026-01-12,0.09,1,365,$75-150,True,235.0,Highly Available
1002438,Entire home/apt in Ridgewood,500638,Host638,f,Queens,Ridgewood,40.723955,-73.785391,Entire home/apt,97.26,1,36,2026-05-22,1.54,1,68,$75-150,False,105.0,Sometimes Available
1002439,Private room in Bushwick,500639,Host639,f,Brooklyn,Bushwick,40.664438,-73.912082,Private room,71.59,5,8,2026-06-28,0.98,1,171,$0-75,False,68.0,Sometimes Available
1002440,Shared room in Financial District,500640,Host640,f,Manhattan,Financial District,40.773966,-74.008659,Shared room,118.88,1,1,2025-07-26,0.04,1,183,$75-150,False,405.0,Highly Available
1002441,Entire home/apt in Park Slope,500641,Host641,t,Brooklyn,Park Slope,40.689799,-73.98093,Entire home/apt,203.21,2,18,2026-03-27,0.72,3,247,$150-250,True,161.0,Highly Available
1002442,Entire home/apt in Crown Heights,500642,Host642,f,Brooklyn,Crown Heights,40.667182,-73.9591,Entire home/apt,189.32,1,29,2026-06-19,0.85,5,356,$150-250,False,77.0,Highly Available
1002443,Entire home/apt in Bushwick,500643,Host643,f,Brooklyn,Bushwick,40.658514,-73.964856,Entire home/apt,179.35,1,9,2026-05-26,0.95,1,105,$150-250,False,101.0,Sometimes Available
1002444,Entire home/apt in DUMBO,500644,Host644,f,Brooklyn,DUMBO,40.669686,-73.936603,Entire home/apt,174.53,7,16,2026-06-27,1.01,1,126,$150-250,False,69.0,Sometimes Available
1002445,Entire home/apt in East Village,500645,Host645,f,Manhattan,East Village,40.761139,-74.003502,Entire home/apt,419.18,3,27,2026-07-24,1.55,1,228,$400+,False,42.0,Highly Available
1002446,Entire home/apt in Bushwick,500646,Host646,t,Brooklyn,Bushwick,40.652698,-73.950343,Entire home/apt,199.32,7,35,2026-01-22,2.44,3,111,$150-250,True,225.0,Sometimes Available
1002447,Entire home/apt in Fordham,500647,Host647,t,Bronx,Fordham,40.815285,-73.896547,Entire home/apt,184.13,2,21,2026-06-20,0.55,1,94,$150-250,True,76.0,Sometimes Available
1002448,Private room in Harlem,500648,Host648,t,Manhattan,Harlem,40.772801,-73.970287,Private room,205.48,1,12,2026-07-09,0.31,1,13,$150-250,True,57.0,Rarely Available
1002449,Private room in Flushing,500649,Host649,f,Queens,Flushing,40.696315,-73.808579,Private room,60.4,7,36,2026-05-01,0.76,1,144,$0-75,False,126.0,Sometimes Available
1002450,Entire home/apt in Hell's Kitchen,500650,Host650,f,Manhattan,Hell's Kitchen,40.767587,-73.954278,Entire home/apt,356.27,1,34,2026-07-07,1.94,10,246,$250-400,False,59.0,Highly Available
1002451,Private room in Chelsea,500651,Host651,f,Manhattan,Chelsea,40.797696,-73.981574,Private room,113.02,7,10,2026-01-12,0.61,1,25,$75-150,False,235.0,Rarely Available
1002452,Entire home/apt in Williamsburg,500652,Host652,t,Brooklyn,Williamsburg,40.695989,-73.955935,Entire home/apt,69.46,1,62,2026-07-21,1.56,1,162,$0-75,True,45.0,Sometimes Available
1002453,Private room in DUMBO,500653,Host653,f,Brooklyn,DUMBO,40.704526,-73.964141,Private room,73.05,5,31,2026-05-25,1.08,1,262,$0-75,False,102.0,Highly Available
1002454,Entire home/apt in Chelsea,500654,Host654,f,Manhattan,Chelsea,40.780448,-73.940685,Entire home/apt,219.07,5,20,2024-11-08,0.82,1,0,$150-250,False,665.0,Rarely Available
1002455,Private room in Long Island City,500655,Host655,f,Queens,Long Island City,40.677843,-73.799431,Private room,95.13,1,1,2026-07-16,0.02,1,154,$75-150,False,50.0,Sometimes Available
1002456,Entire home/apt in Upper West Side,500656,Host656,f,Manhattan,Upper West Side,40.759888,-73.957541,Entire home/apt,208.74,2,78,2026-07-22,3.4,1,365,$150-250,False,44.0,Highly Available
1002457,Shared room in Bushwick,500657,Host657,t,Brooklyn,Bushwick,40.68086,-73.942758,Shared room,84.65,7,124,2026-07-06,3.8,1,365,$75-150,True,60.0,Highly Available
1002458,Entire home/apt in DUMBO,500658,Host658,t,Brooklyn,DUMBO,40.640995,-73.923291,Entire home/apt,262.71,1,66,2026-02-19,3.32,3,334,$250-400,True,197.0,Highly Available
1002459,Entire home/apt in Chelsea,500659,Host659,f,Manhattan,Chelsea,40.759068,-73.946432,Entire home/apt,252.75,1,8,2026-05-26,0.44,1,95,$250-400,False,101.0,Sometimes Available
1002460,Shared room in Greenpoint,500660,Host660,f,Brooklyn,Greenpoint,40.687986,-73.933075,Shared room,38.42,1,37,2026-07-14,1.14,1,206,$0-75,False,52.0,Highly Available
1002461,Private room in St. George,500661,Host661,f,Staten Island,St. George,40.58206,-74.162444,Private room,72.08,1,29,2025-12-09,1.2,1,0,$0-75,False,269.0,Rarely Available
1002462,Private room in Bushwick,500662,Host662,f,Brooklyn,Bushwick,40.651971,-73.954761,Private room,68.22,3,14,2026-06-03,0.6,1,44,$0-75,False,93.0,Sometimes Available
1002463,Entire home/apt in Harlem,500663,Host663,f,Manhattan,Harlem,40.767383,-73.958632,Entire home/apt,251.08,1,0,,0.0,1,149,$250-400,False,,Sometimes Available
1002464,Entire home/apt in Upper West Side,500664,Host664,f,Manhattan,Upper West Side,40.760855,-73.983316,Entire home/apt,428.02,1,1,2025-05-08,0.03,1,0,$400+,False,484.0,Rarely Available
1002465,Entire home/apt in Bedford-Stuyvesant,500665,Host665,f,Brooklyn,Bedford-Stuyvesant,40.659907,-73.924941,Entire home/apt,297.84,1,1,2025-12-31,0.03,1,195,$250-400,False,247.0,Highly Available
1002466,Private room in Flushing,500666,Host666,t,Queens,Flushing,40.72303,-73.826709,Private room,44.42,1,1,2026-05-07,0.05,1,155,$0-75,True,120.0,Sometimes Available
1002467,Entire home/apt in Greenpoint,500667,Host667,f,Brooklyn,Greenpoint,40.67705,-73.940605,Entire home/apt,193.59,3,11,2026-03-04,0.91,1,39,$150-250,False,184.0,Sometimes Available
1002468,Entire home/apt in Mott Haven,500668,Host668,f,Bronx,Mott Haven,40.850387,-73.896787,Entire home/apt,141.72,1,45,2026-04-16,1.01,1,182,$75-150,False,141.0,Highly Available
1002469,Entire home/apt in Williamsburg,500669,Host669,f,Brooklyn,Williamsburg,40.642459,-73.927389,Entire home/apt,129.6,2,5,2026-01-12,0.12,1,236,$75-150,False,235.0,Highly Available
1002470,Entire home/apt in Ridgewood,500670,Host670,f,Queens,Ridgewood,40.75329,-73.806217,Entire home/apt,203.25,7,47,2026-03-28,1.91,1,96,$150-250,False,160.0,Sometimes Available
1002471,Entire home/apt in Riverdale,500671,Host671,f,Bronx,Riverdale,40.857345,-73.885097,Entire home/apt,193.84,7,36,2026-04-06,1.36,1,195,$150-250,False,151.0,Highly Available
1002472,Private room in Crown Heights,500672,Host672,f,Brooklyn,Crown Heights,40.643962,-73.942149,Private room,97.12,14,6,2026-06-23,0.17,1,164,$75-150,False,73.0,Sometimes Available
1002473,Entire home/apt in Upper West Side,500673,Host673,f,Manhattan,Upper West Side,40.805479,-73.992578,Entire home/apt,74.14,2,46,2025-06-12,1.6,1,120,$0-75,False,449.0,Sometimes Available
1002474,Private room in Bushwick,500674,Host674,f,Brooklyn,Bushwick,40.714638,-73.915445,Private room,99.33,2,8,2026-07-12,0.26,1,37,$75-150,False,54.0,Sometimes Available
1002475,Entire home/apt in Bedford-Stuyvesant,500675,Host675,f,Brooklyn,Bedford-Stuyvesant,40.68177,-73.918901,Entire home/apt,156.78,1,4,2026-04-07,0.12,1,0,$150-250,False,150.0,Rarely Available
1002476,Private room in Financial District,500676,Host676,f,Manhattan,Financial District,40.778972,-73.910724,Private room,137.05,2,32,2026-05-23,1.68,1,164,$75-150,False,104.0,Sometimes Available
1002477,Entire home/apt in Flushing,500677,Host677,f,Queens,Flushing,40.710335,-73.803059,Entire home/apt,99.85,3,20,2026-04-01,2.23,1,315,$75-150,False,156.0,Highly Available
1002478,Entire home/apt in St. George,500678,Host678,f,Staten Island,St. George,40.617438,-74.16757,Entire home/apt,70.91,1,54,2026-05-27,8.84,1,259,$0-75,False,100.0,Highly Available
1002479,Private room in Financial District,500679,Host679,f,Manhattan,Financial District,40.745179,-73.969154,Private room,67.8,1,40,2026-05-10,2.83,1,126,$0-75,False,117.0,Sometimes Available
1002480,Entire home/apt in Crown Heights,500680,Host680,t,Brooklyn,Crown Heights,40.666288,-73.951192,Entire home/apt,209.62,1,36,2026-05-10,2.71,1,164,$150-250,True,117.0,Sometimes Available
1002481,Entire home/apt in Bushwick,500681,Host681,f,Brooklyn,Bushwick,40.688828,-73.922786,Entire home/apt,75.7,7,20,2026-03-12,0.54,1,215,$75-150,False,176.0,Highly Available
1002482,Entire home/apt in St. George,500682,Host682,f,Staten Island,St. George,40.54755,-74.168037,Entire home/apt,93.8,1,69,2026-07-05,1.51,1,271,$75-150,False,61.0,Highly Available
1002483,Shared room in DUMBO,500683,Host683,f,Brooklyn,DUMBO,40.671633,-73.923869,Shared room,69.3,1,17,2026-07-12,1.89,1,112,$0-75,False,54.0,Sometimes Available
1002484,Private room in Tottenville,500684,Host684,f,Staten Island,Tottenville,40.577036,-74.161401,Private room,20.0,1,28,2026-06-10,3.84,3,131,$0-75,False,86.0,Sometimes Available
1002485,Shared room in Riverdale,500685,Host685,f,Bronx,Riverdale,40.839995,-73.866291,Shared room,32.83,2,3,2026-03-30,0.11,1,40,$0-75,False,158.0,Sometimes Available
1002486,Private room in Long Island City,500686,Host686,t,Queens,Long Island City,40.697131,-73.776172,Private room,45.2,3,77,2025-11-26,1.8,1,243,$0-75,True,282.0,Highly Available
1002487,Shared room in Bedford-Stuyvesant,500687,Host687,f,Brooklyn,Bedford-Stuyvesant,40.699472,-73.954558,Shared room,67.29,1,16,2023-07-24,0.35,1,109,$0-75,False,1138.0,Sometimes Available
1002488,Private room in Jamaica,500688,Host688,t,Queens,Jamaica,40.758991,-73.757142,Private room,51.41,14,15,2026-03-22,0.64,1,115,$0-75,True,166.0,Sometimes Available
1002489,Entire home/apt in Financial District,500689,Host689,f,Manhattan,Financial District,40.734949,-73.966749,Entire home/apt,200.52,2,38,2026-04-06,1.88,1,174,$150-250,False,151.0,Sometimes Available
1002490,Entire home/apt in Jamaica,500690,Host690,t,Queens,Jamaica,40.709546,-73.770112,Entire home/apt,238.94,5,26,2026-07-05,1.0,1,17,$150-250,True,61.0,Rarely Available
1002491,Entire home/apt in Williamsburg,500691,Host691,t,Brooklyn,Williamsburg,40.628788,-73.951675,Entire home/apt,324.9,1,43,2025-01-26,1.06,1,144,$250-400,True,586.0,Sometimes Available
1002492,Entire home/apt in Hell's Kitchen,500692,Host692,f,Manhattan,Hell's Kitchen,40.75087,-73.952524,Entire home/apt,164.16,2,34,2026-04-15,1.14,3,99,$150-250,False,142.0,Sometimes Available
1002493,Entire home/apt in DUMBO,500693,Host693,f,Brooklyn,DUMBO,40.665869,-73.932632,Entire home/apt,205.4,1,24,2026-05-21,0.65,1,19,$150-250,False,106.0,Rarely Available
1002494,Private room in Midtown,500694,Host694,f,Manhattan,Midtown,40.770639,-73.980115,Private room,87.83,7,0,,0.0,1,164,$75-150,False,,Sometimes Available
1002495,Private room in Chelsea,500695,Host695,t,Manhattan,Chelsea,40.750002,-73.965369,Private room,110.79,2,4,2026-07-16,0.12,2,111,$75-150,True,50.0,Sometimes Available
1002496,Private room in Midtown,500696,Host696,f,Manhattan,Midtown,40.76589,-73.941428,Private room,57.17,3,9,2026-07-02,0.35,1,80,$0-75,False,64.0,Sometimes Available
1002497,Entire home/apt in Chelsea,500697,Host697,f,Manhattan,Chelsea,40.777998,-74.003971,Entire home/apt,307.32,2,1,2026-07-14,0.02,1,79,$250-400,False,52.0,Sometimes Available
1002498,Entire home/apt in Astoria,500698,Host698,f,Queens,Astoria,40.764073,-73.803778,Entire home/apt,93.91,30,26,2026-02-16,1.24,3,28,$75-150,False,200.0,Rarely Available
1002499,Shared room in East Village,500699,Host699,f,Manhattan,East Village,40.78578,-73.962308,Shared room,84.65,1,22,2026-04-12,2.01,10,102,$75-150,False,145.0,Sometimes Available
1002500,Private room in Crown Heights,500700,Host700,t,Brooklyn,Crown Heights,40.685691,-73.948574,Private room,242.24,3,6,2026-07-08,0.21,1,0,$150-250,True,58.0,Rarely Available
1002501,Entire home/apt in Chelsea,500701,Host701,f,Manhattan,Chelsea,40.795817,-73.957288,Entire home/apt,216.19,1,4,2026-04-18,0.1,1,0,$150-250,False,139.0,Rarely Available
1002502,Private room in Bedford-Stuyvesant,500702,Host702,f,Brooklyn,Bedford-Stuyvesant,40.70996,-73.947609,Private room,70.85,5,1,2026-03-18,0.03,1,131,$0-75,False,170.0,Sometimes Available
1002503,Private room in Williamsburg,500703,Host703,f,Brooklyn,Williamsburg,40.678001,-73.93111,Private room,149.65,7,29,2026-03-28,3.44,1,179,$75-150,False,160.0,Sometimes Available
1002504,Private room in DUMBO,500704,Host704,t,Brooklyn,DUMBO,40.69007,-73.974273,Private room,56.05,2,10,2025-12-12,0.63,1,133,$0-75,True,266.0,Sometimes Available
1002505,Private room in Bedford-Stuyvesant,500705,Host705,t,Brooklyn,Bedford-Stuyvesant,40.700689,-73.930767,Private room,73.65,5,18,2026-07-31,0.44,5,165,$0-75,True,35.0,Sometimes Available
1002506,Private room in Jamaica,500706,Host706,f,Queens,Jamaica,40.722626,-73.835179,Private room,66.49,2,34,2025-04-30,1.15,1,275,$0-75,False,492.0,Highly Available
1002507,Private room in Financial District,500707,Host707,f,Manhattan,Financial District,40.758339,-73.975931,Private room,173.34,1,12,2025-10-01,0.42,1,167,$150-250,False,338.0,Sometimes Available
1002508,Entire home/apt in Harlem,500708,Host708,t,Manhattan,Harlem,40.726726,-73.992645,Entire home/apt,553.4843000000001,3,1,2026-02-09,0.04,3,231,$400+,True,207.0,Highly Available
1002509,Shared room in Flushing,500709,Host709,f,Queens,Flushing,40.692113,-73.81202,Shared room,54.59,30,4,2026-06-19,0.16,1,81,$0-75,False,77.0,Sometimes Available
1002510,Private room in Flushing,500710,Host710,f,Queens,Flushing,40.711858,-73.794624,Private room,85.58,3,31,2026-05-26,0.68,1,247,$75-150,False,101.0,Highly Available
1002511,Entire home/apt in Midtown,500711,Host711,f,Manhattan,Midtown,40.793251,-73.975984,Entire home/apt,367.02,2,106,2026-04-18,2.45,1,23,$250-400,False,139.0,Rarely Available
1002512,Private room in Chelsea,500712,Host712,f,Manhattan,Chelsea,40.765386,-73.955486,Private room,275.92,1,29,2026-04-27,0.97,1,338,$250-400,False,130.0,Highly Available
1002513,Private room in Fordham,500713,Host713,f,Bronx,Fordham,40.837033,-73.882507,Private room,27.49,5,0,,0.0,1,96,$0-75,False,,Sometimes Available
1002514,Entire home/apt in East Village,500714,Host714,f,Manhattan,East Village,40.761549,-73.927056,Entire home/apt,103.09,1,17,2026-03-12,1.23,2,293,$75-150,False,176.0,Highly Available
1002515,Private room in Tottenville,500715,Host715,t,Staten Island,Tottenville,40.558986,-74.181912,Private room,138.89,14,35,2026-03-20,2.0,1,356,$75-150,True,168.0,Highly Available
1002516,Private room in Hell's Kitchen,500716,Host716,t,Manhattan,Hell's Kitchen,40.800505,-73.976976,Private room,120.85,5,5,2026-07-27,0.25,1,238,$75-150,True,39.0,Highly Available
1002517,Entire home/apt in Crown Heights,500717,Host717,f,Brooklyn,Crown Heights,40.677063,-73.938977,Entire home/apt,140.84,1,21,2026-06-22,0.57,10,146,$75-150,False,74.0,Sometimes Available
1002518,Private room in Bedford-Stuyvesant,500718,Host718,f,Brooklyn,Bedford-Stuyvesant,40.67368,-73.936438,Private room,71.8,3,131,2026-04-15,18.19,1,256,$0-75,False,142.0,Highly Available
1002519,Entire home/apt in Harlem,500719,Host719,t,Manhattan,Harlem,40.792922,-73.988837,Entire home/apt,112.78,7,7,2026-06-17,0.79,3,125,$75-150,True,79.0,Sometimes Available
1002520,Private room in Financial District,500720,Host720,t,Manhattan,Financial District,40.795796,-73.959637,Private room,201.76,1,98,2026-06-24,2.78,3,25,$150-250,True,72.0,Rarely Available
1002521,Entire home/apt in Jamaica,500721,Host721,t,Queens,Jamaica,40.720345,-73.799279,Entire home/apt,80.54,1,56,2026-01-10,6.33,5,123,$75-150,True,237.0,Sometimes Available
1002522,Private room in Upper West Side,500722,Host722,f,Manhattan,Upper West Side,40.769862,-74.011747,Private room,213.3,3,10,2026-07-22,0.52,5,295,$150-250,False,44.0,Highly Available
1002523,Entire home/apt in Mott Haven,500723,Host723,f,Bronx,Mott Haven,40.828358,-73.879731,Entire home/apt,143.81,3,8,2026-07-28,0.18,1,130,$75-150,False,38.0,Sometimes Available
1002524,Private room in Upper West Side,500724,Host724,t,Manhattan,Upper West Side,40.738245,-73.962535,Private room,205.68,1,20,2026-07-05,2.12,1,0,$150-250,True,61.0,Rarely Available
1002525,Private room in East Village,500725,Host725,f,Manhattan,East Village,40.761209,-73.961845,Private room,66.04,1,26,2026-07-02,0.58,1,133,$0-75,False,64.0,Sometimes Available
1002526,Entire home/apt in Tottenville,500726,Host726,f,Staten Island,Tottenville,40.572319,-74.203563,Entire home/apt,84.06,1,4,2026-02-19,0.24,1,109,$75-150,False,197.0,Sometimes Available
1002527,Hotel room in Upper West Side,500727,Host727,t,Manhattan,Upper West Side,40.823693,-73.973597,Hotel room,118.02,1,5,2026-05-24,0.18,1,81,$75-150,True,103.0,Sometimes Available
1002528,Entire home/apt in Upper West Side,500728,Host728,t,Manhattan,Upper West Side,40.756835,-73.957269,Entire home/apt,200.31,2,62,2026-05-10,1.4,1,242,$150-250,True,117.0,Highly Available
1002529,Entire home/apt in Riverdale,500729,Host729,f,Bronx,Riverdale,40.818328,-73.884254,Entire home/apt,71.72,5,52,2026-05-18,1.41,1,140,$0-75,False,109.0,Sometimes Available
1002530,Private room in Bushwick,500730,Host730,f,Brooklyn,Bushwick,40.679822,-73.971563,Private room,38.13,5,22,2025-05-27,1.33,1,158,$0-75,False,465.0,Sometimes Available
1002531,Private room in Greenpoint,500731,Host731,f,Brooklyn,Greenpoint,40.668592,-73.943815,Private room,146.72,5,4,2026-04-23,0.1,1,319,$75-150,False,134.0,Highly Available
1002532,Entire home/apt in East Village,500732,Host732,f,Manhattan,East Village,40.774321,-73.966475,Entire home/apt,231.09,3,13,2025-11-11,0.28,1,365,$150-250,False,297.0,Highly Available
1002533,Private room in Fordham,500733,Host733,f,Bronx,Fordham,40.806591,-73.901993,Private room,113.71,7,155,2026-03-03,4.33,1,183,$75-150,False,185.0,Highly Available
1002534,Private room in East Village,500734,Host734,t,Manhattan,East Village,40.773154,-73.962704,Private room,110.47,30,24,2026-06-27,2.25,1,160,$75-150,True,69.0,Sometimes Available
1002535,Private room in Greenpoint,500735,Host735,f,Brooklyn,Greenpoint,40.640267,-73.955674,Private room,198.61,1,13,2026-05-08,0.47,1,253,$150-250,False,119.0,Highly Available
1002536,Private room in Fordham,500736,Host736,f,Bronx,Fordham,40.891729,-73.897524,Private room,120.37,2,69,2026-04-08,3.81,1,218,$75-150,False,149.0,Highly Available
1002537,Entire home/apt in Ridgewood,500737,Host737,f,Queens,Ridgewood,40.69981,-73.795575,Entire home/apt,59.06,1,5,2026-04-17,0.15,1,166,$0-75,False,140.0,Sometimes Available
1002538,Private room in Fordham,500738,Host738,t,Bronx,Fordham,40.815917,-73.88134,Private room,75.09,2,39,2026-04-11,1.91,1,68,$75-150,True,146.0,Sometimes Available
1002539,Private room in Bushwick,500739,Host739,t,Brooklyn,Bushwick,40.6725,-73.921675,Private room,151.51,3,32,2026-07-10,1.96,10,60,$150-250,True,56.0,Sometimes Available
1002540,Private room in Greenpoint,500740,Host740,f,Brooklyn,Greenpoint,40.664427,-73.932194,Private room,93.19,2,19,2026-07-24,2.04,1,308,$75-150,False,42.0,Highly Available
1002541,Entire home/apt in Financial District,500741,Host741,f,Manhattan,Financial District,40.78054,-73.960668,Entire home/apt,111.09,14,36,2026-07-19,0.89,1,251,$75-150,False,47.0,Highly Available
1002542,Private room in Bedford-Stuyvesant,500742,Host742,f,Brooklyn,Bedford-Stuyvesant,40.665682,-73.886758,Private room,164.93,1,5,2026-02-12,0.75,1,106,$150-250,False,204.0,Sometimes Available
1002543,Private room in Hell's Kitchen,500743,Host743,t,Manhattan,Hell's Kitchen,40.759972,-73.97133,Private room,95.99,1,1,2025-12-15,0.07,1,251,$75-150,True,263.0,Highly Available
1002544,Private room in Greenpoint,500744,Host744,f,Brooklyn,Greenpoint,40.693978,-73.933538,Private room,105.66,2,22,2026-06-17,0.65,2,8,$75-150,False,79.0,Rarely Available
1002545,Entire home/apt in Financial District,500745,Host745,f,Manhattan,Financial District,40.777934,-73.976584,Entire home/apt,229.34,2,5,2026-03-14,0.15,1,0,$150-250,False,174.0,Rarely Available
1002546,Entire home/apt in Bushwick,500746,Host746,f,Brooklyn,Bushwick,40.732124,-73.943054,Entire home/apt,428.21,1,10,2026-06-07,1.03,2,163,$400+,False,89.0,Sometimes Available
1002547,Private room in Ridgewood,500747,Host747,f,Queens,Ridgewood,40.726245,-73.767947,Private room,110.14,7,18,2026-06-10,0.39,3,180,$75-150,False,86.0,Sometimes Available
1002548,Entire home/apt in Bedford-Stuyvesant,500748,Host748,f,Brooklyn,Bedford-Stuyvesant,40.657625,-73.942793,Entire home/apt,128.94,5,36,2026-01-31,0.75,1,115,$75-150,False,216.0,Sometimes Available
1002549,Shared room in Long Island City,500749,Host749,f,Queens,Long Island City,40.735653,-73.798199,Shared room,37.59,1,32,2026-04-11,1.18,1,207,$0-75,False,146.0,Highly Available
1002550,Entire home/apt in Harlem,500750,Host750,t,Manhattan,Harlem,40.777282,-73.971177,Entire home/apt,440.74,3,10,2026-05-21,0.3,3,81,$400+,True,106.0,Sometimes Available
1002551,Private room in Financial District,500751,Host751,f,Manhattan,Financial District,40.791711,-73.955219,Private room,112.11,3,4,2026-03-07,0.45,1,111,$75-150,False,181.0,Sometimes Available
1002552,Private room in Harlem,500752,Host752,t,Manhattan,Harlem,40.791618,-73.974247,Private room,239.93,5,27,2026-02-10,0.62,3,125,$150-250,True,206.0,Sometimes Available
1002553,Entire home/apt in Astoria,500753,Host753,f,Queens,Astoria,40.745511,-73.803694,Entire home/apt,33.32,2,46,2025-06-11,1.67,1,193,$0-75,False,450.0,Highly Available
1002554,Private room in Chelsea,500754,Host754,t,Manhattan,Chelsea,40.766905,-73.974423,Private room,252.37,2,32,2026-06-16,1.88,1,141,$250-400,True,80.0,Sometimes Available
1002555,Private room in Bushwick,500755,Host755,f,Brooklyn,Bushwick,40.664016,-73.953775,Private room,111.35,7,45,2026-05-20,1.01,1,164,$75-150,False,107.0,Sometimes Available
1002556,Shared room in Williamsburg,500756,Host756,f,Brooklyn,Williamsburg,40.694252,-73.919781,Shared room,85.44,1,76,2026-05-20,2.05,1,118,$75-150,False,107.0,Sometimes Available
1002557,Private room in Long Island City,500757,Host757,f,Queens,Long Island City,40.728939,-73.798323,Private room,115.13,14,10,2025-12-11,0.41,3,164,$75-150,False,267.0,Sometimes Available
1002558,Private room in Midtown,500758,Host758,f,Manhattan,Midtown,40.784935,-73.970054,Private room,93.92,1,18,2026-03-12,0.45,1,152,$75-150,False,176.0,Sometimes Available
1002559,Entire home/apt in DUMBO,500759,Host759,f,Brooklyn,DUMBO,40.698579,-73.955544,Entire home/apt,241.95,5,30,2026-07-07,0.68,2,0,$150-250,False,59.0,Rarely Available
1002560,Private room in Midtown,500760,Host760,f,Manhattan,Midtown,40.772476,-73.968025,Private room,171.8,1,36,2026-03-12,1.09,1,193,$150-250,False,176.0,Highly Available
1002561,Private room in Fordham,500761,Host761,t,Bronx,Fordham,40.849312,-73.887302,Private room,30.29,5,61,2026-02-13,1.62,2,57,$0-75,True,203.0,Sometimes Available
1002562,Private room in Flushing,500762,Host762,f,Queens,Flushing,40.730626,-73.836403,Private room,28.93,1,139,2026-04-02,9.44,3,189,$0-75,False,155.0,Highly Available
1002563,Entire home/apt in Chelsea,500763,Host763,f,Manhattan,Chelsea,40.790036,-73.934683,Entire home/apt,321.19,1,65,2025-11-03,10.73,1,142,$250-400,False,305.0,Sometimes Available
1002564,Private room in Tottenville,500764,Host764,f,Staten Island,Tottenville,40.61657,-74.15475,Private room,44.1,1,0,,0.0,1,187,$0-75,False,,Highly Available
1002565,Entire home/apt in Long Island City,500765,Host765,f,Queens,Long Island City,40.716961,-73.789675,Entire home/apt,132.48,2,6,2025-09-15,0.2,1,238,$75-150,False,354.0,Highly Available
1002566,Private room in Bedford-Stuyvesant,500766,Host766,f,Brooklyn,Bedford-Stuyvesant,40.679446,-73.953159,Private room,62.58,1,42,2026-03-13,1.8,2,98,$0-75,False,175.0,Sometimes Available
1002567,Entire home/apt in Hell's Kitchen,500767,Host767,f,Manhattan,Hell's Kitchen,40.773654,-73.970988,Entire home/apt,307.18,5,17,2026-07-30,0.8,1,250,$250-400,False,36.0,Highly Available
1002568,Entire home/apt in Hell's Kitchen,500768,Host768,f,Manhattan,Hell's Kitchen,40.758129,-73.995556,Entire home/apt,393.34,2,73,2026-05-23,6.15,1,76,$250-400,False,104.0,Sometimes Available
1002569,Entire home/apt in Fordham,500769,Host769,f,Bronx,Fordham,40.800059,-73.88134,Entire home/apt,97.85,2,14,2026-03-12,0.35,1,229,$75-150,False,176.0,Highly Available
1002570,Entire home/apt in Ridgewood,500770,Host770,f,Queens,Ridgewood,40.737902,-73.795452,Entire home/apt,144.03,3,22,2026-02-08,1.06,2,129,$75-150,False,208.0,Sometimes Available
1002571,Entire home/apt in Williamsburg,500771,Host771,f,Brooklyn,Williamsburg,40.700324,-73.912618,Entire home/apt,272.85,14,42,2026-05-31,0.88,2,365,$250-400,False,96.0,Highly Available
1002572,Private room in Flushing,500772,Host772,f,Queens,Flushing,40.747448,-73.828005,Private room,121.61,2,3,2026-07-26,0.08,5,205,$75-150,False,40.0,Highly Available
1002573,Entire home/apt in Williamsburg,500773,Host773,f,Brooklyn,Williamsburg,40.686488,-73.948954,Entire home/apt,224.48,2,4,2026-04-21,0.24,3,70,$150-250,False,136.0,Sometimes Available
1002574,Shared room in Mott Haven,500774,Host774,f,Bronx,Mott Haven,40.883543,-73.867449,Shared room,20.0,2,8,2026-06-16,0.7,1,169,$0-75,False,80.0,Sometimes Available
1002575,Entire home/apt in Hell's Kitchen,500775,Host775,f,Manhattan,Hell's Kitchen,40.760324,-73.981186,Entire home/apt,183.09,5,23,2025-07-04,0.97,3,60,$150-250,False,427.0,Sometimes Available
1002576,Private room in Hell's Kitchen,500776,Host776,f,Manhattan,Hell's Kitchen,40.756702,-73.949556,Private room,66.47,1,18,2026-04-18,1.48,10,32,$0-75,False,139.0,Sometimes Available
1002577,Entire home/apt in Ridgewood,500777,Host777,f,Queens,Ridgewood,40.709741,-73.761539,Entire home/apt,213.86,1,13,2025-12-01,0.41,1,89,$150-250,False,277.0,Sometimes Available
1002578,Entire home/apt in Riverdale,500778,Host778,f,Bronx,Riverdale,40.853096,-73.885243,Entire home/apt,149.42,7,41,2026-05-22,1.62,1,120,$75-150,False,105.0,Sometimes Available
1002579,Shared room in Jamaica,500779,Host779,t,Queens,Jamaica,40.737738,-73.828017,Shared room,45.86,14,57,2026-01-01,6.46,1,295,$0-75,True,246.0,Highly Available
1002580,Entire home/apt in Upper West Side,500780,Host780,f,Manhattan,Upper West Side,40.786566,-74.020815,Entire home/apt,230.58,1,51,2025-11-15,1.65,1,201,$150-250,False,293.0,Highly Available
1002581,Entire home/apt in Mott Haven,500781,Host781,f,Bronx,Mott Haven,40.870091,-73.880292,Entire home/apt,127.97,3,7,2025-12-30,0.24,1,224,$75-150,False,248.0,Highly Available
1002582,Entire home/apt in Hell's Kitchen,500782,Host782,f,Manhattan,Hell's Kitchen,40.771097,-73.967358,Entire home/apt,258.15,2,5,2026-04-03,0.2,3,297,$250-400,False,154.0,Highly Available
1002583,Private room in Chelsea,500783,Host783,t,Manhattan,Chelsea,40.774396,-74.012602,Private room,82.43,5,9,2026-06-24,0.33,1,165,$75-150,True,72.0,Sometimes Available
1002584,Private room in Tottenville,500784,Host784,t,Staten Island,Tottenville,40.59556,-74.153056,Private room,72.12,1,2,2026-03-30,0.05,2,0,$0-75,True,158.0,Rarely Available
1002585,Shared room in Bushwick,500785,Host785,f,Brooklyn,Bushwick,40.688645,-73.94152,Shared room,28.25,3,0,,0.0,1,157,$0-75,False,,Sometimes Available
1002586,Entire home/apt in Hell's Kitchen,500786,Host786,f,Manhattan,Hell's Kitchen,40.775456,-73.972223,Entire home/apt,294.33,7,0,,0.0,1,85,$250-400,False,,Sometimes Available
1002587,Shared room in Park Slope,500787,Host787,f,Brooklyn,Park Slope,40.712342,-73.92184,Shared room,46.83,2,37,2026-05-12,0.94,1,173,$0-75,False,115.0,Sometimes Available
1002588,Entire home/apt in Upper West Side,500788,Host788,f,Manhattan,Upper West Side,40.783809,-73.969073,Entire home/apt,306.35,5,3,2026-02-08,0.12,1,352,$250-400,False,208.0,Highly Available
1002589,Entire home/apt in Fordham,500789,Host789,t,Bronx,Fordham,40.834047,-73.865737,Entire home/apt,112.7,3,3,2026-06-17,0.12,3,304,$75-150,True,79.0,Highly Available
1002590,Entire home/apt in Bedford-Stuyvesant,500790,Host790,t,Brooklyn,Bedford-Stuyvesant,40.678731,-73.937794,Entire home/apt,193.91,2,11,2026-07-30,0.8,1,240,$150-250,True,36.0,Highly Available
1002591,Entire home/apt in Williamsburg,500791,Host791,t,Brooklyn,Williamsburg,40.713817,-73.94812,Entire home/apt,104.57,1,47,2026-01-01,3.66,5,53,$75-150,True,246.0,Sometimes Available
1002592,Entire home/apt in East Village,500792,Host792,f,Manhattan,East Village,40.789032,-73.979055,Entire home/apt,261.68,14,11,2026-05-14,0.47,1,230,$250-400,False,113.0,Highly Available
1002593,Entire home/apt in Financial District,500793,Host793,f,Manhattan,Financial District,40.760303,-73.961117,Entire home/apt,185.38,7,35,2026-06-05,0.88,1,48,$150-250,False,91.0,Sometimes Available
1002594,Entire home/apt in Upper West Side,500794,Host794,f,Manhattan,Upper West Side,40.772119,-73.973066,Entire home/apt,408.02,30,10,2026-02-27,0.42,5,52,$400+,False,189.0,Sometimes Available
1002595,Entire home/apt in Ridgewood,500795,Host795,f,Queens,Ridgewood,40.719697,-73.776892,Entire home/apt,169.29,5,5,2026-03-07,0.12,2,153,$150-250,False,181.0,Sometimes Available
1002596,Private room in Williamsburg,500796,Host796,f,Brooklyn,Williamsburg,40.671957,-73.955139,Private room,182.89,1,13,2026-07-28,0.66,1,222,$150-250,False,38.0,Highly Available
1002597,Entire home/apt in Hell's Kitchen,500797,Host797,f,Manhattan,Hell's Kitchen,40.784028,-73.993883,Entire home/apt,286.2,3,45,2026-07-16,2.53,1,307,$250-400,False,50.0,Highly Available
1002598,Private room in Upper West Side,500798,Host798,f,Manhattan,Upper West Side,40.815532,-74.00166,Private room,59.43,5,44,2026-03-27,1.0,3,0,$0-75,False,161.0,Rarely Available
1002599,Shared room in Financial District,500799,Host799,f,Manhattan,Financial District,40.757877,-73.989858,Shared room,154.11,1,0,,0.0,1,173,$150-250,False,,Sometimes Available
1002600,Entire home/apt in Crown Heights,500800,Host800,f,Brooklyn,Crown Heights,40.681228,-73.94153,Entire home/apt,219.62,1,2,2026-04-30,0.04,1,86,$150-250,False,127.0,Sometimes Available
1002601,Entire home/apt in Crown Heights,500801,Host801,f,Brooklyn,Crown Heights,40.651254,-73.933754,Entire home/apt,256.61,14,1,2026-05-14,0.02,1,104,$250-400,False,113.0,Sometimes Available
1002602,Private room in DUMBO,500802,Host802,t,Brooklyn,DUMBO,40.693939,-73.983836,Private room,235.94,14,10,2025-08-13,0.24,3,333,$150-250,True,387.0,Highly Available
1002603,Private room in Greenpoint,500803,Host803,t,Brooklyn,Greenpoint,40.663573,-73.934221,Private room,128.18,1,4,2026-05-27,0.11,1,40,$75-150,True,100.0,Sometimes Available
1002604,Entire home/apt in Ridgewood,500804,Host804,t,Queens,Ridgewood,40.715729,-73.765401,Entire home/apt,111.8,2,21,2026-07-21,1.36,1,145,$75-150,True,45.0,Sometimes Available
1002605,Private room in Williamsburg,500805,Host805,f,Brooklyn,Williamsburg,40.678897,-73.926737,Private room,92.81,1,3,2026-07-02,0.12,1,222,$75-150,False,64.0,Highly Available
1002606,Private room in Bushwick,500806,Host806,t,Brooklyn,Bushwick,40.651179,-73.946619,Private room,102.57,3,15,2026-07-19,0.59,1,338,$75-150,True,47.0,Highly Available
1002607,Entire home/apt in Midtown,500807,Host807,f,Manhattan,Midtown,40.793531,-74.000129,Entire home/apt,152.93,3,13,2026-07-30,0.29,1,68,$150-250,False,36.0,Sometimes Available
1002608,Entire home/apt in Chelsea,500808,Host808,f,Manhattan,Chelsea,40.795899,-73.950517,Entire home/apt,327.56,2,8,2026-07-25,0.2,1,130,$250-400,False,41.0,Sometimes Available
1002609,Private room in Bushwick,500809,Host809,f,Brooklyn,Bushwick,40.714661,-73.925403,Private room,135.53,2,54,2026-04-02,2.26,3,60,$75-150,False,155.0,Sometimes Available
1002610,Entire home/apt in Bedford-Stuyvesant,500810,Host810,f,Brooklyn,Bedford-Stuyvesant,40.630221,-73.995434,Entire home/apt,275.59,7,55,2025-11-14,1.34,1,264,$250-400,False,294.0,Highly Available
1002611,Entire home/apt in Jamaica,500811,Host811,f,Queens,Jamaica,40.730439,-73.792021,Entire home/apt,102.23,1,1,2026-05-18,0.15,1,142,$75-150,False,109.0,Sometimes Available
1002612,Private room in Harlem,500812,Host812,f,Manhattan,Harlem,40.776635,-73.979362,Private room,89.88,3,17,2026-07-01,1.11,1,65,$75-150,False,65.0,Sometimes Available
1002613,Entire home/apt in Crown Heights,500813,Host813,f,Brooklyn,Crown Heights,40.665984,-73.904109,Entire home/apt,193.07,3,35,2026-07-30,1.3,1,258,$150-250,False,36.0,Highly Available
1002614,Private room in Chelsea,500814,Host814,t,Manhattan,Chelsea,40.766564,-73.982982,Private room,138.06,5,34,2026-03-20,1.03,1,37,$75-150,True,168.0,Sometimes Available
1002615,Entire home/apt in East Village,500815,Host815,f,Manhattan,East Village,40.780368,-73.983201,Entire home/apt,389.18,5,29,2026-07-09,0.7,1,0,$250-400,False,57.0,Rarely Available
1002616,Private room in Harlem,500816,Host816,f,Manhattan,Harlem,40.785273,-73.946474,Private room,146.71,2,3,2025-09-12,0.24,1,206,$75-150,False,357.0,Highly Available
1002617,Private room in Upper West Side,500817,Host817,f,Manhattan,Upper West Side,40.781233,-73.967758,Private room,182.42,5,26,2025-07-17,2.1,1,109,$150-250,False,414.0,Sometimes Available
1002618,Entire home/apt in Astoria,500818,Host818,f,Queens,Astoria,40.745919,-73.788562,Entire home/apt,253.22,3,0,,0.0,1,147,$250-400,False,,Sometimes Available
1002619,Private room in Greenpoint,500819,Host819,f,Brooklyn,Greenpoint,40.649513,-73.915243,Private room,78.59,3,1,2026-02-01,0.04,1,118,$75-150,False,215.0,Sometimes Available
1002620,Hotel room in Mott Haven,500820,Host820,f,Bronx,Mott Haven,40.866282,-73.876088,Hotel room,20.0,5,0,,0.0,1,69,$0-75,False,,Sometimes Available
1002621,Entire home/apt in Riverdale,500821,Host821,t,Bronx,Riverdale,40.852924,-73.883311,Entire home/apt,66.34,1,15,2026-03-28,0.86,1,160,$0-75,True,160.0,Sometimes Available
1002622,Entire home/apt in Bushwick,500822,Host822,f,Brooklyn,Bushwick,40.704417,-73.969706,Entire home/apt,51.89,1,113,2026-03-24,4.32,3,0,$0-75,False,164.0,Rarely Available
1002623,Entire home/apt in Harlem,500823,Host823,t,Manhattan,Harlem,40.795017,-73.949819,Entire home/apt,505.85,3,10,2025-08-20,0.32,2,298,$400+,True,380.0,Highly Available
1002624,Private room in Harlem,500824,Host824,f,Manhattan,Harlem,40.754939,-73.960406,Private room,122.72,1,23,2026-06-07,1.06,1,82,$75-150,False,89.0,Sometimes Available
1002625,Entire home/apt in Astoria,500825,Host825,f,Queens,Astoria,40.750696,-73.845858,Entire home/apt,219.82,1,4,2026-06-11,0.08,1,199,$150-250,False,85.0,Highly Available
1002626,Entire home/apt in Riverdale,500826,Host826,f,Bronx,Riverdale,40.813027,-73.890824,Entire home/apt,66.89,7,1,2026-05-29,0.03,3,268,$0-75,False,98.0,Highly Available
1002627,Private room in Astoria,500827,Host827,f,Queens,Astoria,40.754058,-73.792504,Private room,50.15,1,68,2025-02-11,7.22,1,0,$0-75,False,570.0,Rarely Available
1002628,Private room in Midtown,500828,Host828,t,Manhattan,Midtown,40.755724,-73.956998,Private room,100.1,3,45,2026-05-26,0.99,1,43,$75-150,True,101.0,Sometimes Available
1002629,Private room in Riverdale,500829,Host829,f,Bronx,Riverdale,40.787707,-73.87392,Private room,85.9,2,6,2026-06-02,0.52,1,265,$75-150,False,94.0,Highly Available
1002630,Entire home/apt in Astoria,500830,Host830,f,Queens,Astoria,40.748763,-73.80952,Entire home/apt,168.45,1,11,2026-06-29,0.25,5,34,$150-250,False,67.0,Sometimes Available
1002631,Private room in Tottenville,500831,Host831,f,Staten Island,Tottenville,40.569673,-74.193774,Private room,60.34,2,8,2026-03-20,0.27,2,113,$0-75,False,168.0,Sometimes Available
1002632,Shared room in Bedford-Stuyvesant,500832,Host832,f,Brooklyn,Bedford-Stuyvesant,40.653222,-73.947904,Shared room,54.17,1,4,2026-05-25,0.4,1,114,$0-75,False,102.0,Sometimes Available
1002633,Entire home/apt in Astoria,500833,Host833,f,Queens,Astoria,40.758571,-73.778025,Entire home/apt,161.19,1,58,2026-05-18,7.13,1,330,$150-250,False,109.0,Highly Available
1002634,Entire home/apt in Park Slope,500834,Host834,f,Brooklyn,Park Slope,40.664024,-73.939024,Entire home/apt,234.61,1,1,2026-04-22,0.07,1,6,$150-250,False,135.0,Rarely Available
1002635,Private room in Park Slope,500835,Host835,f,Brooklyn,Park Slope,40.642684,-73.95427,Private room,68.37,1,30,2026-06-17,1.31,1,101,$0-75,False,79.0,Sometimes Available
1002636,Entire home/apt in Flushing,500836,Host836,f,Queens,Flushing,40.746741,-73.792503,Entire home/apt,166.29,5,7,2026-06-29,0.23,1,251,$150-250,False,67.0,Highly Available
1002637,Entire home/apt in Crown Heights,500837,Host837,f,Brooklyn,Crown Heights,40.694831,-73.959655,Entire home/apt,88.36,3,25,2026-01-25,1.05,2,269,$75-150,False,222.0,Highly Available
1002638,Entire home/apt in Harlem,500838,Host838,f,Manhattan,Harlem,40.775744,-73.97447,Entire home/apt,157.07,3,66,2026-07-29,2.22,1,0,$150-250,False,37.0,Rarely Available
1002639,Entire home/apt in Ridgewood,500839,Host839,f,Queens,Ridgewood,40.756096,-73.792875,Entire home/apt,207.49,3,71,2026-04-12,6.14,1,172,$150-250,False,145.0,Sometimes Available
1002640,Entire home/apt in Upper West Side,500840,Host840,f,Manhattan,Upper West Side,40.80732,-73.998409,Entire home/apt,480.19,1,19,2026-07-30,0.62,1,236,$400+,False,36.0,Highly Available
1002641,Private room in Chelsea,500841,Host841,f,Manhattan,Chelsea,40.779929,-73.953342,Private room,45.27,14,7,2026-06-04,0.4,2,195,$0-75,False,92.0,Highly Available
1002642,Private room in Jamaica,500842,Host842,f,Queens,Jamaica,40.769192,-73.803112,Private room,96.83,2,90,2024-10-20,1.98,2,27,$75-150,False,684.0,Rarely Available
1002643,Private room in Bedford-Stuyvesant,500843,Host843,t,Brooklyn,Bedford-Stuyvesant,40.673135,-73.975135,Private room,106.45,1,1,2026-06-20,0.03,1,179,$75-150,True,76.0,Sometimes Available
1002644,Entire home/apt in Crown Heights,500844,Host844,t,Brooklyn,Crown Heights,40.681253,-73.954444,Entire home/apt,302.48,7,9,2026-07-26,0.97,1,28,$250-400,True,40.0,Rarely Available
1002645,Private room in Financial District,500845,Host845,f,Manhattan,Financial District,40.763149,-73.977047,Private room,225.61,5,16,2026-05-31,0.38,5,203,$150-250,False,96.0,Highly Available
1002646,Private room in Greenpoint,500846,Host846,t,Brooklyn,Greenpoint,40.638612,-73.955012,Private room,86.41,1,11,2025-04-24,0.24,1,365,$75-150,True,498.0,Highly Available
1002647,Entire home/apt in Upper West Side,500847,Host847,f,Manhattan,Upper West Side,40.791063,-73.980953,Entire home/apt,329.8,1,3,2026-02-01,0.09,1,365,$250-400,False,215.0,Highly Available
1002648,Entire home/apt in St. George,500848,Host848,f,Staten Island,St. George,40.564612,-74.121009,Entire home/apt,50.78,1,77,2026-01-02,2.92,1,351,$0-75,False,245.0,Highly Available
1002649,Private room in Chelsea,500849,Host849,t,Manhattan,Chelsea,40.73765,-73.9302,Private room,333.09,1,28,2026-07-25,0.75,1,122,$250-400,True,41.0,Sometimes Available
1002650,Entire home/apt in Fordham,500850,Host850,f,Bronx,Fordham,40.818018,-73.883142,Entire home/apt,162.47,1,3,2026-05-11,0.15,1,67,$150-250,False,116.0,Sometimes Available
1002651,Entire home/apt in Midtown,500851,Host851,t,Manhattan,Midtown,40.783614,-73.988949,Entire home/apt,471.04,14,7,2026-06-10,0.17,1,105,$400+,True,86.0,Sometimes Available
1002652,Private room in Midtown,500852,Host852,f,Manhattan,Midtown,40.785913,-73.949833,Private room,207.63,3,23,2026-04-02,1.0,1,97,$150-250,False,155.0,Sometimes Available
1002653,Private room in Flushing,500853,Host853,t,Queens,Flushing,40.738293,-73.778203,Private room,29.94,2,21,2026-03-25,2.26,1,200,$0-75,True,163.0,Highly Available
1002654,Private room in Chelsea,500854,Host854,f,Manhattan,Chelsea,40.76103,-73.989834,Private room,151.54,3,18,2026-05-04,1.16,1,233,$150-250,False,123.0,Highly Available
1002655,Private room in Bedford-Stuyvesant,500855,Host855,f,Brooklyn,Bedford-Stuyvesant,40.710443,-73.947028,Private room,214.12,3,83,2026-03-07,4.72,1,103,$150-250,False,181.0,Sometimes Available
1002656,Entire home/apt in Jamaica,500856,Host856,f,Queens,Jamaica,40.735076,-73.808979,Entire home/apt,33.13,7,4,2025-10-07,0.25,1,0,$0-75,False,332.0,Rarely Available
1002657,Entire home/apt in Harlem,500857,Host857,f,Manhattan,Harlem,40.756844,-73.94942,Entire home/apt,145.66,7,17,2026-07-17,1.54,1,365,$75-150,False,49.0,Highly Available
1002658,Entire home/apt in Mott Haven,500858,Host858,f,Bronx,Mott Haven,40.826414,-73.914188,Entire home/apt,60.61,1,26,2026-06-06,1.08,1,12,$0-75,False,90.0,Rarely Available
1002659,Private room in Bedford-Stuyvesant,500859,Host859,f,Brooklyn,Bedford-Stuyvesant,40.632349,-73.935681,Private room,94.29,1,62,2026-05-22,4.1,10,214,$75-150,False,105.0,Highly Available
1002660,Private room in Long Island City,500860,Host860,f,Queens,Long Island City,40.743764,-73.784495,Private room,73.34,3,26,2026-07-07,1.06,1,295,$0-75,False,59.0,Highly Available
1002661,Entire home/apt in Bedford-Stuyvesant,500861,Host861,f,Brooklyn,Bedford-Stuyvesant,40.722377,-73.954733,Entire home/apt,276.72,5,17,2026-08-01,0.37,2,224,$250-400,False,34.0,Highly Available
1002662,Private room in Chelsea,500862,Host862,f,Manhattan,Chelsea,40.767952,-73.939461,Private room,102.34,2,58,2026-03-30,1.21,1,39,$75-150,False,158.0,Sometimes Available
1002663,Shared room in Astoria,500863,Host863,t,Queens,Astoria,40.716474,-73.7939,Shared room,39.86,1,32,2026-06-08,1.83,5,24,$0-75,True,88.0,Rarely Available
1002664,Private room in Crown Heights,500864,Host864,f,Brooklyn,Crown Heights,40.691925,-73.910137,Private room,70.54,1,48,2026-06-04,1.43,1,102,$0-75,False,92.0,Sometimes Available
1002665,Entire home/apt in Williamsburg,500865,Host865,f,Brooklyn,Williamsburg,40.672752,-73.954975,Entire home/apt,346.06,3,28,2026-07-24,1.64,1,147,$250-400,False,42.0,Sometimes Available
1002666,Entire home/apt in Long Island City,500866,Host866,t,Queens,Long Island City,40.725195,-73.778325,Entire home/apt,244.19,1,5,2026-06-06,0.42,1,102,$150-250,True,90.0,Sometimes Available
1002667,Entire home/apt in Jamaica,500867,Host867,f,Queens,Jamaica,40.742582,-73.812622,Entire home/apt,57.21,1,7,2025-09-15,0.38,1,146,$0-75,False,354.0,Sometimes Available
1002668,Private room in Crown Heights,500868,Host868,t,Brooklyn,Crown Heights,40.685908,-73.96254,Private room,70.79,14,18,2026-05-02,0.46,1,184,$0-75,True,125.0,Highly Available
1002669,Private room in DUMBO,500869,Host869,f,Brooklyn,DUMBO,40.701594,-73.919679,Private room,37.5,5,75,2026-07-25,2.2,1,141,$0-75,False,41.0,Sometimes Available
1002670,Private room in Financial District,500870,Host870,f,Manhattan,Financial District,40.765495,-74.00117,Private room,323.07,1,29,2026-05-13,1.21,1,309,$250-400,False,114.0,Highly Available
1002671,Entire home/apt in Chelsea,500871,Host871,f,Manhattan,Chelsea,40.751773,-73.987644,Entire home/apt,132.76,1,7,2026-02-16,0.19,1,159,$75-150,False,200.0,Sometimes Available
1002672,Shared room in Flushing,500872,Host872,t,Queens,Flushing,40.74234,-73.795795,Shared room,20.0,2,6,2025-09-10,0.34,1,243,$0-75,True,359.0,Highly Available
1002673,Entire home/apt in East Village,500873,Host873,f,Manhattan,East Village,40.799895,-73.969585,Entire home/apt,274.13,1,76,2025-12-18,1.86,3,24,$250-400,False,260.0,Rarely Available
1002674,Entire home/apt in Chelsea,500874,Host874,t,Manhattan,Chelsea,40.76503,-73.994145,Entire home/apt,146.99,1,18,2026-06-10,0.6,2,45,$75-150,True,86.0,Sometimes Available
1002675,Hotel room in Crown Heights,500875,Host875,f,Brooklyn,Crown Heights,40.657378,-73.958501,Hotel room,409.6,1,11,2025-09-16,0.23,1,155,$400+,False,353.0,Sometimes Available
1002676,Private room in Ridgewood,500876,Host876,f,Queens,Ridgewood,40.699745,-73.756999,Private room,32.32,14,18,2026-03-31,0.4,1,341,$0-75,False,157.0,Highly Available
1002677,Entire home/apt in Greenpoint,500877,Host877,f,Brooklyn,Greenpoint,40.695784,-73.92494,Entire home/apt,27.5,1,8,2025-09-16,0.78,1,80,$0-75,False,353.0,Sometimes Available
1002678,Entire home/apt in Chelsea,500878,Host878,t,Manhattan,Chelsea,40.767743,-73.977037,Entire home/apt,217.52,1,8,2026-04-08,0.34,1,94,$150-250,True,149.0,Sometimes Available
1002679,Entire home/apt in Flushing,500879,Host879,f,Queens,Flushing,40.712658,-73.756566,Entire home/apt,88.73,5,16,2025-09-26,0.35,1,173,$75-150,False,343.0,Sometimes Available
1002680,Entire home/apt in Upper West Side,500880,Host880,f,Manhattan,Upper West Side,40.779521,-73.932707,Entire home/apt,157.46,14,28,2026-05-30,1.89,2,365,$150-250,False,97.0,Highly Available
1002681,Entire home/apt in Midtown,500881,Host881,t,Manhattan,Midtown,40.819452,-73.954411,Entire home/apt,394.19,1,7,2025-10-20,0.19,1,344,$250-400,True,319.0,Highly Available
1002682,Entire home/apt in Park Slope,500882,Host882,f,Brooklyn,Park Slope,40.674679,-73.920203,Entire home/apt,123.33,7,8,2025-09-19,0.22,1,97,$75-150,False,350.0,Sometimes Available
1002683,Shared room in Bedford-Stuyvesant,500883,Host883,f,Brooklyn,Bedford-Stuyvesant,40.652721,-73.941808,Shared room,60.43,2,51,2026-01-26,1.76,1,119,$0-75,False,221.0,Sometimes Available
1002684,Entire home/apt in Bushwick,500884,Host884,f,Brooklyn,Bushwick,40.688567,-73.921689,Entire home/apt,201.66,1,33,2025-03-01,2.68,2,50,$150-250,False,552.0,Sometimes Available
1002685,Entire home/apt in Financial District,500885,Host885,f,Manhattan,Financial District,40.788688,-73.984691,Entire home/apt,310.79,5,6,2026-07-21,0.15,1,85,$250-400,False,45.0,Sometimes Available
1002686,Entire home/apt in Midtown,500886,Host886,t,Manhattan,Midtown,40.760725,-73.990335,Entire home/apt,140.51,14,9,2026-03-24,0.24,1,260,$75-150,True,164.0,Highly Available
1002687,Entire home/apt in Harlem,500887,Host887,t,Manhattan,Harlem,40.77908,-73.984922,Entire home/apt,95.05,1,13,2026-05-11,0.32,1,284,$75-150,True,116.0,Highly Available
1002688,Entire home/apt in Financial District,500888,Host888,f,Manhattan,Financial District,40.796721,-73.993055,Entire home/apt,314.06,2,13,2026-06-26,1.23,2,26,$250-400,False,70.0,Rarely Available
1002689,Entire home/apt in Hell's Kitchen,500889,Host889,f,Manhattan,Hell's Kitchen,40.8043,-74.01259,Entire home/apt,155.49,1,25,2026-04-07,0.63,5,262,$150-250,False,150.0,Highly Available
1002690,Entire home/apt in Chelsea,500890,Host890,f,Manhattan,Chelsea,40.802465,-73.997488,Entire home/apt,219.4,2,1,2026-03-13,0.04,1,0,$150-250,False,175.0,Rarely Available
1002691,Entire home/apt in Midtown,500891,Host891,f,Manhattan,Midtown,40.801895,-74.001836,Entire home/apt,313.5,3,3,2026-05-22,0.11,1,219,$250-400,False,105.0,Highly Available
1002692,Private room in Riverdale,500892,Host892,t,Bronx,Riverdale,40.86992,-73.887492,Private room,66.13,2,7,2026-03-23,0.2,1,14,$0-75,True,165.0,Rarely Available
1002693,Shared room in Chelsea,500893,Host893,f,Manhattan,Chelsea,40.807384,-73.941223,Shared room,198.42,2,35,2026-07-23,1.31,2,25,$150-250,False,43.0,Rarely Available
1002694,Entire home/apt in Crown Heights,500894,Host894,t,Brooklyn,Crown Heights,40.683671,-73.954466,Entire home/apt,179.17,1,20,2026-04-25,0.89,1,294,$150-250,True,132.0,Highly Available
1002695,Private room in Mott Haven,500895,Host895,t,Bronx,Mott Haven,40.828048,-73.935455,Private room,51.74,7,31,2026-03-04,0.71,1,105,$0-75,True,184.0,Sometimes Available
1002696,Private room in Greenpoint,500896,Host896,f,Brooklyn,Greenpoint,40.670764,-73.925818,Private room,128.61,5,8,2026-02-10,1.06,1,276,$75-150,False,206.0,Highly Available
1002697,Private room in Crown Heights,500897,Host897,f,Brooklyn,Crown Heights,40.693565,-73.968135,Private room,101.08,5,12,2026-06-13,0.31,1,272,$75-150,False,83.0,Highly Available
1002698,Entire home/apt in Williamsburg,500898,Host898,f,Brooklyn,Williamsburg,40.679722,-73.94036,Entire home/apt,104.48,3,21,2026-02-22,0.65,2,0,$75-150,False,194.0,Rarely Available
1002699,Private room in Greenpoint,500899,Host899,f,Brooklyn,Greenpoint,40.682152,-73.935083,Private room,232.65,2,70,2026-06-14,3.13,2,165,$150-250,False,82.0,Sometimes Available
1002700,Entire home/apt in Riverdale,500900,Host900,f,Bronx,Riverdale,40.797314,-73.906602,Entire home/apt,197.88,7,18,2026-04-20,0.69,2,51,$150-250,False,137.0,Sometimes Available
1002701,Private room in Bedford-Stuyvesant,500901,Host901,f,Brooklyn,Bedford-Stuyvesant,40.665072,-73.926559,Private room,93.23,1,6,2026-07-18,0.33,1,176,$75-150,False,48.0,Sometimes Available
1002702,Private room in Crown Heights,500902,Host902,f,Brooklyn,Crown Heights,40.645514,-73.945793,Private room,206.68,1,10,2025-12-30,0.25,1,0,$150-250,False,248.0,Rarely Available
1002703,Entire home/apt in Ridgewood,500903,Host903,f,Queens,Ridgewood,40.761445,-73.765578,Entire home/apt,154.2,14,24,2026-03-07,1.31,1,0,$150-250,False,181.0,Rarely Available
1002704,Entire home/apt in DUMBO,500904,Host904,t,Brooklyn,DUMBO,40.671301,-73.964761,Entire home/apt,458.89,5,43,2026-06-27,1.12,1,319,$400+,True,69.0,Highly Available
1002705,Entire home/apt in Crown Heights,500905,Host905,t,Brooklyn,Crown Heights,40.66689,-73.936746,Entire home/apt,173.09,1,49,2026-07-27,2.8,1,127,$150-250,True,39.0,Sometimes Available
1002706,Entire home/apt in Harlem,500906,Host906,f,Manhattan,Harlem,40.755804,-73.96731,Entire home/apt,191.18,14,1,2026-05-28,0.03,1,80,$150-250,False,99.0,Sometimes Available
1002707,Entire home/apt in DUMBO,500907,Host907,f,Brooklyn,DUMBO,40.64572,-73.93974,Entire home/apt,182.16,1,7,2025-12-29,0.63,1,235,$150-250,False,249.0,Highly Available
1002708,Entire home/apt in Upper West Side,500908,Host908,t,Manhattan,Upper West Side,40.783927,-73.968232,Entire home/apt,183.13,2,21,2026-07-27,1.81,1,214,$150-250,True,39.0,Highly Available
1002709,Shared room in Flushing,500909,Host909,t,Queens,Flushing,40.734367,-73.793825,Shared room,30.25,5,21,2026-06-29,0.79,1,202,$0-75,True,67.0,Highly Available
1002710,Entire home/apt in Jamaica,500910,Host910,f,Queens,Jamaica,40.711302,-73.74297,Entire home/apt,182.39,14,0,,0.0,1,65,$150-250,False,,Sometimes Available
1002711,Private room in Long Island City,500911,Host911,f,Queens,Long Island City,40.711593,-73.773237,Private room,68.73,3,62,2026-07-08,2.02,1,134,$0-75,False,58.0,Sometimes Available
1002712,Private room in DUMBO,500912,Host912,f,Brooklyn,DUMBO,40.67342,-73.950236,Private room,127.37,14,0,,0.0,3,178,$75-150,False,,Sometimes Available
1002713,Private room in Astoria,500913,Host913,t,Queens,Astoria,40.701322,-73.801207,Private room,69.33,5,21,2026-06-19,0.49,1,261,$0-75,True,77.0,Highly Available
1002714,Entire home/apt in Long Island City,500914,Host914,f,Queens,Long Island City,40.735564,-73.795888,Entire home/apt,156.9,3,7,2026-06-06,0.25,10,69,$150-250,False,90.0,Sometimes Available
1002715,Entire home/apt in Ridgewood,500915,Host915,t,Queens,Ridgewood,40.740538,-73.789445,Entire home/apt,36.36,7,12,2026-02-18,0.67,5,241,$0-75,True,198.0,Highly Available
1002716,Private room in Jamaica,500916,Host916,t,Queens,Jamaica,40.736525,-73.798751,Private room,138.93,2,27,2026-06-15,2.4,2,206,$75-150,True,81.0,Highly Available
1002717,Private room in Hell's Kitchen,500917,Host917,f,Manhattan,Hell's Kitchen,40.74701,-74.000437,Private room,124.63,30,28,2025-11-06,0.64,2,0,$75-150,False,302.0,Rarely Available
1002718,Entire home/apt in Long Island City,500918,Host918,f,Queens,Long Island City,40.765446,-73.800928,Entire home/apt,163.55,1,69,2026-06-09,3.0,1,244,$150-250,False,87.0,Highly Available
1002719,Private room in Ridgewood,500919,Host919,f,Queens,Ridgewood,40.718887,-73.80022,Private room,31.22,1,7,2025-09-20,0.17,3,214,$0-75,False,349.0,Highly Available
1002720,Entire home/apt in East Village,500920,Host920,t,Manhattan,East Village,40.778518,-73.967359,Entire home/apt,124.49,1,17,2026-07-02,0.44,1,109,$75-150,True,64.0,Sometimes Available
1002721,Entire home/apt in Hell's Kitchen,500921,Host921,f,Manhattan,Hell's Kitchen,40.793408,-73.986724,Entire home/apt,366.51,1,37,2026-07-24,1.96,1,365,$250-400,False,42.0,Highly Available
1002722,Entire home/apt in Fordham,500922,Host922,t,Bronx,Fordham,40.808039,-73.876425,Entire home/apt,99.16,7,1,2026-04-30,0.03,5,174,$75-150,True,127.0,Sometimes Available
1002723,Entire home/apt in Financial District,500923,Host923,f,Manhattan,Financial District,40.711933,-73.946147,Entire home/apt,184.96,1,1,2026-05-13,0.03,3,270,$150-250,False,114.0,Highly Available
1002724,Entire home/apt in Bedford-Stuyvesant,500924,Host924,f,Brooklyn,Bedford-Stuyvesant,40.662246,-73.953068,Entire home/apt,230.84,1,17,2026-06-18,1.16,3,269,$150-250,False,78.0,Highly Available
1002725,Entire home/apt in Mott Haven,500925,Host925,f,Bronx,Mott Haven,40.839028,-73.913259,Entire home/apt,99.23,1,23,2025-01-15,0.53,1,2,$75-150,False,597.0,Rarely Available
1002726,Private room in Jamaica,500926,Host926,f,Queens,Jamaica,40.746413,-73.790716,Private room,54.79,14,1,2026-07-02,0.15,1,0,$0-75,False,64.0,Rarely Available
1002727,Private room in Williamsburg,500927,Host927,f,Brooklyn,Williamsburg,40.676389,-73.922681,Private room,152.02,1,1,2026-07-28,0.04,5,365,$150-250,False,38.0,Highly Available
1002728,Private room in Crown Heights,500928,Host928,f,Brooklyn,Crown Heights,40.67746,-73.957577,Private room,244.87,1,7,2026-07-08,0.17,1,195,$150-250,False,58.0,Highly Available
1002729,Private room in Long Island City,500929,Host929,f,Queens,Long Island City,40.71885,-73.811663,Private room,47.86,1,26,2026-07-26,2.17,1,191,$0-75,False,40.0,Highly Available
1002730,Entire home/apt in DUMBO,500930,Host930,f,Brooklyn,DUMBO,40.688843,-73.95756,Entire home/apt,277.92,5,4,2026-06-06,0.1,1,0,$250-400,False,90.0,Rarely Available
1002731,Entire home/apt in Park Slope,500931,Host931,f,Brooklyn,Park Slope,40.660255,-73.962144,Entire home/apt,82.85,5,48,2025-03-12,1.45,1,105,$75-150,False,541.0,Sometimes Available
1002732,Private room in Upper West Side,500932,Host932,f,Manhattan,Upper West Side,40.801275,-73.972355,Private room,94.82,14,7,2026-03-11,0.28,1,0,$75-150,False,177.0,Rarely Available
1002733,Private room in DUMBO,500933,Host933,f,Brooklyn,DUMBO,40.675427,-73.923166,Private room,90.15,1,59,2026-06-18,3.27,1,120,$75-150,False,78.0,Sometimes Available
1002734,Entire home/apt in Flushing,500934,Host934,t,Queens,Flushing,40.737939,-73.86674,Entire home/apt,161.84,5,16,2026-03-20,0.93,1,249,$150-250,True,168.0,Highly Available
1002735,Entire home/apt in Hell's Kitchen,500935,Host935,f,Manhattan,Hell's Kitchen,40.802789,-73.979038,Entire home/apt,138.77,2,48,2026-06-15,2.71,1,233,$75-150,False,81.0,Highly Available
1002736,Entire home/apt in DUMBO,500936,Host936,f,Brooklyn,DUMBO,40.700913,-73.950473,Entire home/apt,318.04,14,8,2025-11-15,0.41,10,78,$250-400,False,293.0,Sometimes Available
1002737,Entire home/apt in East Village,500937,Host937,f,Manhattan,East Village,40.761697,-73.977952,Entire home/apt,407.71,1,29,2026-06-12,2.76,1,194,$400+,False,84.0,Highly Available
1002738,Entire home/apt in Upper West Side,500938,Host938,f,Manhattan,Upper West Side,40.768069,-73.965214,Entire home/apt,349.13,7,69,2026-07-18,2.06,1,14,$250-400,False,48.0,Rarely Available
1002739,Entire home/apt in Chelsea,500939,Host939,t,Manhattan,Chelsea,40.743167,-73.94613,Entire home/apt,553.4843000000001,2,28,2026-03-26,3.99,2,147,$400+,True,162.0,Sometimes Available
1002740,Private room in Astoria,500940,Host940,f,Queens,Astoria,40.758996,-73.795316,Private room,61.76,1,27,2026-07-14,1.64,1,149,$0-75,False,52.0,Sometimes Available
1002741,Entire home/apt in Financial District,500941,Host941,t,Manhattan,Financial District,40.788722,-73.974486,Entire home/apt,252.2,3,0,,0.0,1,175,$250-400,True,,Sometimes Available
1002742,Private room in Astoria,500942,Host942,f,Queens,Astoria,40.73364,-73.806515,Private room,33.99,1,10,2026-07-23,0.36,1,89,$0-75,False,43.0,Sometimes Available
1002743,Private room in Ridgewood,500943,Host943,f,Queens,Ridgewood,40.715964,-73.797994,Private room,94.39,1,15,2026-03-27,0.35,1,101,$75-150,False,161.0,Sometimes Available
1002744,Private room in Williamsburg,500944,Host944,f,Brooklyn,Williamsburg,40.652894,-73.907844,Private room,95.78,2,8,2025-11-04,0.24,1,260,$75-150,False,304.0,Highly Available
1002745,Entire home/apt in Williamsburg,500945,Host945,t,Brooklyn,Williamsburg,40.667901,-73.954883,Entire home/apt,188.65,1,14,2026-07-16,0.53,1,169,$150-250,True,50.0,Sometimes Available
1002746,Entire home/apt in Midtown,500946,Host946,f,Manhattan,Midtown,40.753152,-73.965707,Entire home/apt,75.11,3,38,2026-05-25,0.85,1,160,$75-150,False,102.0,Sometimes Available
1002747,Entire home/apt in Greenpoint,500947,Host947,f,Brooklyn,Greenpoint,40.676927,-73.930288,Entire home/apt,143.47,7,2,2026-01-01,0.06,1,273,$75-150,False,246.0,Highly Available
1002748,Entire home/apt in Williamsburg,500948,Host948,f,Brooklyn,Williamsburg,40.682447,-73.914148,Entire home/apt,36.01,2,22,2026-07-01,3.64,1,106,$0-75,False,65.0,Sometimes Available
1002749,Private room in Chelsea,500949,Host949,f,Manhattan,Chelsea,40.746313,-73.948383,Private room,129.76,1,37,2025-10-28,5.94,1,38,$75-150,False,311.0,Sometimes Available
1002750,Private room in Park Slope,500950,Host950,t,Brooklyn,Park Slope,40.664149,-73.982347,Private room,134.84,14,28,2025-06-24,0.67,3,143,$75-150,True,437.0,Sometimes Available
1002751,Private room in Flushing,500951,Host951,t,Queens,Flushing,40.730945,-73.800301,Private room,25.1,2,32,2026-02-05,1.72,1,5,$0-75,True,211.0,Rarely Available
1002752,Private room in Bedford-Stuyvesant,500952,Host952,f,Brooklyn,Bedford-Stuyvesant,40.676843,-73.93941,Private room,86.42,1,1,2025-09-07,0.03,2,223,$75-150,False,362.0,Highly Available
1002753,Private room in Riverdale,500953,Host953,f,Bronx,Riverdale,40.833769,-73.901858,Private room,70.15,14,0,,0.0,5,85,$0-75,False,,Sometimes Available
1002754,Entire home/apt in Astoria,500954,Host954,f,Queens,Astoria,40.723977,-73.788449,Entire home/apt,125.68,30,6,2025-05-28,0.31,3,31,$75-150,False,464.0,Sometimes Available
1002755,Entire home/apt in Ridgewood,500955,Host955,f,Queens,Ridgewood,40.713847,-73.787314,Entire home/apt,195.48,30,16,2026-04-20,1.66,2,138,$150-250,False,137.0,Sometimes Available
1002756,Private room in Chelsea,500956,Host956,f,Manhattan,Chelsea,40.750633,-73.955937,Private room,206.18,1,17,2026-06-24,0.69,3,109,$150-250,False,72.0,Sometimes Available
1002757,Private room in Financial District,500957,Host957,f,Manhattan,Financial District,40.799989,-74.007083,Private room,192.66,14,42,2026-05-03,1.22,1,112,$150-250,False,124.0,Sometimes Available
1002758,Shared room in Chelsea,500958,Host958,f,Manhattan,Chelsea,40.766093,-73.963154,Shared room,132.63,7,13,2024-10-11,0.97,2,175,$75-150,False,693.0,Sometimes Available
1002759,Entire home/apt in Park Slope,500959,Host959,t,Brooklyn,Park Slope,40.673768,-73.933138,Entire home/apt,234.49,2,7,2025-10-29,0.15,1,236,$150-250,True,310.0,Highly Available
1002760,Shared room in Williamsburg,500960,Host960,t,Brooklyn,Williamsburg,40.691345,-73.936756,Shared room,63.07,2,7,2026-02-19,0.26,1,0,$0-75,True,197.0,Rarely Available
1002761,Private room in DUMBO,500961,Host961,t,Brooklyn,DUMBO,40.687402,-73.93945,Private room,67.96,1,64,2026-05-22,2.01,1,0,$0-75,True,105.0,Rarely Available
1002762,Entire home/apt in Riverdale,500962,Host962,f,Bronx,Riverdale,40.840257,-73.885597,Entire home/apt,177.08,1,69,2026-07-15,2.43,1,183,$150-250,False,51.0,Highly Available
1002763,Private room in Long Island City,500963,Host963,t,Queens,Long Island City,40.711061,-73.790891,Private room,50.06,1,46,2026-07-24,1.11,1,245,$0-75,True,42.0,Highly Available
1002764,Private room in Astoria,500964,Host964,f,Queens,Astoria,40.723743,-73.79248,Private room,63.26,5,1,2026-04-04,0.04,1,38,$0-75,False,153.0,Sometimes Available
1002765,Entire home/apt in Chelsea,500965,Host965,t,Manhattan,Chelsea,40.806999,-73.952243,Entire home/apt,135.19,1,37,2026-03-18,2.2,1,211,$75-150,True,170.0,Highly Available
1002766,Private room in Park Slope,500966,Host966,f,Brooklyn,Park Slope,40.710862,-73.925867,Private room,64.85,7,6,2026-04-17,0.7,1,178,$0-75,False,140.0,Sometimes Available
1002767,Private room in Williamsburg,500967,Host967,f,Brooklyn,Williamsburg,40.673412,-73.915092,Private room,164.72,14,12,2025-03-15,0.41,1,193,$150-250,False,538.0,Highly Available
1002768,Private room in Williamsburg,500968,Host968,f,Brooklyn,Williamsburg,40.659045,-73.941845,Private room,63.26,7,30,2025-10-19,0.66,3,33,$0-75,False,320.0,Sometimes Available
1002769,Private room in Long Island City,500969,Host969,f,Queens,Long Island City,40.715821,-73.800262,Private room,39.53,3,16,2026-07-07,0.35,1,71,$0-75,False,59.0,Sometimes Available
1002770,Entire home/apt in Chelsea,500970,Host970,t,Manhattan,Chelsea,40.794183,-74.002326,Entire home/apt,318.49,3,1,2026-02-09,0.04,1,174,$250-400,True,207.0,Sometimes Available
1002771,Private room in Bushwick,500971,Host971,f,Brooklyn,Bushwick,40.687866,-73.969534,Private room,29.79,2,11,2026-05-09,0.26,1,42,$0-75,False,118.0,Sometimes Available
1002772,Entire home/apt in Chelsea,500972,Host972,f,Manhattan,Chelsea,40.761701,-73.960535,Entire home/apt,115.03,3,3,2026-07-30,0.11,1,240,$75-150,False,36.0,Highly Available
1002773,Private room in Flushing,500973,Host973,f,Queens,Flushing,40.756769,-73.787084,Private room,116.68,5,10,2025-10-29,0.31,1,231,$75-150,False,310.0,Highly Available
1002774,Private room in Mott Haven,500974,Host974,t,Bronx,Mott Haven,40.832466,-73.880917,Private room,65.43,5,14,2026-06-04,0.35,10,126,$0-75,True,92.0,Sometimes Available
1002775,Private room in Williamsburg,500975,Host975,f,Brooklyn,Williamsburg,40.672743,-73.90977,Private room,51.67,5,0,,0.0,1,182,$0-75,False,,Highly Available
1002776,Entire home/apt in Williamsburg,500976,Host976,f,Brooklyn,Williamsburg,40.718916,-73.956501,Entire home/apt,34.83,5,26,2026-07-29,0.56,1,198,$0-75,False,37.0,Highly Available
1002777,Entire home/apt in Chelsea,500977,Host977,f,Manhattan,Chelsea,40.790884,-73.96347,Entire home/apt,383.94,2,42,2026-04-22,0.94,1,55,$250-400,False,135.0,Sometimes Available
1002778,Hotel room in Fordham,500978,Host978,t,Bronx,Fordham,40.840984,-73.902115,Hotel room,101.97,3,17,2025-05-22,0.73,1,319,$75-150,True,470.0,Highly Available
1002779,Private room in St. George,500979,Host979,t,Staten Island,St. George,40.591724,-74.152784,Private room,56.77,1,6,2026-04-19,0.14,1,83,$0-75,True,138.0,Sometimes Available
1002780,Hotel room in Park Slope,500980,Host980,t,Brooklyn,Park Slope,40.650438,-73.913231,Hotel room,300.13,1,12,2026-05-04,0.6,2,212,$250-400,True,123.0,Highly Available
1002781,Entire home/apt in Midtown,500981,Host981,f,Manhattan,Midtown,40.783182,-73.943795,Entire home/apt,433.85,5,41,2026-03-15,0.94,1,61,$400+,False,173.0,Sometimes Available
1002782,Entire home/apt in Williamsburg,500982,Host982,f,Brooklyn,Williamsburg,40.634274,-73.905236,Entire home/apt,149.27,3,3,2026-07-07,0.38,1,119,$75-150,False,59.0,Sometimes Available
1002783,Entire home/apt in Greenpoint,500983,Host983,f,Brooklyn,Greenpoint,40.635879,-73.926389,Entire home/apt,206.11,7,8,2026-05-26,0.42,1,21,$150-250,False,101.0,Rarely Available
1002784,Private room in Harlem,500984,Host984,t,Manhattan,Harlem,40.759738,-73.974194,Private room,105.31,7,15,2026-04-15,0.49,1,343,$75-150,True,142.0,Highly Available
1002785,Entire home/apt in DUMBO,500985,Host985,f,Brooklyn,DUMBO,40.713398,-73.937318,Entire home/apt,258.33,14,22,2026-05-03,0.56,1,286,$250-400,False,124.0,Highly Available
1002786,Private room in Flushing,500986,Host986,f,Queens,Flushing,40.714473,-73.821361,Private room,94.98,1,5,2026-07-25,0.27,1,100,$75-150,False,41.0,Sometimes Available
1002787,Private room in Financial District,500987,Host987,f,Manhattan,Financial District,40.766823,-74.032823,Private room,330.22,2,2,2026-06-18,0.28,3,70,$250-400,False,78.0,Sometimes Available
1002788,Private room in Crown Heights,500988,Host988,f,Brooklyn,Crown Heights,40.68618,-73.946696,Private room,84.9,7,62,2025-10-14,1.81,1,141,$75-150,False,325.0,Sometimes Available
1002789,Entire home/apt in Midtown,500989,Host989,f,Manhattan,Midtown,40.820018,-73.966642,Entire home/apt,417.21,1,28,2025-12-19,2.78,1,94,$400+,False,259.0,Sometimes Available
1002790,Entire home/apt in Upper West Side,500990,Host990,f,Manhattan,Upper West Side,40.773892,-73.945835,Entire home/apt,435.33,3,9,2026-05-28,0.56,1,154,$400+,False,99.0,Sometimes Available
1002791,Entire home/apt in Park Slope,500991,Host991,f,Brooklyn,Park Slope,40.690704,-73.945707,Entire home/apt,120.45,14,11,2026-04-25,0.39,1,46,$75-150,False,132.0,Sometimes Available
1002792,Private room in Riverdale,500992,Host992,t,Bronx,Riverdale,40.827853,-73.902374,Private room,38.93,14,8,2026-06-09,0.17,1,268,$0-75,True,87.0,Highly Available
1002793,Entire home/apt in Upper West Side,500993,Host993,t,Manhattan,Upper West Side,40.767892,-74.004677,Entire home/apt,207.19,3,51,2025-10-21,3.8,1,185,$150-250,True,318.0,Highly Available
1002794,Entire home/apt in Riverdale,500994,Host994,f,Bronx,Riverdale,40.816264,-73.877234,Entire home/apt,132.53,1,19,2026-07-07,1.85,2,224,$75-150,False,59.0,Highly Available
1002795,Entire home/apt in Upper West Side,500995,Host995,t,Manhattan,Upper West Side,40.844195,-73.953023,Entire home/apt,50.4,2,38,2026-01-07,1.26,10,159,$0-75,True,240.0,Sometimes Available
1002796,Shared room in Bedford-Stuyvesant,500996,Host996,f,Brooklyn,Bedford-Stuyvesant,40.679416,-73.911267,Shared room,31.94,1,65,2026-06-14,2.28,1,184,$0-75,False,82.0,Highly Available
1002797,Hotel room in DUMBO,500997,Host997,f,Brooklyn,DUMBO,40.679933,-73.924168,Hotel room,163.0,1,17,2026-01-02,0.75,1,84,$150-250,False,245.0,Sometimes Available
1002798,Private room in Park Slope,500998,Host998,f,Brooklyn,Park Slope,40.663143,-73.924548,Private room,124.48,1,6,2026-02-13,0.28,1,247,$75-150,False,203.0,Highly Available
1002799,Private room in Flushing,500999,Host999,f,Queens,Flushing,40.722383,-73.816257,Private room,132.14,1,13,2026-04-15,0.37,1,111,$75-150,False,142.0,Sometimes Available
1002800,Entire home/apt in Harlem,501000,Host1000,f,Manhattan,Harlem,40.744504,-73.995776,Entire home/apt,137.14,2,63,2026-04-23,2.83,1,175,$75-150,False,134.0,Sometimes Available
1002801,Entire home/apt in Hell's Kitchen,501001,Host1001,f,Manhattan,Hell's Kitchen,40.753604,-73.983837,Entire home/apt,250.63,2,8,2026-07-13,0.21,3,231,$250-400,False,53.0,Highly Available
1002802,Entire home/apt in Midtown,501002,Host1002,f,Manhattan,Midtown,40.79748,-74.008813,Entire home/apt,241.88,1,42,2026-07-25,1.57,1,312,$150-250,False,41.0,Highly Available
1002803,Entire home/apt in Greenpoint,501003,Host1003,f,Brooklyn,Greenpoint,40.687489,-73.940784,Entire home/apt,184.0,1,7,2026-07-29,0.21,5,158,$150-250,False,37.0,Sometimes Available
1002804,Entire home/apt in Bedford-Stuyvesant,501004,Host1004,f,Brooklyn,Bedford-Stuyvesant,40.658259,-73.957155,Entire home/apt,110.28,3,35,2026-05-09,1.05,1,90,$75-150,False,118.0,Sometimes Available
1002805,Private room in Fordham,501005,Host1005,f,Bronx,Fordham,40.870233,-73.891387,Private room,40.73,3,4,2026-03-27,0.32,1,88,$0-75,False,161.0,Sometimes Available
1002806,Entire home/apt in Upper West Side,501006,Host1006,f,Manhattan,Upper West Side,40.769388,-73.992454,Entire home/apt,240.8,3,39,2026-06-16,4.88,10,236,$150-250,False,80.0,Highly Available
1002807,Shared room in Hell's Kitchen,501007,Host1007,t,Manhattan,Hell's Kitchen,40.783709,-73.971024,Shared room,22.76,3,17,2026-07-17,0.52,3,121,$0-75,True,49.0,Sometimes Available
1002808,Entire home/apt in Financial District,501008,Host1008,f,Manhattan,Financial District,40.783178,-73.986743,Entire home/apt,248.04,2,44,2026-06-24,1.28,5,3,$150-250,False,72.0,Rarely Available
1002809,Entire home/apt in Astoria,501009,Host1009,f,Queens,Astoria,40.705946,-73.820492,Entire home/apt,283.61,2,7,2026-04-03,0.53,1,60,$250-400,False,154.0,Sometimes Available
1002810,Shared room in East Village,501010,Host1010,f,Manhattan,East Village,40.789533,-73.963765,Shared room,58.83,5,6,2026-07-04,0.31,1,204,$0-75,False,62.0,Highly Available
1002811,Entire home/apt in Chelsea,501011,Host1011,t,Manhattan,Chelsea,40.797905,-73.937156,Entire home/apt,553.4843000000001,7,1,2026-01-04,0.06,5,220,$400+,True,243.0,Highly Available
1002812,Private room in DUMBO,501012,Host1012,f,Brooklyn,DUMBO,40.701237,-73.941583,Private room,100.79,3,19,2026-07-07,0.42,1,51,$75-150,False,59.0,Sometimes Available
1002813,Entire home/apt in Mott Haven,501013,Host1013,f,Bronx,Mott Haven,40.813757,-73.900642,Entire home/apt,30.12,1,51,2025-11-23,1.1,1,0,$0-75,False,285.0,Rarely Available
1002814,Entire home/apt in Financial District,501014,Host1014,t,Manhattan,Financial District,40.758088,-73.936896,Entire home/apt,274.39,2,5,2026-06-29,0.16,1,181,$250-400,True,67.0,Highly Available
1002815,Private room in Greenpoint,501015,Host1015,f,Brooklyn,Greenpoint,40.68113,-73.948862,Private room,220.74,3,26,2026-06-13,0.9,1,193,$150-250,False,83.0,Highly Available
1002816,Entire home/apt in Chelsea,501016,Host1016,f,Manhattan,Chelsea,40.764804,-73.954334,Entire home/apt,286.41,2,17,2026-02-15,2.6,1,176,$250-400,False,201.0,Sometimes Available
1002817,Entire home/apt in Astoria,501017,Host1017,f,Queens,Astoria,40.724264,-73.770511,Entire home/apt,140.84,1,35,2025-05-30,0.86,1,224,$75-150,False,462.0,Highly Available
1002818,Entire home/apt in Ridgewood,501018,Host1018,f,Queens,Ridgewood,40.724403,-73.771024,Entire home/apt,218.77,1,8,2026-05-15,1.02,2,201,$150-250,False,112.0,Highly Available
1002819,Hotel room in Fordham,501019,Host1019,f,Bronx,Fordham,40.830151,-73.856795,Hotel room,94.69,7,16,2026-04-29,1.96,3,270,$75-150,False,128.0,Highly Available
1002820,Entire home/apt in St. George,501020,Host1020,t,Staten Island,St. George,40.610902,-74.194889,Entire home/apt,91.83,1,1,2026-05-19,0.03,1,127,$75-150,True,108.0,Sometimes Available
1002821,Entire home/apt in Jamaica,501021,Host1021,t,Queens,Jamaica,40.730309,-73.795084,Entire home/apt,127.27,2,50,2026-06-05,1.21,1,258,$75-150,True,91.0,Highly Available
1002822,Entire home/apt in East Village,501022,Host1022,t,Manhattan,East Village,40.811748,-73.980058,Entire home/apt,324.13,5,5,2026-03-23,0.14,1,97,$250-400,True,165.0,Sometimes Available
1002823,Private room in Astoria,501023,Host1023,f,Queens,Astoria,40.753802,-73.768013,Private room,48.35,1,43,2026-05-23,0.91,1,245,$0-75,False,104.0,Highly Available
1002824,Entire home/apt in Crown Heights,501024,Host1024,f,Brooklyn,Crown Heights,40.668579,-73.938502,Entire home/apt,193.76,14,22,2026-07-24,0.59,1,188,$150-250,False,42.0,Highly Available
1002825,Entire home/apt in Astoria,501025,Host1025,f,Queens,Astoria,40.72443,-73.787423,Entire home/apt,127.21,14,15,2026-06-09,1.31,1,242,$75-150,False,87.0,Highly Available
1002826,Entire home/apt in Midtown,501026,Host1026,f,Manhattan,Midtown,40.778977,-73.948976,Entire home/apt,345.9,1,5,2026-06-01,0.5,1,365,$250-400,False,95.0,Highly Available
1002827,Entire home/apt in Flushing,501027,Host1027,f,Queens,Flushing,40.736396,-73.786779,Entire home/apt,134.1,5,7,2026-02-20,0.41,1,10,$75-150,False,196.0,Rarely Available
1002828,Entire home/apt in Bedford-Stuyvesant,501028,Host1028,f,Brooklyn,Bedford-Stuyvesant,40.637384,-73.934003,Entire home/apt,270.42,3,1,2026-01-22,0.02,1,36,$250-400,False,225.0,Sometimes Available
1002829,Private room in St. George,501029,Host1029,t,Staten Island,St. George,40.576209,-74.194165,Private room,20.0,3,5,2025-12-09,0.11,3,175,$0-75,True,269.0,Sometimes Available
1002830,Private room in Midtown,501030,Host1030,f,Manhattan,Midtown,40.761296,-73.957944,Private room,369.31,3,6,2026-05-20,0.28,1,157,$250-400,False,107.0,Sometimes Available
1002831,Private room in DUMBO,501031,Host1031,f,Brooklyn,DUMBO,40.65174,-73.951621,Private room,120.25,30,36,2024-11-28,1.99,1,213,$75-150,False,645.0,Highly Available
1002832,Entire home/apt in Fordham,501032,Host1032,f,Bronx,Fordham,40.840856,-73.870081,Entire home/apt,131.46,3,16,2026-06-03,0.95,1,180,$75-150,False,93.0,Sometimes Available
1002833,Entire home/apt in Bedford-Stuyvesant,501033,Host1033,t,Brooklyn,Bedford-Stuyvesant,40.687157,-73.970709,Entire home/apt,370.59,7,47,2026-07-29,1.55,5,188,$250-400,True,37.0,Highly Available
1002834,Shared room in Bushwick,501034,Host1034,f,Brooklyn,Bushwick,40.672564,-73.932938,Shared room,130.02,3,35,2026-06-03,2.51,10,0,$75-150,False,93.0,Rarely Available
1002835,Private room in Upper West Side,501035,Host1035,f,Manhattan,Upper West Side,40.753555,-73.970337,Private room,248.72,1,1,2025-12-10,0.05,1,304,$150-250,False,268.0,Highly Available
1002836,Private room in Long Island City,501036,Host1036,f,Queens,Long Island City,40.730111,-73.814273,Private room,111.74,1,27,2026-04-01,0.71,1,182,$75-150,False,156.0,Highly Available
1002837,Private room in Upper West Side,501037,Host1037,f,Manhattan,Upper West Side,40.781314,-73.96275,Private room,155.03,14,29,2026-03-17,1.27,1,129,$150-250,False,171.0,Sometimes Available
1002838,Hotel room in Ridgewood,501038,Host1038,f,Queens,Ridgewood,40.688291,-73.804945,Hotel room,176.97,2,55,2026-07-23,5.19,1,9,$150-250,False,43.0,Rarely Available
1002839,Private room in Flushing,501039,Host1039,t,Queens,Flushing,40.7605,-73.792346,Private room,38.52,14,20,2026-04-14,0.98,1,265,$0-75,True,143.0,Highly Available
1002840,Private room in Astoria,501040,Host1040,f,Queens,Astoria,40.761962,-73.790555,Private room,56.99,1,16,2026-02-11,0.36,1,105,$0-75,False,205.0,Sometimes Available
1002841,Entire home/apt in Midtown,501041,Host1041,f,Manhattan,Midtown,40.776024,-73.966423,Entire home/apt,154.07,1,11,2026-07-28,0.27,2,212,$150-250,False,38.0,Highly Available
1002842,Private room in Fordham,501042,Host1042,t,Bronx,Fordham,40.805472,-73.872566,Private room,40.07,2,0,,0.0,1,251,$0-75,True,,Highly Available
1002843,Entire home/apt in Financial District,501043,Host1043,t,Manhattan,Financial District,40.788165,-73.992063,Entire home/apt,324.86,5,2,2026-04-28,0.05,1,237,$250-400,True,129.0,Highly Available
1002844,Entire home/apt in Astoria,501044,Host1044,f,Queens,Astoria,40.733876,-73.770472,Entire home/apt,123.44,1,8,2026-01-28,0.37,1,55,$75-150,False,219.0,Sometimes Available
1002845,Private room in Williamsburg,501045,Host1045,t,Brooklyn,Williamsburg,40.69635,-73.95956,Private room,39.59,30,64,2026-04-04,1.61,5,311,$0-75,True,153.0,Highly Available
1002846,Entire home/apt in Midtown,501046,Host1046,f,Manhattan,Midtown,40.771292,-73.952269,Entire home/apt,203.56,1,15,2026-06-18,0.51,1,365,$150-250,False,78.0,Highly Available
1002847,Entire home/apt in Ridgewood,501047,Host1047,t,Queens,Ridgewood,40.755566,-73.834048,Entire home/apt,239.47,3,120,2026-05-25,6.9,1,2,$150-250,True,102.0,Rarely Available
1002848,Private room in Hell's Kitchen,501048,Host1048,t,Manhattan,Hell's Kitchen,40.754244,-73.925375,Private room,134.78,1,46,2026-06-29,3.79,1,265,$75-150,True,67.0,Highly Available
1002849,Private room in DUMBO,501049,Host1049,f,Brooklyn,DUMBO,40.648162,-73.930515,Private room,83.99,5,13,2026-07-01,0.37,3,130,$75-150,False,65.0,Sometimes Available
1002850,Private room in Riverdale,501050,Host1050,f,Bronx,Riverdale,40.847411,-73.905983,Private room,33.38,7,46,2026-03-01,3.44,1,266,$0-75,False,187.0,Highly Available
1002851,Entire home/apt in Hell's Kitchen,501051,Host1051,f,Manhattan,Hell's Kitchen,40.770714,-73.952782,Entire home/apt,213.22,30,64,2025-11-29,1.36,1,239,$150-250,False,279.0,Highly Available
1002852,Private room in Chelsea,501052,Host1052,f,Manhattan,Chelsea,40.769802,-73.956847,Private room,68.71,3,24,2026-07-26,0.57,1,298,$0-75,False,40.0,Highly Available
1002853,Private room in Greenpoint,501053,Host1053,f,Brooklyn,Greenpoint,40.658315,-73.948967,Private room,125.3,2,20,2026-02-12,0.73,1,114,$75-150,False,204.0,Sometimes Available
1002854,Entire home/apt in Long Island City,501054,Host1054,f,Queens,Long Island City,40.73719,-73.782754,Entire home/apt,284.12,1,21,2026-05-19,0.57,1,238,$250-400,False,108.0,Highly Available
1002855,Entire home/apt in Midtown,501055,Host1055,f,Manhattan,Midtown,40.805895,-73.971997,Entire home/apt,331.94,5,125,2026-06-13,3.46,1,192,$250-400,False,83.0,Highly Available
1002856,Entire home/apt in Long Island City,501056,Host1056,f,Queens,Long Island City,40.748217,-73.790555,Entire home/apt,54.28,2,37,2025-08-28,0.81,1,183,$0-75,False,372.0,Highly Available
1002857,Entire home/apt in Mott Haven,501057,Host1057,f,Bronx,Mott Haven,40.863666,-73.865304,Entire home/apt,74.42,1,14,2026-06-21,0.35,2,365,$0-75,False,75.0,Highly Available
1002858,Private room in Upper West Side,501058,Host1058,f,Manhattan,Upper West Side,40.785725,-73.992017,Private room,145.71,2,25,2026-07-27,0.58,1,358,$75-150,False,39.0,Highly Available
1002859,Private room in Financial District,501059,Host1059,t,Manhattan,Financial District,40.768559,-73.965164,Private room,186.94,3,61,2026-07-14,2.21,1,123,$150-250,True,52.0,Sometimes Available
1002860,Entire home/apt in Greenpoint,501060,Host1060,f,Brooklyn,Greenpoint,40.667943,-73.961709,Entire home/apt,139.37,2,18,2026-07-23,0.49,1,274,$75-150,False,43.0,Highly Available
1002861,Private room in Harlem,501061,Host1061,f,Manhattan,Harlem,40.758345,-73.97043,Private room,130.44,3,61,2026-07-15,5.43,1,200,$75-150,False,51.0,Highly Available
1002862,Entire home/apt in Crown Heights,501062,Host1062,t,Brooklyn,Crown Heights,40.685929,-73.935008,Entire home/apt,287.91,1,7,2026-07-21,0.15,1,66,$250-400,True,45.0,Sometimes Available
1002863,Entire home/apt in Long Island City,501063,Host1063,f,Queens,Long Island City,40.713697,-73.814999,Entire home/apt,129.37,3,1,2026-06-10,0.03,1,90,$75-150,False,86.0,Sometimes Available
1002864,Entire home/apt in Harlem,501064,Host1064,t,Manhattan,Harlem,40.745933,-73.970031,Entire home/apt,64.39,5,3,2026-06-18,0.06,1,317,$0-75,True,78.0,Highly Available
1002865,Shared room in Jamaica,501065,Host1065,t,Queens,Jamaica,40.720447,-73.796236,Shared room,20.0,1,24,2026-06-30,0.82,1,194,$0-75,True,66.0,Highly Available
1002866,Entire home/apt in Upper West Side,501066,Host1066,f,Manhattan,Upper West Side,40.773922,-73.958744,Entire home/apt,553.4843000000001,5,4,2026-05-26,0.36,2,202,$400+,False,101.0,Highly Available
1002867,Private room in Upper West Side,501067,Host1067,f,Manhattan,Upper West Side,40.74885,-73.967064,Private room,122.62,3,37,2026-06-18,0.87,1,205,$75-150,False,78.0,Highly Available
1002868,Entire home/apt in East Village,501068,Host1068,t,Manhattan,East Village,40.795729,-73.962889,Entire home/apt,295.18,2,24,2026-07-20,0.56,1,23,$250-400,True,46.0,Rarely Available
1002869,Private room in Chelsea,501069,Host1069,f,Manhattan,Chelsea,40.78153,-73.966866,Private room,145.25,3,33,2026-07-15,0.73,1,172,$75-150,False,51.0,Sometimes Available
1002870,Private room in Riverdale,501070,Host1070,f,Bronx,Riverdale,40.832438,-73.86105,Private room,53.72,3,15,2026-01-22,0.9,1,214,$0-75,False,225.0,Highly Available
1002871,Entire home/apt in Jamaica,501071,Host1071,t,Queens,Jamaica,40.71346,-73.796593,Entire home/apt,96.11,1,67,2026-01-19,1.92,1,278,$75-150,True,228.0,Highly Available
1002872,Shared room in Hell's Kitchen,501072,Host1072,t,Manhattan,Hell's Kitchen,40.773307,-73.964754,Shared room,113.02,7,55,2026-01-04,1.25,1,349,$75-150,True,243.0,Highly Available
1002873,Entire home/apt in East Village,501073,Host1073,t,Manhattan,East Village,40.769805,-73.956657,Entire home/apt,133.56,2,19,2026-05-14,0.61,2,136,$75-150,True,113.0,Sometimes Available
1002874,Private room in Bushwick,501074,Host1074,f,Brooklyn,Bushwick,40.698863,-73.905575,Private room,93.16,3,17,2026-01-19,0.73,1,0,$75-150,False,228.0,Rarely Available
1002875,Private room in Astoria,501075,Host1075,t,Queens,Astoria,40.716294,-73.774944,Private room,54.5,30,88,2026-07-25,1.86,2,304,$0-75,True,41.0,Highly Available
1002876,Entire home/apt in Williamsburg,501076,Host1076,f,Brooklyn,Williamsburg,40.685234,-73.955715,Entire home/apt,507.23,1,17,2026-08-01,0.71,1,124,$400+,False,34.0,Sometimes Available
1002877,Private room in Hell's Kitchen,501077,Host1077,t,Manhattan,Hell's Kitchen,40.780543,-73.983324,Private room,91.99,1,7,2025-11-26,0.16,2,83,$75-150,True,282.0,Sometimes Available
1002878,Private room in Financial District,501078,Host1078,t,Manhattan,Financial District,40.76979,-73.972544,Private room,128.56,5,36,2026-04-28,0.85,1,292,$75-150,True,129.0,Highly Available
1002879,Shared room in Chelsea,501079,Host1079,f,Manhattan,Chelsea,40.796508,-73.970681,Shared room,135.73,3,12,2026-07-05,0.37,1,0,$75-150,False,61.0,Rarely Available
1002880,Entire home/apt in Mott Haven,501080,Host1080,t,Bronx,Mott Haven,40.797314,-73.908991,Entire home/apt,112.41,5,80,2026-05-23,1.8,10,228,$75-150,True,104.0,Highly Available
1002881,Private room in Chelsea,501081,Host1081,f,Manhattan,Chelsea,40.778758,-73.9775,Private room,75.8,5,18,2026-07-16,0.57,1,365,$75-150,False,50.0,Highly Available
1002882,Private room in East Village,501082,Host1082,f,Manhattan,East Village,40.777187,-73.939623,Private room,95.55,1,23,2025-11-24,0.66,1,225,$75-150,False,284.0,Highly Available
1002883,Entire home/apt in Williamsburg,501083,Host1083,f,Brooklyn,Williamsburg,40.683129,-73.960436,Entire home/apt,49.22,14,24,2026-03-06,2.85,1,262,$0-75,False,182.0,Highly Available
1002884,Entire home/apt in Crown Heights,501084,Host1084,f,Brooklyn,Crown Heights,40.634568,-73.927228,Entire home/apt,202.82,1,12,2026-03-13,1.03,1,365,$150-250,False,175.0,Highly Available
1002885,Entire home/apt in East Village,501085,Host1085,t,Manhattan,East Village,40.798282,-73.988664,Entire home/apt,71.83,3,0,,0.0,1,260,$0-75,True,,Highly Available
1002886,Private room in Flushing,501086,Host1086,f,Queens,Flushing,40.723305,-73.773682,Private room,82.33,1,60,2024-12-08,2.27,3,220,$75-150,False,635.0,Highly Available
1002887,Entire home/apt in Astoria,501087,Host1087,f,Queens,Astoria,40.73935,-73.815788,Entire home/apt,96.15,1,17,2026-06-29,0.37,1,0,$75-150,False,67.0,Rarely Available
1002888,Entire home/apt in Jamaica,501088,Host1088,f,Queens,Jamaica,40.690267,-73.78441,Entire home/apt,118.64,2,50,2026-05-20,2.78,1,121,$75-150,False,107.0,Sometimes Available
1002889,Entire home/apt in Upper West Side,501089,Host1089,t,Manhattan,Upper West Side,40.7885,-73.959013,Entire home/apt,174.88,2,0,,0.0,1,124,$150-250,True,,Sometimes Available
1002890,Private room in Tottenville,501090,Host1090,f,Staten Island,Tottenville,40.573746,-74.150519,Private room,57.4,1,32,2026-05-30,0.82,1,219,$0-75,False,97.0,Highly Available
1002891,Entire home/apt in Chelsea,501091,Host1091,f,Manhattan,Chelsea,40.789062,-73.954113,Entire home/apt,281.36,2,2,2026-01-28,0.17,1,203,$250-400,False,219.0,Highly Available
1002892,Private room in Bedford-Stuyvesant,501092,Host1092,f,Brooklyn,Bedford-Stuyvesant,40.664932,-73.950714,Private room,59.43,2,40,2026-06-25,5.18,1,159,$0-75,False,71.0,Sometimes Available
1002893,Entire home/apt in Jamaica,501093,Host1093,f,Queens,Jamaica,40.725471,-73.801628,Entire home/apt,260.22,3,31,2026-06-10,0.85,1,0,$250-400,False,86.0,Rarely Available
1002894,Private room in Fordham,501094,Host1094,f,Bronx,Fordham,40.81731,-73.893185,Private room,79.65,5,2,2026-06-29,0.28,1,134,$75-150,False,67.0,Sometimes Available
1002895,Entire home/apt in Astoria,501095,Host1095,f,Queens,Astoria,40.722491,-73.801714,Entire home/apt,58.68,2,0,,0.0,1,276,$0-75,False,,Highly Available
1002896,Private room in Bedford-Stuyvesant,501096,Host1096,f,Brooklyn,Bedford-Stuyvesant,40.69411,-73.973414,Private room,164.71,5,3,2026-07-03,0.22,1,189,$150-250,False,63.0,Highly Available
1002897,Shared room in Jamaica,501097,Host1097,f,Queens,Jamaica,40.736135,-73.770198,Shared room,36.45,3,37,2026-06-01,0.91,1,0,$0-75,False,95.0,Rarely Available
1002898,Private room in Upper West Side,501098,Host1098,f,Manhattan,Upper West Side,40.766697,-73.972629,Private room,140.3,1,26,2025-08-27,3.21,3,56,$75-150,False,373.0,Sometimes Available
1002899,Entire home/apt in DUMBO,501099,Host1099,t,Brooklyn,DUMBO,40.690537,-73.980074,Entire home/apt,192.1,1,18,2026-05-11,0.38,1,322,$150-250,True,116.0,Highly Available
1002900,Private room in Crown Heights,501100,Host1100,f,Brooklyn,Crown Heights,40.685292,-73.954537,Private room,148.23,3,23,2025-12-16,0.95,5,337,$75-150,False,262.0,Highly Available
1002901,Private room in Park Slope,501101,Host1101,f,Brooklyn,Park Slope,40.657348,-73.935561,Private room,104.95,3,7,2026-02-07,0.18,1,256,$75-150,False,209.0,Highly Available
1002902,Private room in Fordham,501102,Host1102,f,Bronx,Fordham,40.815161,-73.893638,Private room,57.31,1,43,2026-06-20,1.67,1,66,$0-75,False,76.0,Sometimes Available
1002903,Private room in Harlem,501103,Host1103,f,Manhattan,Harlem,40.794436,-73.955216,Private room,118.06,3,38,2026-03-27,1.3,2,179,$75-150,False,161.0,Sometimes Available
1002904,Private room in Bedford-Stuyvesant,501104,Host1104,f,Brooklyn,Bedford-Stuyvesant,40.660468,-73.919929,Private room,69.64,1,167,2025-07-07,4.2,2,58,$0-75,False,424.0,Sometimes Available
1002905,Hotel room in Park Slope,501105,Host1105,f,Brooklyn,Park Slope,40.700648,-73.984667,Hotel room,124.53,5,17,2026-07-11,0.51,1,148,$75-150,False,55.0,Sometimes Available
1002906,Entire home/apt in Bedford-Stuyvesant,501106,Host1106,f,Brooklyn,Bedford-Stuyvesant,40.663284,-73.973124,Entire home/apt,132.86,2,26,2026-03-30,0.54,3,110,$75-150,False,158.0,Sometimes Available
1002907,Private room in Financial District,501107,Host1107,f,Manhattan,Financial District,40.795093,-73.97158,Private room,141.56,7,61,2026-07-21,1.34,1,58,$75-150,False,45.0,Sometimes Available
1002908,Entire home/apt in Crown Heights,501108,Host1108,f,Brooklyn,Crown Heights,40.647278,-73.912396,Entire home/apt,71.69,1,9,2026-04-06,0.92,3,105,$0-75,False,151.0,Sometimes Available
1002909,Entire home/apt in Flushing,501109,Host1109,t,Queens,Flushing,40.738415,-73.808297,Entire home/apt,68.1,3,11,2025-11-17,0.47,1,232,$0-75,True,291.0,Highly Available
1002910,Private room in Midtown,501110,Host1110,t,Manhattan,Midtown,40.786221,-73.966446,Private room,247.64,1,22,2025-10-12,1.3,1,92,$150-250,True,327.0,Sometimes Available
1002911,Entire home/apt in Long Island City,501111,Host1111,f,Queens,Long Island City,40.713105,-73.824636,Entire home/apt,175.58,3,5,2024-09-05,0.13,1,6,$150-250,False,729.0,Rarely Available
1002912,Entire home/apt in Ridgewood,501112,Host1112,f,Queens,Ridgewood,40.694988,-73.776467,Entire home/apt,85.86,5,4,2026-06-23,0.58,1,186,$75-150,False,73.0,Highly Available
1002913,Private room in Riverdale,501113,Host1113,f,Bronx,Riverdale,40.795395,-73.890632,Private room,64.18,1,7,2026-05-27,0.38,1,148,$0-75,False,100.0,Sometimes Available
1002914,Private room in Mott Haven,501114,Host1114,t,Bronx,Mott Haven,40.857625,-73.900814,Private room,45.93,1,11,2026-07-25,0.35,1,179,$0-75,True,41.0,Sometimes Available
1002915,Private room in Chelsea,501115,Host1115,f,Manhattan,Chelsea,40.748261,-73.98738,Private room,182.65,1,14,2025-12-29,0.36,1,330,$150-250,False,249.0,Highly Available
1002916,Entire home/apt in Harlem,501116,Host1116,t,Manhattan,Harlem,40.762532,-73.95238,Entire home/apt,141.85,1,0,,0.0,1,162,$75-150,True,,Sometimes Available
1002917,Entire home/apt in Financial District,501117,Host1117,f,Manhattan,Financial District,40.738945,-73.946357,Entire home/apt,411.72,5,14,2026-07-24,2.3,1,333,$400+,False,42.0,Highly Available
1002918,Private room in Park Slope,501118,Host1118,f,Brooklyn,Park Slope,40.674362,-73.947843,Private room,99.89,2,32,2025-12-05,0.74,1,0,$75-150,False,273.0,Rarely Available
1002919,Entire home/apt in Bushwick,501119,Host1119,t,Brooklyn,Bushwick,40.680254,-73.926382,Entire home/apt,61.48,30,54,2025-02-08,3.84,1,128,$0-75,True,573.0,Sometimes Available
1002920,Private room in Ridgewood,501120,Host1120,f,Queens,Ridgewood,40.716556,-73.815558,Private room,61.13,1,15,2026-06-10,0.37,1,193,$0-75,False,86.0,Highly Available
1002921,Entire home/apt in Crown Heights,501121,Host1121,f,Brooklyn,Crown Heights,40.662595,-73.94336,Entire home/apt,214.13,1,43,2026-03-01,1.21,10,131,$150-250,False,187.0,Sometimes Available
1002922,Entire home/apt in Midtown,501122,Host1122,f,Manhattan,Midtown,40.764876,-73.973617,Entire home/apt,118.43,14,17,2025-12-19,0.77,1,298,$75-150,False,259.0,Highly Available
1002923,Private room in Williamsburg,501123,Host1123,f,Brooklyn,Williamsburg,40.637685,-73.916825,Private room,165.98,14,43,2026-06-27,1.12,1,259,$150-250,False,69.0,Highly Available
1002924,Entire home/apt in Park Slope,501124,Host1124,f,Brooklyn,Park Slope,40.700964,-73.94928,Entire home/apt,248.7,1,26,2026-03-24,0.71,1,10,$150-250,False,164.0,Rarely Available
1002925,Entire home/apt in Greenpoint,501125,Host1125,f,Brooklyn,Greenpoint,40.68643,-73.97089,Entire home/apt,85.85,2,32,2025-08-27,1.63,1,141,$75-150,False,373.0,Sometimes Available
1002926,Hotel room in DUMBO,501126,Host1126,f,Brooklyn,DUMBO,40.674148,-73.934002,Hotel room,215.64,30,10,2026-06-15,1.67,1,95,$150-250,False,81.0,Sometimes Available
1002927,Entire home/apt in Bushwick,501127,Host1127,f,Brooklyn,Bushwick,40.69855,-73.958849,Entire home/apt,156.98,7,55,2026-07-16,2.47,1,40,$150-250,False,50.0,Sometimes Available
1002928,Entire home/apt in Financial District,501128,Host1128,f,Manhattan,Financial District,40.788274,-73.977644,Entire home/apt,478.37,1,3,2026-07-25,0.17,3,320,$400+,False,41.0,Highly Available
1002929,Entire home/apt in Chelsea,501129,Host1129,t,Manhattan,Chelsea,40.775762,-74.00349,Entire home/apt,188.15,1,16,2026-04-15,0.99,1,155,$150-250,True,142.0,Sometimes Available
1002930,Shared room in Bushwick,501130,Host1130,t,Brooklyn,Bushwick,40.66368,-73.951623,Shared room,41.46,1,3,2026-07-01,0.18,1,198,$0-75,True,65.0,Highly Available
1002931,Entire home/apt in Harlem,501131,Host1131,f,Manhattan,Harlem,40.740147,-73.986824,Entire home/apt,227.23,14,34,2026-05-10,0.77,1,74,$150-250,False,117.0,Sometimes Available
1002932,Private room in Riverdale,501132,Host1132,f,Bronx,Riverdale,40.881937,-73.897252,Private room,40.15,2,19,2025-12-06,0.6,1,60,$0-75,False,272.0,Sometimes Available
1002933,Entire home/apt in Greenpoint,501133,Host1133,f,Brooklyn,Greenpoint,40.664483,-73.936596,Entire home/apt,112.38,7,55,2026-01-03,2.65,1,213,$75-150,False,244.0,Highly Available
1002934,Entire home/apt in Bushwick,501134,Host1134,f,Brooklyn,Bushwick,40.697405,-73.941159,Entire home/apt,46.3,1,2,2025-05-12,0.07,1,23,$0-75,False,480.0,Rarely Available
1002935,Entire home/apt in Park Slope,501135,Host1135,f,Brooklyn,Park Slope,40.679932,-73.921186,Entire home/apt,197.79,1,114,2026-07-26,4.53,10,225,$150-250,False,40.0,Highly Available
1002936,Private room in Crown Heights,501136,Host1136,f,Brooklyn,Crown Heights,40.684386,-73.97263,Private room,132.28,3,48,2026-07-10,1.37,1,230,$75-150,False,56.0,Highly Available
1002937,Private room in Financial District,501137,Host1137,t,Manhattan,Financial District,40.802342,-74.039721,Private room,108.3,1,18,2024-11-22,0.4,1,312,$75-150,True,651.0,Highly Available
1002938,Entire home/apt in Midtown,501138,Host1138,t,Manhattan,Midtown,40.77443,-73.915865,Entire home/apt,66.56,2,106,2026-07-04,3.17,1,107,$0-75,True,62.0,Sometimes Available
1002939,Entire home/apt in Financial District,501139,Host1139,f,Manhattan,Financial District,40.782207,-73.987062,Entire home/apt,294.0,2,36,2026-07-25,1.09,3,236,$250-400,False,41.0,Highly Available
1002940,Entire home/apt in Hell's Kitchen,501140,Host1140,f,Manhattan,Hell's Kitchen,40.804458,-73.986346,Entire home/apt,322.44,7,17,2025-12-27,2.37,1,128,$250-400,False,251.0,Sometimes Available
1002941,Private room in Jamaica,501141,Host1141,t,Queens,Jamaica,40.715498,-73.803513,Private room,62.15,3,108,2026-03-26,2.6,1,0,$0-75,True,162.0,Rarely Available
1002942,Private room in Ridgewood,501142,Host1142,t,Queens,Ridgewood,40.718402,-73.802029,Private room,36.16,3,30,2026-02-17,2.54,1,16,$0-75,True,199.0,Rarely Available
1002943,Entire home/apt in Midtown,501143,Host1143,t,Manhattan,Midtown,40.78615,-73.969386,Entire home/apt,470.91,2,62,2026-02-17,1.64,1,0,$400+,True,199.0,Rarely Available
1002944,Private room in Riverdale,501144,Host1144,f,Bronx,Riverdale,40.872726,-73.894148,Private room,40.44,1,38,2026-07-09,1.05,1,127,$0-75,False,57.0,Sometimes Available
1002945,Private room in Chelsea,501145,Host1145,f,Manhattan,Chelsea,40.764939,-73.944167,Private room,152.92,1,7,2026-07-01,0.15,1,229,$150-250,False,65.0,Highly Available
1002946,Private room in Upper West Side,501146,Host1146,f,Manhattan,Upper West Side,40.79474,-73.98161,Private room,169.8,1,9,2026-04-04,1.45,1,30,$150-250,False,153.0,Rarely Available
1002947,Private room in Williamsburg,501147,Host1147,f,Brooklyn,Williamsburg,40.695844,-73.946657,Private room,113.84,3,4,2026-01-09,0.11,1,191,$75-150,False,238.0,Highly Available
1002948,Shared room in Tottenville,501148,Host1148,f,Staten Island,Tottenville,40.571079,-74.188366,Shared room,22.12,2,8,2026-03-20,0.17,1,274,$0-75,False,168.0,Highly Available
1002949,Private room in Upper West Side,501149,Host1149,f,Manhattan,Upper West Side,40.78586,-73.976521,Private room,217.7,1,20,2026-06-23,2.26,3,195,$150-250,False,73.0,Highly Available
1002950,Entire home/apt in Ridgewood,501150,Host1150,t,Queens,Ridgewood,40.707832,-73.830167,Entire home/apt,99.79,5,21,2026-04-19,0.72,1,192,$75-150,True,138.0,Highly Available
1002951,Private room in Harlem,501151,Host1151,t,Manhattan,Harlem,40.765182,-73.985195,Private room,372.73,2,11,2026-07-28,0.47,1,8,$250-400,True,38.0,Rarely Available
1002952,Private room in Riverdale,501152,Host1152,f,Bronx,Riverdale,40.842279,-73.875882,Private room,53.52,7,14,2026-07-19,0.51,1,195,$0-75,False,47.0,Highly Available
1002953,Entire home/apt in Jamaica,501153,Host1153,f,Queens,Jamaica,40.702769,-73.796501,Entire home/apt,36.21,3,48,2026-06-18,1.34,1,198,$0-75,False,78.0,Highly Available
1002954,Entire home/apt in Upper West Side,501154,Host1154,f,Manhattan,Upper West Side,40.776768,-73.978898,Entire home/apt,183.02,1,7,2026-04-09,0.24,1,114,$150-250,False,148.0,Sometimes Available
1002955,Private room in East Village,501155,Host1155,f,Manhattan,East Village,40.757801,-73.972327,Private room,195.02,14,115,2026-07-31,2.7,1,12,$150-250,False,35.0,Rarely Available
1002956,Private room in Flushing,501156,Host1156,f,Queens,Flushing,40.739787,-73.813247,Private room,61.16,1,8,2026-02-13,0.25,1,24,$0-75,False,203.0,Rarely Available
1002957,Private room in Williamsburg,501157,Host1157,f,Brooklyn,Williamsburg,40.688485,-73.950358,Private room,84.26,1,46,2025-07-01,1.85,1,56,$75-150,False,430.0,Sometimes Available
1002958,Entire home/apt in Williamsburg,501158,Host1158,t,Brooklyn,Williamsburg,40.699167,-73.93148,Entire home/apt,264.18,7,115,2025-08-03,2.77,2,365,$250-400,True,397.0,Highly Available
1002959,Private room in Long Island City,501159,Host1159,f,Queens,Long Island City,40.668388,-73.810349,Private room,72.19,2,18,2025-05-16,0.81,1,347,$0-75,False,476.0,Highly Available
1002960,Private room in Flushing,501160,Host1160,f,Queens,Flushing,40.740884,-73.8346,Private room,66.17,3,15,2026-06-21,0.64,3,351,$0-75,False,75.0,Highly Available
1002961,Entire home/apt in Greenpoint,501161,Host1161,f,Brooklyn,Greenpoint,40.687075,-73.967899,Entire home/apt,245.71,14,2,2026-01-01,0.05,10,171,$150-250,False,246.0,Sometimes Available
1002962,Entire home/apt in Jamaica,501162,Host1162,t,Queens,Jamaica,40.701382,-73.797872,Entire home/apt,229.15,14,11,2026-05-20,0.91,1,246,$150-250,True,107.0,Highly Available
1002963,Entire home/apt in Greenpoint,501163,Host1163,t,Brooklyn,Greenpoint,40.686689,-73.963934,Entire home/apt,117.28,1,15,2026-04-07,0.39,1,322,$75-150,True,150.0,Highly Available
1002964,Entire home/apt in Midtown,501164,Host1164,f,Manhattan,Midtown,40.796617,-74.005593,Entire home/apt,357.86,2,13,2026-07-14,0.53,1,120,$250-400,False,52.0,Sometimes Available
1002965,Private room in Crown Heights,501165,Host1165,f,Brooklyn,Crown Heights,40.693939,-73.967102,Private room,102.12,2,1,2026-06-18,0.03,1,263,$75-150,False,78.0,Highly Available
1002966,Shared room in Astoria,501166,Host1166,f,Queens,Astoria,40.713649,-73.775899,Shared room,27.62,2,16,2026-05-09,0.58,1,245,$0-75,False,118.0,Highly Available
1002967,Entire home/apt in Riverdale,501167,Host1167,t,Bronx,Riverdale,40.860235,-73.88165,Entire home/apt,107.11,14,1,2026-06-11,0.15,1,105,$75-150,True,85.0,Sometimes Available
1002968,Entire home/apt in Upper West Side,501168,Host1168,t,Manhattan,Upper West Side,40.732704,-73.960264,Entire home/apt,251.5,1,8,2026-02-01,0.62,1,103,$250-400,True,215.0,Sometimes Available
1002969,Private room in Bedford-Stuyvesant,501169,Host1169,f,Brooklyn,Bedford-Stuyvesant,40.684389,-73.958318,Private room,84.59,2,24,2026-05-16,0.73,1,161,$75-150,False,111.0,Sometimes Available
1002970,Shared room in Astoria,501170,Host1170,f,Queens,Astoria,40.747105,-73.807179,Shared room,20.0,1,1,2026-07-11,0.03,1,261,$0-75,False,55.0,Highly Available
1002971,Entire home/apt in DUMBO,501171,Host1171,f,Brooklyn,DUMBO,40.693938,-73.972316,Entire home/apt,135.16,1,33,2026-07-13,0.75,1,172,$75-150,False,53.0,Sometimes Available
1002972,Entire home/apt in Financial District,501172,Host1172,f,Manhattan,Financial District,40.772558,-73.980907,Entire home/apt,478.17,2,44,2026-07-21,1.07,1,165,$400+,False,45.0,Sometimes Available
1002973,Entire home/apt in Park Slope,501173,Host1173,t,Brooklyn,Park Slope,40.687966,-73.965504,Entire home/apt,154.53,7,39,2026-06-11,1.11,5,57,$150-250,True,85.0,Sometimes Available
1002974,Entire home/apt in Greenpoint,501174,Host1174,f,Brooklyn,Greenpoint,40.704111,-73.93154,Entire home/apt,183.62,3,0,,0.0,1,365,$150-250,False,,Highly Available
1002975,Private room in East Village,501175,Host1175,f,Manhattan,East Village,40.776896,-73.972351,Private room,100.63,2,3,2026-04-25,0.11,1,142,$75-150,False,132.0,Sometimes Available
1002976,Private room in Astoria,501176,Host1176,f,Queens,Astoria,40.753338,-73.799573,Private room,105.87,5,1,2026-07-16,0.03,1,0,$75-150,False,50.0,Rarely Available
1002977,Private room in Chelsea,501177,Host1177,f,Manhattan,Chelsea,40.790792,-73.976501,Private room,124.91,2,24,2026-06-14,1.1,1,158,$75-150,False,82.0,Sometimes Available
1002978,Private room in Financial District,501178,Host1178,f,Manhattan,Financial District,40.765188,-73.984574,Private room,138.75,2,15,2026-05-06,1.77,1,304,$75-150,False,121.0,Highly Available
1002979,Entire home/apt in Tottenville,501179,Host1179,f,Staten Island,Tottenville,40.591192,-74.126248,Entire home/apt,109.7,1,23,2026-07-21,2.01,3,77,$75-150,False,45.0,Sometimes Available
1002980,Private room in Hell's Kitchen,501180,Host1180,f,Manhattan,Hell's Kitchen,40.79529,-73.950423,Private room,101.17,3,10,2025-12-28,0.3,1,186,$75-150,False,250.0,Highly Available
1002981,Private room in Bushwick,501181,Host1181,f,Brooklyn,Bushwick,40.672115,-73.955054,Private room,81.77,5,5,2026-06-22,0.24,1,0,$75-150,False,74.0,Rarely Available
1002982,Entire home/apt in Ridgewood,501182,Host1182,t,Queens,Ridgewood,40.731658,-73.799009,Entire home/apt,118.11,14,16,2026-07-15,0.7,1,208,$75-150,True,51.0,Highly Available
1002983,Entire home/apt in Financial District,501183,Host1183,f,Manhattan,Financial District,40.801516,-73.94698,Entire home/apt,196.68,2,46,2026-07-10,1.65,1,169,$150-250,False,56.0,Sometimes Available
1002984,Entire home/apt in Tottenville,501184,Host1184,t,Staten Island,Tottenville,40.585894,-74.110639,Entire home/apt,308.67,30,11,2026-07-30,0.7,1,119,$250-400,True,36.0,Sometimes Available
1002985,Entire home/apt in Upper West Side,501185,Host1185,t,Manhattan,Upper West Side,40.794306,-73.949812,Entire home/apt,185.64,1,34,2024-11-06,0.85,1,128,$150-250,True,667.0,Sometimes Available
1002986,Entire home/apt in Greenpoint,501186,Host1186,f,Brooklyn,Greenpoint,40.631374,-73.947605,Entire home/apt,192.57,3,42,2026-01-19,3.07,1,44,$150-250,False,228.0,Sometimes Available
1002987,Entire home/apt in DUMBO,501187,Host1187,f,Brooklyn,DUMBO,40.681798,-73.948878,Entire home/apt,410.6,5,25,2026-07-15,2.55,1,141,$400+,False,51.0,Sometimes Available
1002988,Private room in Midtown,501188,Host1188,t,Manhattan,Midtown,40.77182,-74.000167,Private room,147.1,5,35,2026-06-19,1.09,1,180,$75-150,True,77.0,Sometimes Available
1002989,Entire home/apt in Bushwick,501189,Host1189,f,Brooklyn,Bushwick,40.694136,-73.914455,Entire home/apt,171.07,30,4,2026-04-09,0.1,1,150,$150-250,False,148.0,Sometimes Available
1002990,Entire home/apt in Astoria,501190,Host1190,f,Queens,Astoria,40.727965,-73.790758,Entire home/apt,80.59,1,9,2026-06-09,0.23,1,186,$75-150,False,87.0,Highly Available
1002991,Private room in Upper West Side,501191,Host1191,t,Manhattan,Upper West Side,40.781415,-73.979461,Private room,171.63,1,56,2026-07-22,4.14,1,173,$150-250,True,44.0,Sometimes Available
1002992,Entire home/apt in DUMBO,501192,Host1192,f,Brooklyn,DUMBO,40.659772,-73.897162,Entire home/apt,170.76,1,11,2026-02-13,0.73,5,171,$150-250,False,203.0,Sometimes Available
1002993,Private room in Bedford-Stuyvesant,501193,Host1193,f,Brooklyn,Bedford-Stuyvesant,40.66132,-73.905078,Private room,49.25,2,5,2025-04-18,0.12,1,170,$0-75,False,504.0,Sometimes Available
1002994,Private room in DUMBO,501194,Host1194,f,Brooklyn,DUMBO,40.668947,-73.958489,Private room,114.27,5,17,2026-03-24,2.18,1,198,$75-150,False,164.0,Highly Available
1002995,Entire home/apt in Jamaica,501195,Host1195,f,Queens,Jamaica,40.753916,-73.804983,Entire home/apt,106.42,3,0,,0.0,1,280,$75-150,False,,Highly Available
1002996,Entire home/apt in Harlem,501196,Host1196,f,Manhattan,Harlem,40.772523,-73.987929,Entire home/apt,396.76,5,24,2025-07-02,0.92,2,135,$250-400,False,429.0,Sometimes Available
1002997,Entire home/apt in Upper West Side,501197,Host1197,f,Manhattan,Upper West Side,40.776437,-73.968317,Entire home/apt,171.14,7,3,2026-05-28,0.09,1,290,$150-250,False,99.0,Highly Available
1002998,Entire home/apt in Riverdale,501198,Host1198,f,Bronx,Riverdale,40.820338,-73.864988,Entire home/apt,100.5,14,20,2026-08-01,0.61,1,229,$75-150,False,34.0,Highly Available
1002999,Private room in St. George,501199,Host1199,f,Staten Island,St. George,40.609257,-74.143591,Private room,50.68,2,64,2026-05-27,6.98,2,365,$0-75,False,100.0,Highly Available
1003000,Entire home/apt in Riverdale,501200,Host1200,t,Bronx,Riverdale,40.822065,-73.894112,Entire home/apt,113.38,7,2,2026-03-24,0.05,2,289,$75-150,True,164.0,Highly Available
1003001,Entire home/apt in Financial District,501201,Host1201,f,Manhattan,Financial District,40.758546,-73.940674,Entire home/apt,393.54,1,20,2026-07-31,3.29,1,56,$250-400,False,35.0,Sometimes Available
1003002,Private room in Bushwick,501202,Host1202,t,Brooklyn,Bushwick,40.642324,-73.95075,Private room,45.63,7,6,2026-06-11,0.2,1,319,$0-75,True,85.0,Highly Available
1003003,Entire home/apt in Crown Heights,501203,Host1203,f,Brooklyn,Crown Heights,40.654147,-73.962663,Entire home/apt,293.8,1,4,2026-04-26,0.09,1,174,$250-400,False,131.0,Sometimes Available
1003004,Entire home/apt in Midtown,501204,Host1204,t,Manhattan,Midtown,40.79923,-73.960881,Entire home/apt,553.4843000000001,14,16,2025-11-25,0.39,2,48,$400+,True,283.0,Sometimes Available
1003005,Entire home/apt in Riverdale,501205,Host1205,t,Bronx,Riverdale,40.831717,-73.910977,Entire home/apt,113.03,1,21,2026-06-27,1.74,1,111,$75-150,True,69.0,Sometimes Available
1003006,Private room in Greenpoint,501206,Host1206,f,Brooklyn,Greenpoint,40.68022,-73.94692,Private room,87.41,1,13,2025-07-28,1.22,1,208,$75-150,False,403.0,Highly Available
1003007,Entire home/apt in Bedford-Stuyvesant,501207,Host1207,f,Brooklyn,Bedford-Stuyvesant,40.666094,-73.93936,Entire home/apt,186.82,1,5,2026-05-19,0.14,1,144,$150-250,False,108.0,Sometimes Available
1003008,Private room in Financial District,501208,Host1208,t,Manhattan,Financial District,40.793027,-73.974301,Private room,175.94,1,33,2024-06-23,0.93,1,275,$150-250,True,803.0,Highly Available
1003009,Entire home/apt in DUMBO,501209,Host1209,f,Brooklyn,DUMBO,40.676049,-73.950415,Entire home/apt,281.67,30,13,2026-05-18,0.56,1,38,$250-400,False,109.0,Sometimes Available
1003010,Private room in Greenpoint,501210,Host1210,t,Brooklyn,Greenpoint,40.701245,-73.96253,Private room,116.21,5,48,2026-02-25,2.64,1,90,$75-150,True,191.0,Sometimes Available
1003011,Entire home/apt in Bedford-Stuyvesant,501211,Host1211,t,Brooklyn,Bedford-Stuyvesant,40.689824,-73.982252,Entire home/apt,94.58,2,25,2024-06-28,1.83,1,322,$75-150,True,798.0,Highly Available
1003012,Entire home/apt in Riverdale,501212,Host1212,f,Bronx,Riverdale,40.817754,-73.908156,Entire home/apt,126.97,1,0,,0.0,1,190,$75-150,False,,Highly Available
1003013,Entire home/apt in Upper West Side,501213,Host1213,f,Manhattan,Upper West Side,40.771002,-73.960538,Entire home/apt,308.9,14,116,2026-07-11,4.88,1,19,$250-400,False,55.0,Rarely Available
1003014,Private room in DUMBO,501214,Host1214,t,Brooklyn,DUMBO,40.680377,-73.987531,Private room,81.4,7,18,2026-07-01,0.48,1,0,$75-150,True,65.0,Rarely Available
1003015,Entire home/apt in Long Island City,501215,Host1215,f,Queens,Long Island City,40.762304,-73.845463,Entire home/apt,209.88,2,9,2025-09-15,0.22,3,104,$150-250,False,354.0,Sometimes Available
1003016,Private room in Park Slope,501216,Host1216,f,Brooklyn,Park Slope,40.662991,-73.936049,Private room,38.83,3,19,2026-06-25,0.42,1,358,$0-75,False,71.0,Highly Available
1003017,Entire home/apt in Flushing,501217,Host1217,f,Queens,Flushing,40.737334,-73.76256,Entire home/apt,48.62,5,65,2026-07-09,4.35,3,93,$0-75,False,57.0,Sometimes Available
1003018,Private room in Williamsburg,501218,Host1218,f,Brooklyn,Williamsburg,40.641388,-73.944164,Private room,192.92,1,6,2026-06-08,0.54,1,109,$150-250,False,88.0,Sometimes Available
1003019,Entire home/apt in Greenpoint,501219,Host1219,f,Brooklyn,Greenpoint,40.688578,-73.980059,Entire home/apt,268.64,14,27,2025-12-19,1.1,5,365,$250-400,False,259.0,Highly Available
1003020,Entire home/apt in East Village,501220,Host1220,f,Manhattan,East Village,40.760065,-73.979935,Entire home/apt,500.46,2,21,2026-07-29,0.66,1,146,$400+,False,37.0,Sometimes Available
1003021,Entire home/apt in Financial District,501221,Host1221,t,Manhattan,Financial District,40.778169,-73.98434,Entire home/apt,287.58,3,108,2026-06-18,2.66,1,57,$250-400,True,78.0,Sometimes Available
1003022,Entire home/apt in Long Island City,501222,Host1222,f,Queens,Long Island City,40.733929,-73.841632,Entire home/apt,55.01,1,1,2026-01-28,0.04,1,5,$0-75,False,219.0,Rarely Available
1003023,Entire home/apt in Ridgewood,501223,Host1223,f,Queens,Ridgewood,40.729375,-73.781618,Entire home/apt,67.25,2,4,2025-12-09,0.18,1,89,$0-75,False,269.0,Sometimes Available
1003024,Private room in Crown Heights,501224,Host1224,t,Brooklyn,Crown Heights,40.665732,-73.978303,Private room,123.05,14,5,2026-05-03,0.78,1,127,$75-150,True,124.0,Sometimes Available
1003025,Shared room in Greenpoint,501225,Host1225,f,Brooklyn,Greenpoint,40.691034,-73.905314,Shared room,45.18,1,66,2025-10-04,4.42,5,64,$0-75,False,335.0,Sometimes Available
1003026,Private room in Long Island City,501226,Host1226,f,Queens,Long Island City,40.722806,-73.809968,Private room,43.13,7,17,2026-05-15,0.61,1,60,$0-75,False,112.0,Sometimes Available
1003027,Private room in Crown Heights,501227,Host1227,f,Brooklyn,Crown Heights,40.660016,-73.9409,Private room,176.78,2,137,2026-01-24,6.31,3,159,$150-250,False,223.0,Sometimes Available
1003028,Entire home/apt in Midtown,501228,Host1228,f,Manhattan,Midtown,40.771758,-73.94965,Entire home/apt,211.37,1,0,,0.0,1,128,$150-250,False,,Sometimes Available
1003029,Private room in Financial District,501229,Host1229,f,Manhattan,Financial District,40.801669,-73.963242,Private room,114.6,3,14,2026-04-01,0.81,1,350,$75-150,False,156.0,Highly Available
1003030,Private room in Financial District,501230,Host1230,t,Manhattan,Financial District,40.745503,-73.949104,Private room,237.46,2,12,2026-05-10,0.41,1,258,$150-250,True,117.0,Highly Available
1003031,Entire home/apt in Upper West Side,501231,Host1231,t,Manhattan,Upper West Side,40.777734,-74.009013,Entire home/apt,370.03,1,9,2026-05-05,0.67,1,155,$250-400,True,122.0,Sometimes Available
1003032,Entire home/apt in Crown Heights,501232,Host1232,f,Brooklyn,Crown Heights,40.652025,-73.946706,Entire home/apt,318.63,14,1,2026-07-29,0.05,1,20,$250-400,False,37.0,Rarely Available
1003033,Entire home/apt in Hell's Kitchen,501233,Host1233,f,Manhattan,Hell's Kitchen,40.780974,-73.966927,Entire home/apt,138.48,1,28,2026-04-27,1.06,1,119,$75-150,False,130.0,Sometimes Available
1003034,Private room in Mott Haven,501234,Host1234,f,Bronx,Mott Haven,40.819987,-73.897397,Private room,68.8,30,5,2026-07-16,0.22,1,237,$0-75,False,50.0,Highly Available
1003035,Entire home/apt in Bushwick,501235,Host1235,f,Brooklyn,Bushwick,40.673211,-73.93614,Entire home/apt,159.02,1,7,2026-02-17,0.43,1,31,$150-250,False,199.0,Sometimes Available
1003036,Private room in Crown Heights,501236,Host1236,t,Brooklyn,Crown Heights,40.700354,-73.937187,Private room,120.18,7,15,2026-05-15,2.24,1,301,$75-150,True,112.0,Highly Available
1003037,Entire home/apt in Jamaica,501237,Host1237,t,Queens,Jamaica,40.750756,-73.793873,Entire home/apt,126.24,2,16,2026-06-16,2.2,1,0,$75-150,True,80.0,Rarely Available
1003038,Private room in Long Island City,501238,Host1238,f,Queens,Long Island City,40.694215,-73.773267,Private room,146.08,2,38,2026-06-14,0.9,1,145,$75-150,False,82.0,Sometimes Available
1003039,Entire home/apt in Park Slope,501239,Host1239,f,Brooklyn,Park Slope,40.677762,-73.961653,Entire home/apt,98.09,2,10,2026-05-13,0.34,1,275,$75-150,False,114.0,Highly Available
1003040,Entire home/apt in East Village,501240,Host1240,f,Manhattan,East Village,40.763958,-73.992037,Entire home/apt,229.47,7,47,2026-06-07,5.93,2,82,$150-250,False,89.0,Sometimes Available
1003041,Private room in Hell's Kitchen,501241,Host1241,f,Manhattan,Hell's Kitchen,40.762844,-73.962681,Private room,129.04,5,1,2026-07-20,0.08,3,247,$75-150,False,46.0,Highly Available
1003042,Private room in Midtown,501242,Host1242,f,Manhattan,Midtown,40.760743,-73.990896,Private room,225.33,3,36,2025-12-16,0.75,1,325,$150-250,False,262.0,Highly Available
1003043,Hotel room in Park Slope,501243,Host1243,f,Brooklyn,Park Slope,40.661779,-73.927959,Hotel room,243.3,2,13,2026-04-09,1.3,2,268,$150-250,False,148.0,Highly Available
1003044,Entire home/apt in Chelsea,501244,Host1244,f,Manhattan,Chelsea,40.793257,-73.929736,Entire home/apt,179.89,3,8,2026-07-30,0.35,1,3,$150-250,False,36.0,Rarely Available
1003045,Private room in Crown Heights,501245,Host1245,f,Brooklyn,Crown Heights,40.680443,-73.9531,Private room,75.16,1,18,2025-09-27,0.99,1,187,$75-150,False,342.0,Highly Available
1003046,Private room in Hell's Kitchen,501246,Host1246,f,Manhattan,Hell's Kitchen,40.765383,-73.975077,Private room,74.35,7,31,2026-05-28,2.35,1,212,$0-75,False,99.0,Highly Available
1003047,Shared room in Greenpoint,501247,Host1247,f,Brooklyn,Greenpoint,40.692783,-73.929302,Shared room,39.62,2,34,2026-07-06,1.4,1,0,$0-75,False,60.0,Rarely Available
1003048,Private room in Bedford-Stuyvesant,501248,Host1248,f,Brooklyn,Bedford-Stuyvesant,40.675114,-73.951388,Private room,141.93,2,19,2026-03-25,0.59,1,22,$75-150,False,163.0,Rarely Available
1003049,Private room in Hell's Kitchen,501249,Host1249,f,Manhattan,Hell's Kitchen,40.749123,-74.022683,Private room,51.46,7,55,2026-06-26,1.79,1,134,$0-75,False,70.0,Sometimes Available
1003050,Private room in East Village,501250,Host1250,f,Manhattan,East Village,40.773632,-73.96074,Private room,63.72,1,29,2026-03-02,1.14,1,0,$0-75,False,186.0,Rarely Available
1003051,Private room in Ridgewood,501251,Host1251,f,Queens,Ridgewood,40.719105,-73.792597,Private room,45.23,7,0,,0.0,3,192,$0-75,False,,Highly Available
1003052,Entire home/apt in Financial District,501252,Host1252,t,Manhattan,Financial District,40.764929,-73.97612,Entire home/apt,145.93,1,30,2026-06-20,1.03,1,121,$75-150,True,76.0,Sometimes Available
1003053,Entire home/apt in Greenpoint,501253,Host1253,f,Brooklyn,Greenpoint,40.696933,-73.93942,Entire home/apt,141.46,3,11,2026-04-23,0.27,1,54,$75-150,False,134.0,Sometimes Available
1003054,Entire home/apt in Long Island City,501254,Host1254,f,Queens,Long Island City,40.69536,-73.795483,Entire home/apt,93.65,1,45,2026-04-30,1.64,1,53,$75-150,False,127.0,Sometimes Available
1003055,Entire home/apt in Ridgewood,501255,Host1255,f,Queens,Ridgewood,40.711572,-73.820727,Entire home/apt,198.95,3,26,2026-03-17,0.78,1,56,$150-250,False,171.0,Sometimes Available
1003056,Private room in Riverdale,501256,Host1256,f,Bronx,Riverdale,40.811954,-73.868902,Private room,69.55,2,1,2026-06-25,0.03,1,2,$0-75,False,71.0,Rarely Available
1003057,Shared room in Mott Haven,501257,Host1257,f,Bronx,Mott Haven,40.834956,-73.861203,Shared room,27.08,3,27,2026-03-26,3.52,1,62,$0-75,False,162.0,Sometimes Available
1003058,Shared room in Chelsea,501258,Host1258,f,Manhattan,Chelsea,40.757202,-73.951055,Shared room,64.52,3,11,2026-05-10,0.34,2,158,$0-75,False,117.0,Sometimes Available
1003059,Entire home/apt in Greenpoint,501259,Host1259,f,Brooklyn,Greenpoint,40.709758,-73.942855,Entire home/apt,57.14,2,62,2026-07-07,3.06,5,221,$0-75,False,59.0,Highly Available
1003060,Private room in Astoria,501260,Host1260,f,Queens,Astoria,40.745402,-73.792022,Private room,38.61,3,16,2026-05-23,0.39,3,230,$0-75,False,104.0,Highly Available
1003061,Private room in Chelsea,501261,Host1261,f,Manhattan,Chelsea,40.774165,-73.977227,Private room,44.94,2,13,2026-02-03,0.29,1,0,$0-75,False,213.0,Rarely Available
1003062,Private room in Upper West Side,501262,Host1262,t,Manhattan,Upper West Side,40.759243,-73.968432,Private room,217.87,1,18,2026-04-20,1.24,1,35,$150-250,True,137.0,Sometimes Available
1003063,Entire home/apt in Flushing,501263,Host1263,f,Queens,Flushing,40.71971,-73.760826,Entire home/apt,107.76,5,43,2026-07-13,2.99,1,21,$75-150,False,53.0,Rarely Available
1003064,Private room in Greenpoint,501264,Host1264,f,Brooklyn,Greenpoint,40.719484,-73.95923,Private room,122.84,14,29,2026-07-23,1.04,1,46,$75-150,False,43.0,Sometimes Available
1003065,Private room in Jamaica,501265,Host1265,t,Queens,Jamaica,40.715435,-73.810633,Private room,78.74,2,9,2026-06-02,0.2,1,146,$75-150,True,94.0,Sometimes Available
1003066,Entire home/apt in Harlem,501266,Host1266,f,Manhattan,Harlem,40.80476,-73.982666,Entire home/apt,502.36,14,7,2024-12-24,0.7,2,99,$400+,False,619.0,Sometimes Available
1003067,Private room in DUMBO,501267,Host1267,t,Brooklyn,DUMBO,40.662956,-73.947057,Private room,130.9,1,40,2026-04-16,1.91,1,86,$75-150,True,141.0,Sometimes Available
1003068,Entire home/apt in DUMBO,501268,Host1268,t,Brooklyn,DUMBO,40.690517,-73.939527,Entire home/apt,300.72,14,0,,0.0,1,269,$250-400,True,,Highly Available
1003069,Entire home/apt in Bushwick,501269,Host1269,f,Brooklyn,Bushwick,40.695645,-73.931134,Entire home/apt,143.73,1,37,2026-01-06,1.4,1,175,$75-150,False,241.0,Sometimes Available
1003070,Private room in Financial District,501270,Host1270,f,Manhattan,Financial District,40.756938,-73.987028,Private room,41.5,2,60,2026-06-11,2.27,5,23,$0-75,False,85.0,Rarely Available
1003071,Private room in Financial District,501271,Host1271,f,Manhattan,Financial District,40.764108,-73.965008,Private room,96.56,1,28,2025-10-03,2.0,1,97,$75-150,False,336.0,Sometimes Available
1003072,Private room in Greenpoint,501272,Host1272,f,Brooklyn,Greenpoint,40.677291,-73.944879,Private room,33.87,2,29,2025-11-08,2.1,1,339,$0-75,False,300.0,Highly Available
1003073,Private room in East Village,501273,Host1273,f,Manhattan,East Village,40.775293,-73.999247,Private room,180.84,14,25,2026-06-07,2.02,1,73,$150-250,False,89.0,Sometimes Available
1003074,Hotel room in Astoria,501274,Host1274,t,Queens,Astoria,40.729576,-73.82053,Hotel room,192.67,1,42,2026-03-03,1.93,1,308,$150-250,True,185.0,Highly Available
1003075,Private room in Hell's Kitchen,501275,Host1275,f,Manhattan,Hell's Kitchen,40.796786,-73.948029,Private room,69.12,3,22,2026-05-19,0.99,1,222,$0-75,False,108.0,Highly Available
1003076,Entire home/apt in Upper West Side,501276,Host1276,f,Manhattan,Upper West Side,40.79292,-73.988521,Entire home/apt,136.62,30,9,2026-06-30,0.23,5,142,$75-150,False,66.0,Sometimes Available
1003077,Private room in Tottenville,501277,Host1277,f,Staten Island,Tottenville,40.602516,-74.17671,Private room,134.06,3,1,2026-07-07,0.03,2,79,$75-150,False,59.0,Sometimes Available
1003078,Private room in DUMBO,501278,Host1278,f,Brooklyn,DUMBO,40.673963,-73.92607,Private room,61.29,1,1,2026-04-24,0.03,1,206,$0-75,False,133.0,Highly Available
1003079,Private room in Bushwick,501279,Host1279,f,Brooklyn,Bushwick,40.692156,-73.97484,Private room,91.57,3,19,2026-02-06,2.26,1,37,$75-150,False,210.0,Sometimes Available
1003080,Entire home/apt in Tottenville,501280,Host1280,f,Staten Island,Tottenville,40.599409,-74.157161,Entire home/apt,107.52,2,8,2026-01-19,0.51,1,57,$75-150,False,228.0,Sometimes Available
1003081,Entire home/apt in Ridgewood,501281,Host1281,f,Queens,Ridgewood,40.749938,-73.787208,Entire home/apt,111.64,1,7,2026-07-24,0.16,5,87,$75-150,False,42.0,Sometimes Available
1003082,Entire home/apt in Park Slope,501282,Host1282,f,Brooklyn,Park Slope,40.667156,-73.946957,Entire home/apt,413.04,2,41,2026-05-02,1.56,1,212,$400+,False,125.0,Highly Available
1003083,Private room in Financial District,501283,Host1283,f,Manhattan,Financial District,40.759212,-73.973331,Private room,231.06,1,11,2026-06-22,0.32,2,28,$150-250,False,74.0,Rarely Available
1003084,Entire home/apt in Midtown,501284,Host1284,t,Manhattan,Midtown,40.743345,-73.973278,Entire home/apt,241.21,1,56,2026-06-11,2.12,1,327,$150-250,True,85.0,Highly Available
1003085,Entire home/apt in Ridgewood,501285,Host1285,f,Queens,Ridgewood,40.739997,-73.792508,Entire home/apt,103.91,5,3,2025-12-31,0.19,1,36,$75-150,False,247.0,Sometimes Available
1003086,Private room in DUMBO,501286,Host1286,f,Brooklyn,DUMBO,40.686457,-73.93025,Private room,46.5,14,0,,0.0,1,182,$0-75,False,,Highly Available
1003087,Private room in St. George,501287,Host1287,f,Staten Island,St. George,40.55892,-74.154406,Private room,53.25,5,19,2025-06-30,0.49,2,193,$0-75,False,431.0,Highly Available
1003088,Hotel room in Bedford-Stuyvesant,501288,Host1288,t,Brooklyn,Bedford-Stuyvesant,40.698164,-73.944031,Hotel room,168.6,2,8,2026-07-20,1.29,2,335,$150-250,True,46.0,Highly Available
1003089,Entire home/apt in Mott Haven,501289,Host1289,f,Bronx,Mott Haven,40.861698,-73.870971,Entire home/apt,267.09,1,22,2026-05-10,1.39,1,222,$250-400,False,117.0,Highly Available
1003090,Private room in St. George,501290,Host1290,t,Staten Island,St. George,40.611369,-74.143194,Private room,25.78,3,7,2026-04-17,0.18,1,207,$0-75,True,140.0,Highly Available
1003091,Private room in East Village,501291,Host1291,t,Manhattan,East Village,40.781757,-73.966255,Private room,98.64,2,0,,0.0,1,182,$75-150,True,,Highly Available
1003092,Entire home/apt in Flushing,501292,Host1292,t,Queens,Flushing,40.727306,-73.788731,Entire home/apt,79.56,1,37,2026-08-01,2.1,2,235,$75-150,True,34.0,Highly Available
1003093,Entire home/apt in Long Island City,501293,Host1293,t,Queens,Long Island City,40.708898,-73.792794,Entire home/apt,256.66,1,6,2026-05-23,0.14,5,114,$250-400,True,104.0,Sometimes Available
1003094,Entire home/apt in Ridgewood,501294,Host1294,f,Queens,Ridgewood,40.736678,-73.844426,Entire home/apt,133.99,5,34,2026-03-12,1.08,1,224,$75-150,False,176.0,Highly Available
1003095,Shared room in Ridgewood,501295,Host1295,f,Queens,Ridgewood,40.718864,-73.803443,Shared room,24.19,5,45,2026-03-12,1.34,1,48,$0-75,False,176.0,Sometimes Available
1003096,Entire home/apt in Upper West Side,501296,Host1296,f,Manhattan,Upper West Side,40.782488,-73.965396,Entire home/apt,256.14,7,16,2026-07-15,0.77,1,137,$250-400,False,51.0,Sometimes Available
1003097,Entire home/apt in Bedford-Stuyvesant,501297,Host1297,f,Brooklyn,Bedford-Stuyvesant,40.686056,-73.917365,Entire home/apt,323.29,3,29,2026-05-01,0.95,1,142,$250-400,False,126.0,Sometimes Available
1003098,Private room in DUMBO,501298,Host1298,t,Brooklyn,DUMBO,40.687281,-73.920762,Private room,58.1,7,16,2026-06-20,2.25,1,148,$0-75,True,76.0,Sometimes Available
1003099,Private room in Upper West Side,501299,Host1299,f,Manhattan,Upper West Side,40.806495,-73.940683,Private room,137.42,7,19,2026-05-23,0.43,1,255,$75-150,False,104.0,Highly Available
1003100,Private room in Financial District,501300,Host1300,f,Manhattan,Financial District,40.75907,-73.95114,Private room,140.59,1,3,2026-06-26,0.2,1,279,$75-150,False,70.0,Highly Available
1003101,Entire home/apt in Chelsea,501301,Host1301,t,Manhattan,Chelsea,40.749707,-73.921396,Entire home/apt,553.4843000000001,7,1,2026-05-04,0.03,5,78,$400+,True,123.0,Sometimes Available
1003102,Entire home/apt in Bedford-Stuyvesant,501302,Host1302,f,Brooklyn,Bedford-Stuyvesant,40.713953,-73.930295,Entire home/apt,193.81,1,7,2026-06-11,0.16,2,165,$150-250,False,85.0,Sometimes Available
1003103,Private room in Jamaica,501303,Host1303,f,Queens,Jamaica,40.733437,-73.830381,Private room,52.72,2,6,2026-04-12,0.13,1,27,$0-75,False,145.0,Rarely Available
1003104,Private room in Financial District,501304,Host1304,f,Manhattan,Financial District,40.741271,-73.989857,Private room,115.28,7,13,2026-03-25,0.29,2,121,$75-150,False,163.0,Sometimes Available
1003105,Entire home/apt in Bedford-Stuyvesant,501305,Host1305,f,Brooklyn,Bedford-Stuyvesant,40.674382,-73.938976,Entire home/apt,88.19,5,67,2026-04-25,2.19,3,50,$75-150,False,132.0,Sometimes Available
1003106,Private room in Astoria,501306,Host1306,f,Queens,Astoria,40.730517,-73.804603,Private room,20.15,2,30,2026-06-25,0.78,3,0,$0-75,False,71.0,Rarely Available
1003107,Entire home/apt in East Village,501307,Host1307,f,Manhattan,East Village,40.7582,-73.979224,Entire home/apt,440.85,2,24,2026-07-05,0.59,3,149,$400+,False,61.0,Sometimes Available
1003108,Entire home/apt in Bedford-Stuyvesant,501308,Host1308,f,Brooklyn,Bedford-Stuyvesant,40.674951,-73.934592,Entire home/apt,102.2,7,19,2025-07-22,1.64,1,33,$75-150,False,409.0,Sometimes Available
1003109,Entire home/apt in Jamaica,501309,Host1309,f,Queens,Jamaica,40.706306,-73.774134,Entire home/apt,174.82,2,64,2026-07-11,2.1,1,206,$150-250,False,55.0,Highly Available
1003110,Entire home/apt in St. George,501310,Host1310,f,Staten Island,St. George,40.559849,-74.149845,Entire home/apt,196.54,2,36,2026-07-05,2.05,2,113,$150-250,False,61.0,Sometimes Available
1003111,Entire home/apt in Bedford-Stuyvesant,501311,Host1311,f,Brooklyn,Bedford-Stuyvesant,40.650308,-73.961852,Entire home/apt,158.78,1,17,2026-05-30,0.84,1,198,$150-250,False,97.0,Highly Available
1003112,Private room in Mott Haven,501312,Host1312,f,Bronx,Mott Haven,40.847439,-73.859907,Private room,145.52,3,13,2026-07-11,1.95,1,249,$75-150,False,55.0,Highly Available
1003113,Entire home/apt in Astoria,501313,Host1313,f,Queens,Astoria,40.750101,-73.798341,Entire home/apt,168.93,30,41,2026-02-13,0.92,1,0,$150-250,False,203.0,Rarely Available
1003114,Private room in Williamsburg,501314,Host1314,t,Brooklyn,Williamsburg,40.674388,-73.927809,Private room,96.72,1,6,2025-10-30,0.15,1,82,$75-150,True,309.0,Sometimes Available
1003115,Entire home/apt in Long Island City,501315,Host1315,t,Queens,Long Island City,40.737262,-73.810952,Entire home/apt,121.65,3,13,2026-07-25,0.47,1,51,$75-150,True,41.0,Sometimes Available
1003116,Entire home/apt in Greenpoint,501316,Host1316,f,Brooklyn,Greenpoint,40.697364,-73.925852,Entire home/apt,105.83,3,20,2026-03-01,0.84,1,56,$75-150,False,187.0,Sometimes Available
1003117,Entire home/apt in Bedford-Stuyvesant,501317,Host1317,f,Brooklyn,Bedford-Stuyvesant,40.673942,-73.921771,Entire home/apt,41.94,3,0,,0.0,1,262,$0-75,False,,Highly Available
1003118,Entire home/apt in East Village,501318,Host1318,f,Manhattan,East Village,40.753514,-73.979684,Entire home/apt,122.24,7,17,2026-05-11,1.47,1,154,$75-150,False,116.0,Sometimes Available
1003119,Private room in Harlem,501319,Host1319,f,Manhattan,Harlem,40.770219,-73.941016,Private room,250.91,7,23,2026-05-03,0.96,1,173,$250-400,False,124.0,Sometimes Available
1003120,Entire home/apt in Ridgewood,501320,Host1320,f,Queens,Ridgewood,40.728507,-73.766426,Entire home/apt,52.33,14,42,2025-08-25,0.98,1,143,$0-75,False,375.0,Sometimes Available
1003121,Entire home/apt in Jamaica,501321,Host1321,t,Queens,Jamaica,40.755445,-73.772537,Entire home/apt,155.01,1,7,2026-06-28,0.21,3,192,$150-250,True,68.0,Highly Available
1003122,Entire home/apt in Bushwick,501322,Host1322,f,Brooklyn,Bushwick,40.68396,-73.939232,Entire home/apt,223.72,5,14,2026-05-27,1.17,1,210,$150-250,False,100.0,Highly Available
1003123,Entire home/apt in Upper West Side,501323,Host1323,f,Manhattan,Upper West Side,40.797318,-73.959604,Entire home/apt,206.97,7,3,2026-07-15,0.21,1,0,$150-250,False,51.0,Rarely Available
1003124,Private room in Hell's Kitchen,501324,Host1324,f,Manhattan,Hell's Kitchen,40.801902,-73.959176,Private room,152.84,1,11,2026-06-28,0.35,1,66,$150-250,False,68.0,Sometimes Available
1003125,Private room in Williamsburg,501325,Host1325,t,Brooklyn,Williamsburg,40.675602,-73.935987,Private room,112.01,1,17,2025-08-30,1.38,3,75,$75-150,True,370.0,Sometimes Available
1003126,Private room in Tottenville,501326,Host1326,f,Staten Island,Tottenville,40.57138,-74.141583,Private room,81.18,14,0,,0.0,5,158,$75-150,False,,Sometimes Available
1003127,Private room in Greenpoint,501327,Host1327,f,Brooklyn,Greenpoint,40.715183,-73.919615,Private room,129.49,7,28,2026-02-25,0.75,1,109,$75-150,False,191.0,Sometimes Available
1003128,Private room in Bushwick,501328,Host1328,t,Brooklyn,Bushwick,40.667386,-73.940197,Private room,218.94,2,7,2026-03-25,0.24,2,116,$150-250,True,163.0,Sometimes Available
1003129,Private room in Ridgewood,501329,Host1329,t,Queens,Ridgewood,40.730431,-73.770565,Private room,99.02,1,7,2025-08-21,0.15,1,129,$75-150,True,379.0,Sometimes Available
1003130,Entire home/apt in DUMBO,501330,Host1330,f,Brooklyn,DUMBO,40.683652,-73.942857,Entire home/apt,205.87,2,30,2026-03-16,1.1,1,128,$150-250,False,172.0,Sometimes Available
1003131,Entire home/apt in St. George,501331,Host1331,f,Staten Island,St. George,40.609226,-74.149259,Entire home/apt,339.05,7,12,2026-07-30,0.81,3,213,$250-400,False,36.0,Highly Available
1003132,Private room in Greenpoint,501332,Host1332,f,Brooklyn,Greenpoint,40.682664,-73.92155,Private room,119.89,1,43,2026-01-19,2.25,1,0,$75-150,False,228.0,Rarely Available
1003133,Private room in Crown Heights,501333,Host1333,t,Brooklyn,Crown Heights,40.681867,-73.926524,Private room,234.05,1,4,2025-04-08,0.11,1,59,$150-250,True,514.0,Sometimes Available
1003134,Private room in Williamsburg,501334,Host1334,f,Brooklyn,Williamsburg,40.689132,-73.930221,Private room,51.82,1,25,2026-06-01,1.18,1,365,$0-75,False,95.0,Highly Available
1003135,Private room in Midtown,501335,Host1335,f,Manhattan,Midtown,40.819354,-73.954732,Private room,117.29,1,19,2025-10-22,2.39,1,56,$75-150,False,317.0,Sometimes Available
1003136,Entire home/apt in Fordham,501336,Host1336,f,Bronx,Fordham,40.863442,-73.867488,Entire home/apt,45.14,3,20,2026-06-25,1.03,1,298,$0-75,False,71.0,Highly Available
1003137,Entire home/apt in Ridgewood,501337,Host1337,f,Queens,Ridgewood,40.737237,-73.786366,Entire home/apt,269.61,1,3,2026-07-29,0.11,1,21,$250-400,False,37.0,Rarely Available
1003138,Private room in Fordham,501338,Host1338,f,Bronx,Fordham,40.820202,-73.861364,Private room,22.95,1,16,2026-07-21,0.49,1,281,$0-75,False,45.0,Highly Available
1003139,Private room in DUMBO,501339,Host1339,f,Brooklyn,DUMBO,40.676811,-73.991279,Private room,46.76,1,0,,0.0,1,51,$0-75,False,,Sometimes Available
1003140,Entire home/apt in Riverdale,501340,Host1340,t,Bronx,Riverdale,40.841383,-73.884769,Entire home/apt,96.32,1,30,2026-05-19,0.71,1,313,$75-150,True,108.0,Highly Available
1003141,Private room in DUMBO,501341,Host1341,f,Brooklyn,DUMBO,40.669507,-73.920985,Private room,143.64,2,13,2026-04-09,0.52,1,210,$75-150,False,148.0,Highly Available
1003142,Private room in Astoria,501342,Host1342,f,Queens,Astoria,40.735749,-73.803312,Private room,178.05,14,21,2026-03-04,0.64,1,303,$150-250,False,184.0,Highly Available
1003143,Private room in Jamaica,501343,Host1343,f,Queens,Jamaica,40.712974,-73.816512,Private room,74.45,7,47,2026-03-16,2.16,1,192,$0-75,False,172.0,Highly Available
1003144,Entire home/apt in Ridgewood,501344,Host1344,f,Queens,Ridgewood,40.719012,-73.783292,Entire home/apt,97.73,7,7,2026-07-17,0.19,1,72,$75-150,False,49.0,Sometimes Available
1003145,Private room in Riverdale,501345,Host1345,f,Bronx,Riverdale,40.820118,-73.890757,Private room,50.07,2,24,2026-06-11,0.58,2,0,$0-75,False,85.0,Rarely Available
1003146,Entire home/apt in Hell's Kitchen,501346,Host1346,f,Manhattan,Hell's Kitchen,40.78756,-73.978088,Entire home/apt,553.4843000000001,14,45,2026-07-20,1.29,1,270,$400+,False,46.0,Highly Available
1003147,Entire home/apt in Ridgewood,501347,Host1347,f,Queens,Ridgewood,40.718515,-73.777939,Entire home/apt,98.92,1,33,2026-07-18,1.61,1,150,$75-150,False,48.0,Sometimes Available
1003148,Shared room in Bedford-Stuyvesant,501348,Host1348,f,Brooklyn,Bedford-Stuyvesant,40.672567,-73.949775,Shared room,92.33,1,5,2025-09-18,0.25,1,289,$75-150,False,351.0,Highly Available
1003149,Entire home/apt in Flushing,501349,Host1349,f,Queens,Flushing,40.710417,-73.780007,Entire home/apt,126.12,7,4,2026-06-28,0.26,1,66,$75-150,False,68.0,Sometimes Available
1003150,Entire home/apt in Hell's Kitchen,501350,Host1350,f,Manhattan,Hell's Kitchen,40.803465,-73.982331,Entire home/apt,386.1,1,0,,0.0,1,97,$250-400,False,,Sometimes Available
1003151,Shared room in Chelsea,501351,Host1351,f,Manhattan,Chelsea,40.765364,-73.980824,Shared room,75.52,2,1,2026-05-18,0.09,1,9,$75-150,False,109.0,Rarely Available
1003152,Entire home/apt in Astoria,501352,Host1352,f,Queens,Astoria,40.747291,-73.765164,Entire home/apt,176.29,3,4,2026-04-27,0.18,3,63,$150-250,False,130.0,Sometimes Available
1003153,Private room in Financial District,501353,Host1353,f,Manhattan,Financial District,40.76353,-73.985693,Private room,253.94,1,1,2026-07-03,0.03,1,23,$250-400,False,63.0,Rarely Available
1003154,Entire home/apt in Astoria,501354,Host1354,f,Queens,Astoria,40.759871,-73.794303,Entire home/apt,43.56,1,2,2026-06-05,0.06,5,98,$0-75,False,91.0,Sometimes Available
1003155,Private room in Williamsburg,501355,Host1355,t,Brooklyn,Williamsburg,40.65564,-73.938905,Private room,55.75,2,14,2026-07-21,0.98,2,122,$0-75,True,45.0,Sometimes Available
1003156,Private room in Harlem,501356,Host1356,f,Manhattan,Harlem,40.77783,-73.925912,Private room,174.27,5,12,2026-07-14,0.26,1,126,$150-250,False,52.0,Sometimes Available
1003157,Entire home/apt in Financial District,501357,Host1357,f,Manhattan,Financial District,40.766692,-73.982421,Entire home/apt,322.97,2,15,2025-10-06,0.34,1,98,$250-400,False,333.0,Sometimes Available
1003158,Entire home/apt in Upper West Side,501358,Host1358,f,Manhattan,Upper West Side,40.798313,-73.96306,Entire home/apt,239.4,1,55,2026-07-02,4.9,1,3,$150-250,False,64.0,Rarely Available
1003159,Entire home/apt in Jamaica,501359,Host1359,f,Queens,Jamaica,40.742305,-73.764182,Entire home/apt,59.82,3,3,2025-11-04,0.23,1,54,$0-75,False,304.0,Sometimes Available
1003160,Entire home/apt in Riverdale,501360,Host1360,f,Bronx,Riverdale,40.818318,-73.865194,Entire home/apt,240.87,1,5,2026-01-15,0.21,1,302,$150-250,False,232.0,Highly Available
1003161,Private room in East Village,501361,Host1361,f,Manhattan,East Village,40.768647,-73.968387,Private room,277.18,2,14,2026-05-18,0.55,1,230,$250-400,False,109.0,Highly Available
1003162,Entire home/apt in East Village,501362,Host1362,t,Manhattan,East Village,40.816199,-73.960655,Entire home/apt,298.59,1,63,2026-05-03,8.79,1,344,$250-400,True,124.0,Highly Available
1003163,Private room in DUMBO,501363,Host1363,t,Brooklyn,DUMBO,40.699955,-73.958606,Private room,44.55,2,8,2023-09-29,0.21,1,164,$0-75,True,1071.0,Sometimes Available
1003164,Entire home/apt in Hell's Kitchen,501364,Host1364,f,Manhattan,Hell's Kitchen,40.738555,-73.989376,Entire home/apt,460.51,2,31,2026-05-25,2.64,1,190,$400+,False,102.0,Highly Available
1003165,Entire home/apt in Hell's Kitchen,501365,Host1365,f,Manhattan,Hell's Kitchen,40.77824,-73.972049,Entire home/apt,362.88,5,24,2024-10-17,2.4,3,260,$250-400,False,687.0,Highly Available
1003166,Private room in Astoria,501366,Host1366,f,Queens,Astoria,40.734327,-73.802642,Private room,40.6,14,7,2026-05-27,0.19,1,238,$0-75,False,100.0,Highly Available
1003167,Entire home/apt in St. George,501367,Host1367,f,Staten Island,St. George,40.627551,-74.183679,Entire home/apt,107.5,5,113,2026-06-02,5.99,10,0,$75-150,False,94.0,Rarely Available
1003168,Entire home/apt in Flushing,501368,Host1368,f,Queens,Flushing,40.726317,-73.79157,Entire home/apt,121.16,5,70,2025-12-13,1.94,1,0,$75-150,False,265.0,Rarely Available
1003169,Entire home/apt in Williamsburg,501369,Host1369,t,Brooklyn,Williamsburg,40.673737,-73.936171,Entire home/apt,47.98,14,69,2026-07-19,2.81,1,182,$0-75,True,47.0,Highly Available
1003170,Entire home/apt in Midtown,501370,Host1370,f,Manhattan,Midtown,40.760631,-73.983042,Entire home/apt,87.81,2,28,2026-05-17,1.97,1,86,$75-150,False,110.0,Sometimes Available
1003171,Private room in Bushwick,501371,Host1371,f,Brooklyn,Bushwick,40.654352,-73.957201,Private room,199.14,3,76,2026-06-26,1.88,1,349,$150-250,False,70.0,Highly Available
1003172,Entire home/apt in Bushwick,501372,Host1372,f,Brooklyn,Bushwick,40.647327,-73.926306,Entire home/apt,145.43,3,0,,0.0,1,0,$75-150,False,,Rarely Available
1003173,Entire home/apt in Bushwick,501373,Host1373,f,Brooklyn,Bushwick,40.661788,-73.907905,Entire home/apt,159.29,2,56,2026-04-13,1.91,1,279,$150-250,False,144.0,Highly Available
1003174,Entire home/apt in Upper West Side,501374,Host1374,f,Manhattan,Upper West Side,40.763826,-73.961836,Entire home/apt,503.64,14,20,2026-07-14,0.53,2,0,$400+,False,52.0,Rarely Available
1003175,Shared room in Bedford-Stuyvesant,501375,Host1375,t,Brooklyn,Bedford-Stuyvesant,40.674795,-73.902138,Shared room,20.0,1,94,2026-04-28,5.17,1,67,$0-75,True,129.0,Sometimes Available
1003176,Private room in Greenpoint,501376,Host1376,f,Brooklyn,Greenpoint,40.686179,-73.936171,Private room,165.57,3,7,2026-03-31,0.44,1,96,$150-250,False,157.0,Sometimes Available
1003177,Entire home/apt in St. George,501377,Host1377,t,Staten Island,St. George,40.580282,-74.100274,Entire home/apt,121.33,3,5,2026-01-09,0.13,1,38,$75-150,True,238.0,Sometimes Available
1003178,Entire home/apt in East Village,501378,Host1378,f,Manhattan,East Village,40.797733,-73.952003,Entire home/apt,135.55,2,78,2026-05-11,6.73,2,207,$75-150,False,116.0,Highly Available
1003179,Private room in Long Island City,501379,Host1379,f,Queens,Long Island City,40.718518,-73.794409,Private room,47.25,1,14,2026-07-07,0.4,3,176,$0-75,False,59.0,Sometimes Available
1003180,Private room in St. George,501380,Host1380,f,Staten Island,St. George,40.583552,-74.126478,Private room,37.1,5,1,2026-02-02,0.04,1,114,$0-75,False,214.0,Sometimes Available
1003181,Private room in Hell's Kitchen,501381,Host1381,f,Manhattan,Hell's Kitchen,40.774948,-73.969398,Private room,190.24,1,32,2026-07-23,1.38,1,202,$150-250,False,43.0,Highly Available
1003182,Entire home/apt in Williamsburg,501382,Host1382,f,Brooklyn,Williamsburg,40.659792,-73.947005,Entire home/apt,285.07,7,17,2026-06-04,1.61,1,136,$250-400,False,92.0,Sometimes Available
1003183,Entire home/apt in Bedford-Stuyvesant,501383,Host1383,f,Brooklyn,Bedford-Stuyvesant,40.674583,-73.959971,Entire home/apt,261.61,1,14,2025-09-04,0.64,1,47,$250-400,False,365.0,Sometimes Available
1003184,Private room in Upper West Side,501384,Host1384,f,Manhattan,Upper West Side,40.776344,-73.980382,Private room,77.84,2,4,2026-02-20,0.09,1,252,$75-150,False,196.0,Highly Available
1003185,Entire home/apt in Chelsea,501385,Host1385,f,Manhattan,Chelsea,40.789764,-73.968856,Entire home/apt,213.2,3,60,2026-05-25,3.9,1,186,$150-250,False,102.0,Highly Available
1003186,Entire home/apt in Chelsea,501386,Host1386,t,Manhattan,Chelsea,40.766854,-73.984892,Entire home/apt,164.67,5,46,2026-05-28,2.58,3,151,$150-250,True,99.0,Sometimes Available
1003187,Entire home/apt in East Village,501387,Host1387,f,Manhattan,East Village,40.777316,-73.975539,Entire home/apt,464.76,30,38,2026-07-10,1.0,1,146,$400+,False,56.0,Sometimes Available
1003188,Private room in Upper West Side,501388,Host1388,f,Manhattan,Upper West Side,40.786603,-73.943894,Private room,95.75,30,10,2026-05-30,1.28,1,77,$75-150,False,97.0,Sometimes Available
1003189,Entire home/apt in Park Slope,501389,Host1389,f,Brooklyn,Park Slope,40.672271,-73.944944,Entire home/apt,218.61,1,39,2026-07-17,1.85,1,222,$150-250,False,49.0,Highly Available
1003190,Private room in Greenpoint,501390,Host1390,t,Brooklyn,Greenpoint,40.683856,-73.943061,Private room,250.03,1,10,2026-04-29,0.25,1,126,$250-400,True,128.0,Sometimes Available
1003191,Entire home/apt in Harlem,501391,Host1391,f,Manhattan,Harlem,40.741849,-73.963476,Entire home/apt,272.74,1,30,2026-03-30,0.89,1,274,$250-400,False,158.0,Highly Available
1003192,Entire home/apt in Financial District,501392,Host1392,f,Manhattan,Financial District,40.776983,-73.94776,Entire home/apt,103.61,1,15,2026-04-05,0.33,3,33,$75-150,False,152.0,Sometimes Available
1003193,Private room in East Village,501393,Host1393,f,Manhattan,East Village,40.78865,-73.94958,Private room,167.57,14,48,2026-07-31,5.29,1,46,$150-250,False,35.0,Sometimes Available
1003194,Entire home/apt in Ridgewood,501394,Host1394,f,Queens,Ridgewood,40.681269,-73.759608,Entire home/apt,80.02,2,26,2026-07-06,1.01,5,213,$75-150,False,60.0,Highly Available
1003195,Shared room in Ridgewood,501395,Host1395,f,Queens,Ridgewood,40.748917,-73.823131,Shared room,48.22,2,4,2026-07-09,0.41,1,145,$0-75,False,57.0,Sometimes Available
1003196,Entire home/apt in Park Slope,501396,Host1396,f,Brooklyn,Park Slope,40.690234,-73.973544,Entire home/apt,329.83,7,6,2025-12-17,0.15,1,358,$250-400,False,261.0,Highly Available
1003197,Private room in Crown Heights,501397,Host1397,t,Brooklyn,Crown Heights,40.678865,-73.9431,Private room,62.92,3,15,2026-07-10,0.69,1,256,$0-75,True,56.0,Highly Available
1003198,Entire home/apt in Long Island City,501398,Host1398,f,Queens,Long Island City,40.734018,-73.778683,Entire home/apt,145.0,2,0,,0.0,1,183,$75-150,False,,Highly Available
1003199,Entire home/apt in Williamsburg,501399,Host1399,f,Brooklyn,Williamsburg,40.703581,-73.926505,Entire home/apt,189.48,14,1,2026-04-30,0.05,1,121,$150-250,False,127.0,Sometimes Available
1003200,Entire home/apt in Astoria,501400,Host1400,f,Queens,Astoria,40.759475,-73.804101,Entire home/apt,180.36,3,34,2026-07-10,1.55,1,249,$150-250,False,56.0,Highly Available
1003201,Private room in Bedford-Stuyvesant,501401,Host1401,f,Brooklyn,Bedford-Stuyvesant,40.666113,-73.933281,Private room,86.06,2,30,2025-12-25,0.92,1,90,$75-150,False,253.0,Sometimes Available
1003202,Entire home/apt in Bushwick,501402,Host1402,f,Brooklyn,Bushwick,40.702478,-73.95074,Entire home/apt,198.03,5,2,2026-03-11,0.15,1,360,$150-250,False,177.0,Highly Available
1003203,Entire home/apt in Financial District,501403,Host1403,f,Manhattan,Financial District,40.766873,-73.973589,Entire home/apt,195.93,2,11,2025-05-13,0.76,3,233,$150-250,False,479.0,Highly Available
1003204,Private room in Chelsea,501404,Host1404,f,Manhattan,Chelsea,40.738753,-73.953244,Private room,134.73,7,55,2026-07-13,4.83,1,268,$75-150,False,53.0,Highly Available
1003205,Entire home/apt in Williamsburg,501405,Host1405,f,Brooklyn,Williamsburg,40.698577,-73.947843,Entire home/apt,113.25,14,23,2026-04-01,0.58,1,109,$75-150,False,156.0,Sometimes Available
1003206,Entire home/apt in Bushwick,501406,Host1406,t,Brooklyn,Bushwick,40.682618,-73.925466,Entire home/apt,112.27,7,2,2026-06-17,0.04,1,281,$75-150,True,79.0,Highly Available
1003207,Entire home/apt in Midtown,501407,Host1407,f,Manhattan,Midtown,40.788701,-73.943377,Entire home/apt,451.12,1,8,2026-07-08,0.31,2,94,$400+,False,58.0,Sometimes Available
1003208,Private room in Crown Heights,501408,Host1408,f,Brooklyn,Crown Heights,40.674477,-73.911286,Private room,121.69,1,6,2026-06-23,0.36,1,62,$75-150,False,73.0,Sometimes Available
1003209,Private room in Fordham,501409,Host1409,f,Bronx,Fordham,40.847102,-73.910708,Private room,51.88,1,16,2026-04-24,1.39,3,194,$0-75,False,133.0,Highly Available
1003210,Private room in Williamsburg,501410,Host1410,f,Brooklyn,Williamsburg,40.718946,-73.987609,Private room,83.32,14,0,,0.0,1,306,$75-150,False,,Highly Available
1003211,Entire home/apt in Greenpoint,501411,Host1411,f,Brooklyn,Greenpoint,40.716398,-73.925007,Entire home/apt,177.56,2,28,2026-04-30,0.78,3,55,$150-250,False,127.0,Sometimes Available
1003212,Entire home/apt in Bushwick,501412,Host1412,t,Brooklyn,Bushwick,40.655255,-73.937702,Entire home/apt,180.72,1,32,2026-06-21,0.77,1,0,$150-250,True,75.0,Rarely Available
1003213,Entire home/apt in Park Slope,501413,Host1413,f,Brooklyn,Park Slope,40.642446,-73.935033,Entire home/apt,39.68,1,2,2026-03-10,0.08,1,212,$0-75,False,178.0,Highly Available
1003214,Private room in Harlem,501414,Host1414,f,Manhattan,Harlem,40.776134,-73.978621,Private room,74.9,5,30,2026-07-15,1.06,1,177,$0-75,False,51.0,Sometimes Available
1003215,Entire home/apt in DUMBO,501415,Host1415,f,Brooklyn,DUMBO,40.703546,-73.954049,Entire home/apt,327.71,2,28,2026-07-10,2.66,1,75,$250-400,False,56.0,Sometimes Available
1003216,Private room in Flushing,501416,Host1416,f,Queens,Flushing,40.722312,-73.785678,Private room,20.0,2,25,2026-07-17,0.56,1,234,$0-75,False,49.0,Highly Available
1003217,Shared room in Greenpoint,501417,Host1417,f,Brooklyn,Greenpoint,40.712861,-73.960995,Shared room,39.82,7,19,2026-05-23,0.54,1,66,$0-75,False,104.0,Sometimes Available
1003218,Entire home/apt in Crown Heights,501418,Host1418,f,Brooklyn,Crown Heights,40.679286,-73.980104,Entire home/apt,203.26,5,16,2026-07-24,0.74,2,141,$150-250,False,42.0,Sometimes Available
1003219,Private room in Hell's Kitchen,501419,Host1419,t,Manhattan,Hell's Kitchen,40.77308,-73.946633,Private room,154.29,1,70,2026-07-18,1.51,1,116,$150-250,True,48.0,Sometimes Available
1003220,Private room in Hell's Kitchen,501420,Host1420,f,Manhattan,Hell's Kitchen,40.797207,-73.982814,Private room,115.84,2,35,2026-05-17,1.38,1,116,$75-150,False,110.0,Sometimes Available
1003221,Hotel room in Chelsea,501421,Host1421,f,Manhattan,Chelsea,40.803585,-73.990337,Hotel room,289.95,3,47,2026-02-20,1.76,1,0,$250-400,False,196.0,Rarely Available
1003222,Entire home/apt in St. George,501422,Host1422,f,Staten Island,St. George,40.586218,-74.181166,Entire home/apt,125.17,14,53,2026-07-07,4.41,1,211,$75-150,False,59.0,Highly Available
1003223,Shared room in Park Slope,501423,Host1423,t,Brooklyn,Park Slope,40.671812,-73.971692,Shared room,63.95,5,50,2026-02-15,6.06,5,85,$0-75,True,201.0,Sometimes Available
1003224,Entire home/apt in Fordham,501424,Host1424,f,Bronx,Fordham,40.866624,-73.887353,Entire home/apt,26.67,1,36,2026-02-12,3.78,3,169,$0-75,False,204.0,Sometimes Available
1003225,Private room in Upper West Side,501425,Host1425,f,Manhattan,Upper West Side,40.767671,-73.978435,Private room,259.97,7,76,2026-03-04,2.46,2,0,$250-400,False,184.0,Rarely Available
1003226,Private room in Fordham,501426,Host1426,f,Bronx,Fordham,40.851045,-73.895412,Private room,65.01,1,6,2026-03-02,0.14,2,174,$0-75,False,186.0,Sometimes Available
1003227,Entire home/apt in Harlem,501427,Host1427,f,Manhattan,Harlem,40.783393,-73.96187,Entire home/apt,79.63,14,0,,0.0,1,356,$75-150,False,,Highly Available
1003228,Private room in Bushwick,501428,Host1428,f,Brooklyn,Bushwick,40.690008,-73.933083,Private room,90.62,3,17,2026-06-13,1.5,1,77,$75-150,False,83.0,Sometimes Available
1003229,Entire home/apt in DUMBO,501429,Host1429,f,Brooklyn,DUMBO,40.685852,-73.920533,Entire home/apt,188.44,1,2,2026-03-28,0.04,1,105,$150-250,False,160.0,Sometimes Available
1003230,Entire home/apt in St. George,501430,Host1430,f,Staten Island,St. George,40.555141,-74.14279,Entire home/apt,162.62,7,2,2026-03-07,0.19,2,246,$150-250,False,181.0,Highly Available
1003231,Private room in Upper West Side,501431,Host1431,f,Manhattan,Upper West Side,40.771786,-73.946215,Private room,68.54,2,27,2026-02-10,1.4,1,138,$0-75,False,206.0,Sometimes Available
1003232,Private room in Harlem,501432,Host1432,f,Manhattan,Harlem,40.765711,-73.9667,Private room,265.59,1,7,2026-07-14,0.16,1,0,$250-400,False,52.0,Rarely Available
1003233,Entire home/apt in Long Island City,501433,Host1433,f,Queens,Long Island City,40.735708,-73.809311,Entire home/apt,161.56,2,26,2026-04-20,1.92,3,30,$150-250,False,137.0,Rarely Available
1003234,Private room in Chelsea,501434,Host1434,f,Manhattan,Chelsea,40.766654,-73.974054,Private room,237.69,7,5,2024-11-18,0.22,2,252,$150-250,False,655.0,Highly Available
1003235,Private room in Bushwick,501435,Host1435,t,Brooklyn,Bushwick,40.679892,-73.922787,Private room,142.21,5,7,2025-04-06,0.68,2,213,$75-150,True,516.0,Highly Available
1003236,Entire home/apt in Greenpoint,501436,Host1436,f,Brooklyn,Greenpoint,40.676656,-73.960377,Entire home/apt,101.25,30,43,2026-07-17,1.41,1,290,$75-150,False,49.0,Highly Available
1003237,Entire home/apt in Tottenville,501437,Host1437,f,Staten Island,Tottenville,40.56569,-74.1448,Entire home/apt,157.09,7,23,2026-07-18,0.75,1,60,$150-250,False,48.0,Sometimes Available
1003238,Entire home/apt in Mott Haven,501438,Host1438,f,Bronx,Mott Haven,40.852247,-73.900278,Entire home/apt,125.66,3,36,2025-04-18,1.39,1,318,$75-150,False,504.0,Highly Available
1003239,Entire home/apt in Long Island City,501439,Host1439,t,Queens,Long Island City,40.732474,-73.82774,Entire home/apt,253.17,7,2,2026-06-03,0.09,5,100,$250-400,True,93.0,Sometimes Available
1003240,Entire home/apt in Financial District,501440,Host1440,f,Manhattan,Financial District,40.805762,-73.964969,Entire home/apt,397.95,2,22,2026-07-15,0.84,1,184,$250-400,False,51.0,Highly Available
1003241,Entire home/apt in Chelsea,501441,Host1441,f,Manhattan,Chelsea,40.772742,-73.965761,Entire home/apt,172.48,2,30,2026-04-21,1.13,1,128,$150-250,False,136.0,Sometimes Available
1003242,Entire home/apt in Jamaica,501442,Host1442,t,Queens,Jamaica,40.728671,-73.788378,Entire home/apt,108.61,14,9,2026-06-24,0.63,1,84,$75-150,True,72.0,Sometimes Available
1003243,Entire home/apt in Astoria,501443,Host1443,f,Queens,Astoria,40.718678,-73.792992,Entire home/apt,123.59,30,13,2025-02-27,1.21,3,231,$75-150,False,554.0,Highly Available
1003244,Private room in Williamsburg,501444,Host1444,f,Brooklyn,Williamsburg,40.682693,-73.948894,Private room,82.5,1,33,2025-05-17,0.81,10,130,$75-150,False,475.0,Sometimes Available
1003245,Shared room in Crown Heights,501445,Host1445,f,Brooklyn,Crown Heights,40.67028,-73.943924,Shared room,52.79,14,72,2026-07-17,3.28,1,157,$0-75,False,49.0,Sometimes Available
1003246,Private room in Jamaica,501446,Host1446,f,Queens,Jamaica,40.736147,-73.80986,Private room,84.44,1,51,2026-01-21,4.61,1,364,$75-150,False,226.0,Highly Available
1003247,Entire home/apt in Bushwick,501447,Host1447,t,Brooklyn,Bushwick,40.676235,-73.939043,Entire home/apt,228.01,2,18,2026-07-02,0.55,1,243,$150-250,True,64.0,Highly Available
1003248,Private room in Hell's Kitchen,501448,Host1448,f,Manhattan,Hell's Kitchen,40.766826,-73.994365,Private room,109.38,3,33,2025-11-15,1.0,1,67,$75-150,False,293.0,Sometimes Available
1003249,Private room in Flushing,501449,Host1449,f,Queens,Flushing,40.725499,-73.803481,Private room,82.59,5,25,2026-01-16,1.06,1,111,$75-150,False,231.0,Sometimes Available
1003250,Entire home/apt in Bedford-Stuyvesant,501450,Host1450,f,Brooklyn,Bedford-Stuyvesant,40.689439,-73.916783,Entire home/apt,178.75,3,26,2025-12-12,0.74,1,0,$150-250,False,266.0,Rarely Available
1003251,Entire home/apt in Upper West Side,501451,Host1451,f,Manhattan,Upper West Side,40.781708,-73.970584,Entire home/apt,114.03,5,12,2025-01-10,0.35,1,30,$75-150,False,602.0,Rarely Available
1003252,Private room in Long Island City,501452,Host1452,f,Queens,Long Island City,40.714257,-73.823618,Private room,32.22,3,13,2026-07-10,0.32,1,0,$0-75,False,56.0,Rarely Available
1003253,Private room in Financial District,501453,Host1453,f,Manhattan,Financial District,40.796009,-73.975159,Private room,59.23,1,5,2026-07-10,0.11,5,179,$0-75,False,56.0,Sometimes Available
1003254,Private room in Hell's Kitchen,501454,Host1454,f,Manhattan,Hell's Kitchen,40.745904,-73.961466,Private room,90.58,7,16,2026-07-30,1.25,3,132,$75-150,False,36.0,Sometimes Available
1003255,Entire home/apt in Greenpoint,501455,Host1455,t,Brooklyn,Greenpoint,40.64535,-73.939104,Entire home/apt,175.15,5,38,2026-07-26,3.24,1,332,$150-250,True,40.0,Highly Available
1003256,Entire home/apt in Financial District,501456,Host1456,t,Manhattan,Financial District,40.766101,-73.976316,Entire home/apt,142.26,5,0,,0.0,1,160,$75-150,True,,Sometimes Available
1003257,Entire home/apt in Riverdale,501457,Host1457,f,Bronx,Riverdale,40.848622,-73.913538,Entire home/apt,92.98,1,45,2025-11-15,1.18,1,365,$75-150,False,293.0,Highly Available
1003258,Private room in Bushwick,501458,Host1458,f,Brooklyn,Bushwick,40.690965,-73.948878,Private room,151.08,2,6,2025-07-27,0.18,5,125,$150-250,False,404.0,Sometimes Available
1003259,Entire home/apt in Hell's Kitchen,501459,Host1459,f,Manhattan,Hell's Kitchen,40.777049,-73.980062,Entire home/apt,477.16,1,15,2026-07-13,1.47,1,242,$400+,False,53.0,Highly Available
1003260,Private room in Crown Heights,501460,Host1460,t,Brooklyn,Crown Heights,40.696078,-73.960852,Private room,217.77,1,58,2026-05-11,2.92,10,83,$150-250,True,116.0,Sometimes Available
1003261,Private room in Mott Haven,501461,Host1461,f,Bronx,Mott Haven,40.812315,-73.886028,Private room,59.82,1,37,2026-06-16,0.81,3,88,$0-75,False,80.0,Sometimes Available
1003262,Entire home/apt in St. George,501462,Host1462,t,Staten Island,St. George,40.566557,-74.155613,Entire home/apt,252.12,2,32,2026-01-11,1.54,1,122,$250-400,True,236.0,Sometimes Available
1003263,Entire home/apt in St. George,501463,Host1463,f,Staten Island,St. George,40.583526,-74.143032,Entire home/apt,142.09,5,47,2026-07-04,1.43,2,319,$75-150,False,62.0,Highly Available
1003264,Entire home/apt in Chelsea,501464,Host1464,f,Manhattan,Chelsea,40.767762,-73.961472,Entire home/apt,222.73,1,5,2026-03-20,0.19,1,58,$150-250,False,168.0,Sometimes Available
1003265,Entire home/apt in Greenpoint,501465,Host1465,t,Brooklyn,Greenpoint,40.697235,-73.930143,Entire home/apt,229.2,2,7,2026-07-09,0.41,1,241,$150-250,True,57.0,Highly Available
1003266,Private room in DUMBO,501466,Host1466,f,Brooklyn,DUMBO,40.68947,-73.973066,Private room,179.77,30,6,2025-12-15,0.51,1,136,$150-250,False,263.0,Sometimes Available
1003267,Private room in Bedford-Stuyvesant,501467,Host1467,t,Brooklyn,Bedford-Stuyvesant,40.66397,-73.96331,Private room,111.59,1,7,2026-06-11,0.19,1,123,$75-150,True,85.0,Sometimes Available
1003268,Entire home/apt in Hell's Kitchen,501468,Host1468,f,Manhattan,Hell's Kitchen,40.752438,-73.963918,Entire home/apt,245.67,1,31,2026-02-06,3.59,1,125,$150-250,False,210.0,Sometimes Available
1003269,Entire home/apt in Midtown,501469,Host1469,f,Manhattan,Midtown,40.753917,-73.962871,Entire home/apt,118.64,30,13,2026-02-08,1.27,1,149,$75-150,False,208.0,Sometimes Available
1003270,Private room in DUMBO,501470,Host1470,f,Brooklyn,DUMBO,40.677039,-73.929734,Private room,36.99,2,18,2026-06-19,0.44,1,186,$0-75,False,77.0,Highly Available
1003271,Entire home/apt in Williamsburg,501471,Host1471,t,Brooklyn,Williamsburg,40.639351,-73.943738,Entire home/apt,158.35,3,1,2026-02-27,0.03,1,176,$150-250,True,189.0,Sometimes Available
1003272,Entire home/apt in East Village,501472,Host1472,f,Manhattan,East Village,40.745853,-73.965968,Entire home/apt,279.21,2,19,2026-03-03,0.52,3,215,$250-400,False,185.0,Highly Available
1003273,Private room in Greenpoint,501473,Host1473,f,Brooklyn,Greenpoint,40.692451,-73.942018,Private room,21.99,3,20,2026-01-17,1.09,1,166,$0-75,False,230.0,Sometimes Available
1003274,Entire home/apt in Bushwick,501474,Host1474,f,Brooklyn,Bushwick,40.671702,-73.938024,Entire home/apt,157.61,3,24,2026-01-20,0.68,1,0,$150-250,False,227.0,Rarely Available
1003275,Private room in Tottenville,501475,Host1475,f,Staten Island,Tottenville,40.584322,-74.150076,Private room,128.3,7,7,2026-01-26,0.34,1,43,$75-150,False,221.0,Sometimes Available
1003276,Private room in Crown Heights,501476,Host1476,t,Brooklyn,Crown Heights,40.646308,-73.938649,Private room,102.37,3,4,2026-07-31,0.1,1,302,$75-150,True,35.0,Highly Available
1003277,Private room in Riverdale,501477,Host1477,t,Bronx,Riverdale,40.815272,-73.880788,Private room,37.48,1,105,2026-07-30,2.66,2,309,$0-75,True,36.0,Highly Available
1003278,Entire home/apt in Ridgewood,501478,Host1478,f,Queens,Ridgewood,40.736013,-73.778067,Entire home/apt,71.64,14,31,2026-03-11,0.67,3,0,$0-75,False,177.0,Rarely Available
1003279,Entire home/apt in Harlem,501479,Host1479,f,Manhattan,Harlem,40.771687,-73.968709,Entire home/apt,253.44,3,5,2026-04-02,0.13,1,55,$250-400,False,155.0,Sometimes Available
1003280,Private room in Flushing,501480,Host1480,f,Queens,Flushing,40.697528,-73.809674,Private room,107.96,1,9,2026-03-23,0.24,1,288,$75-150,False,165.0,Highly Available
1003281,Entire home/apt in DUMBO,501481,Host1481,t,Brooklyn,DUMBO,40.669017,-73.916995,Entire home/apt,420.9,5,42,2026-07-28,1.35,1,43,$400+,True,38.0,Sometimes Available
1003282,Entire home/apt in Greenpoint,501482,Host1482,f,Brooklyn,Greenpoint,40.693498,-73.930531,Entire home/apt,78.21,7,13,2026-06-16,0.35,1,8,$75-150,False,80.0,Rarely Available
1003283,Private room in Harlem,501483,Host1483,f,Manhattan,Harlem,40.777787,-73.974573,Private room,68.09,14,14,2026-06-04,0.67,3,21,$0-75,False,92.0,Rarely Available
1003284,Private room in Williamsburg,501484,Host1484,t,Brooklyn,Williamsburg,40.685855,-73.950405,Private room,71.95,1,4,2026-05-10,0.09,3,59,$0-75,True,117.0,Sometimes Available
1003285,Entire home/apt in Williamsburg,501485,Host1485,t,Brooklyn,Williamsburg,40.66354,-73.980863,Entire home/apt,118.58,1,56,2026-01-18,1.3,1,72,$75-150,True,229.0,Sometimes Available
1003286,Private room in DUMBO,501486,Host1486,f,Brooklyn,DUMBO,40.680528,-73.964937,Private room,47.99,5,23,2026-01-18,1.3,1,127,$0-75,False,229.0,Sometimes Available
1003287,Entire home/apt in Fordham,501487,Host1487,f,Bronx,Fordham,40.833873,-73.843359,Entire home/apt,135.23,30,21,2026-05-20,0.79,1,333,$75-150,False,107.0,Highly Available
1003288,Entire home/apt in Crown Heights,501488,Host1488,f,Brooklyn,Crown Heights,40.650965,-73.966143,Entire home/apt,92.92,3,79,2025-09-13,5.38,1,94,$75-150,False,356.0,Sometimes Available
1003289,Entire home/apt in Midtown,501489,Host1489,t,Manhattan,Midtown,40.800735,-73.989153,Entire home/apt,192.65,30,4,2026-03-31,0.39,2,241,$150-250,True,157.0,Highly Available
1003290,Entire home/apt in Midtown,501490,Host1490,f,Manhattan,Midtown,40.795374,-73.998702,Entire home/apt,159.79,3,13,2026-06-27,0.73,1,154,$150-250,False,69.0,Sometimes Available
1003291,Private room in Tottenville,501491,Host1491,f,Staten Island,Tottenville,40.58091,-74.147383,Private room,85.52,1,6,2026-04-12,0.18,2,40,$75-150,False,145.0,Sometimes Available
1003292,Entire home/apt in Park Slope,501492,Host1492,f,Brooklyn,Park Slope,40.671459,-73.935234,Entire home/apt,209.24,3,58,2026-05-12,4.87,1,345,$150-250,False,115.0,Highly Available
1003293,Private room in Long Island City,501493,Host1493,f,Queens,Long Island City,40.718021,-73.747498,Private room,73.81,1,23,2026-03-04,1.05,1,260,$0-75,False,184.0,Highly Available
1003294,Entire home/apt in Upper West Side,501494,Host1494,f,Manhattan,Upper West Side,40.758733,-74.008602,Entire home/apt,553.4843000000001,1,29,2026-07-11,1.67,1,178,$400+,False,55.0,Sometimes Available
1003295,Entire home/apt in Greenpoint,501495,Host1495,f,Brooklyn,Greenpoint,40.677152,-73.964605,Entire home/apt,192.69,1,32,2026-06-30,0.82,1,128,$150-250,False,66.0,Sometimes Available
1003296,Entire home/apt in Greenpoint,501496,Host1496,f,Brooklyn,Greenpoint,40.697971,-73.982215,Entire home/apt,172.99,5,10,2025-08-06,0.93,1,304,$150-250,False,394.0,Highly Available
1003297,Entire home/apt in Riverdale,501497,Host1497,f,Bronx,Riverdale,40.844123,-73.872766,Entire home/apt,76.25,7,41,2025-07-21,0.98,1,128,$75-150,False,410.0,Sometimes Available
1003298,Entire home/apt in Financial District,501498,Host1498,f,Manhattan,Financial District,40.733934,-73.960887,Entire home/apt,226.99,1,1,2026-06-20,0.03,1,272,$150-250,False,76.0,Highly Available
1003299,Entire home/apt in Midtown,501499,Host1499,t,Manhattan,Midtown,40.775253,-73.952867,Entire home/apt,312.88,1,10,2025-06-23,0.66,1,152,$250-400,True,438.0,Sometimes Available
1003300,Private room in Bushwick,501500,Host1500,f,Brooklyn,Bushwick,40.686438,-73.926677,Private room,145.41,30,24,2026-07-24,0.74,1,224,$75-150,False,42.0,Highly Available
1003301,Entire home/apt in DUMBO,501501,Host1501,f,Brooklyn,DUMBO,40.694536,-73.998916,Entire home/apt,215.27,30,0,,0.0,1,124,$150-250,False,,Sometimes Available
1003302,Entire home/apt in Financial District,501502,Host1502,f,Manhattan,Financial District,40.777034,-73.994751,Entire home/apt,241.3,1,11,2026-07-17,0.3,1,145,$150-250,False,49.0,Sometimes Available
1003303,Private room in Williamsburg,501503,Host1503,f,Brooklyn,Williamsburg,40.678051,-73.92835,Private room,125.96,3,36,2026-02-14,1.96,1,106,$75-150,False,202.0,Sometimes Available
1003304,Entire home/apt in Upper West Side,501504,Host1504,f,Manhattan,Upper West Side,40.798185,-73.986142,Entire home/apt,505.18,2,5,2026-02-23,0.18,2,92,$400+,False,193.0,Sometimes Available
1003305,Private room in DUMBO,501505,Host1505,f,Brooklyn,DUMBO,40.656101,-73.932843,Private room,182.59,14,4,2026-06-25,0.23,1,36,$150-250,False,71.0,Sometimes Available
1003306,Entire home/apt in Harlem,501506,Host1506,f,Manhattan,Harlem,40.78789,-73.971849,Entire home/apt,91.77,3,17,2026-07-09,0.4,1,0,$75-150,False,57.0,Rarely Available
1003307,Private room in Bushwick,501507,Host1507,t,Brooklyn,Bushwick,40.702472,-73.937922,Private room,129.94,1,63,2026-07-21,2.91,1,283,$75-150,True,45.0,Highly Available
1003308,Entire home/apt in Crown Heights,501508,Host1508,f,Brooklyn,Crown Heights,40.713639,-73.935666,Entire home/apt,102.4,2,19,2026-03-02,2.06,3,59,$75-150,False,186.0,Sometimes Available
1003309,Private room in St. George,501509,Host1509,f,Staten Island,St. George,40.618368,-74.175455,Private room,63.16,30,33,2026-07-08,1.88,3,50,$0-75,False,58.0,Sometimes Available
1003310,Entire home/apt in Park Slope,501510,Host1510,f,Brooklyn,Park Slope,40.670584,-73.898982,Entire home/apt,127.2,1,5,2026-07-15,0.29,1,156,$75-150,False,51.0,Sometimes Available
1003311,Private room in Tottenville,501511,Host1511,f,Staten Island,Tottenville,40.574285,-74.183909,Private room,34.9,2,5,2025-12-28,0.16,1,135,$0-75,False,250.0,Sometimes Available
1003312,Private room in Tottenville,501512,Host1512,f,Staten Island,Tottenville,40.577296,-74.120738,Private room,59.53,2,33,2025-11-30,1.09,10,58,$0-75,False,278.0,Sometimes Available
1003313,Private room in Crown Heights,501513,Host1513,f,Brooklyn,Crown Heights,40.675299,-73.93063,Private room,54.38,1,21,2026-06-23,1.11,1,295,$0-75,False,73.0,Highly Available
1003314,Private room in Midtown,501514,Host1514,f,Manhattan,Midtown,40.762672,-73.997461,Private room,210.31,3,35,2026-05-02,3.39,1,0,$150-250,False,125.0,Rarely Available
1003315,Entire home/apt in Bushwick,501515,Host1515,f,Brooklyn,Bushwick,40.69067,-73.940936,Entire home/apt,281.55,1,115,2026-08-01,5.06,1,80,$250-400,False,34.0,Sometimes Available
1003316,Private room in Astoria,501516,Host1516,f,Queens,Astoria,40.744721,-73.777169,Private room,28.01,14,1,2026-01-12,0.12,1,231,$0-75,False,235.0,Highly Available
1003317,Shared room in Mott Haven,501517,Host1517,f,Bronx,Mott Haven,40.84039,-73.900292,Shared room,34.04,7,22,2026-07-26,0.97,1,171,$0-75,False,40.0,Sometimes Available
1003318,Private room in East Village,501518,Host1518,f,Manhattan,East Village,40.776863,-74.002057,Private room,131.32,5,32,2026-06-30,1.87,1,0,$75-150,False,66.0,Rarely Available
1003319,Entire home/apt in Midtown,501519,Host1519,f,Manhattan,Midtown,40.758492,-73.935592,Entire home/apt,173.31,2,0,,0.0,1,31,$150-250,False,,Sometimes Available
1003320,Entire home/apt in Fordham,501520,Host1520,f,Bronx,Fordham,40.837108,-73.879176,Entire home/apt,194.57,1,36,2026-06-30,1.12,3,36,$150-250,False,66.0,Sometimes Available
1003321,Entire home/apt in Ridgewood,501521,Host1521,f,Queens,Ridgewood,40.72602,-73.776215,Entire home/apt,109.33,1,46,2026-04-14,2.49,1,65,$75-150,False,143.0,Sometimes Available
1003322,Entire home/apt in Upper West Side,501522,Host1522,f,Manhattan,Upper West Side,40.787408,-73.9731,Entire home/apt,88.53,1,5,2026-07-15,0.42,1,265,$75-150,False,51.0,Highly Available
1003323,Entire home/apt in Ridgewood,501523,Host1523,t,Queens,Ridgewood,40.731842,-73.807402,Entire home/apt,36.46,1,3,2026-07-21,0.17,2,0,$0-75,True,45.0,Rarely Available
1003324,Entire home/apt in Long Island City,501524,Host1524,f,Queens,Long Island City,40.726074,-73.792032,Entire home/apt,36.06,1,31,2026-04-06,2.14,2,333,$0-75,False,151.0,Highly Available
1003325,Entire home/apt in Bedford-Stuyvesant,501525,Host1525,f,Brooklyn,Bedford-Stuyvesant,40.667359,-73.96417,Entire home/apt,118.45,5,3,2026-07-13,0.07,1,204,$75-150,False,53.0,Highly Available
1003326,Private room in Harlem,501526,Host1526,t,Manhattan,Harlem,40.789235,-73.988787,Private room,117.37,2,90,2025-12-05,6.42,1,99,$75-150,True,273.0,Sometimes Available
1003327,Entire home/apt in Williamsburg,501527,Host1527,f,Brooklyn,Williamsburg,40.709057,-73.942318,Entire home/apt,324.62,1,44,2026-06-12,6.25,1,80,$250-400,False,84.0,Sometimes Available
1003328,Entire home/apt in Williamsburg,501528,Host1528,f,Brooklyn,Williamsburg,40.662152,-73.970209,Entire home/apt,202.36,1,9,2026-06-10,0.76,1,70,$150-250,False,86.0,Sometimes Available
1003329,Entire home/apt in Hell's Kitchen,501529,Host1529,f,Manhattan,Hell's Kitchen,40.791178,-73.952745,Entire home/apt,234.89,7,11,2026-07-06,0.78,10,178,$150-250,False,60.0,Sometimes Available
1003330,Entire home/apt in Midtown,501530,Host1530,t,Manhattan,Midtown,40.759403,-73.976498,Entire home/apt,189.38,1,1,2025-09-20,0.08,1,242,$150-250,True,349.0,Highly Available
1003331,Private room in Harlem,501531,Host1531,f,Manhattan,Harlem,40.777913,-73.975005,Private room,338.5,1,52,2026-06-30,2.72,1,244,$250-400,False,66.0,Highly Available
1003332,Private room in Greenpoint,501532,Host1532,f,Brooklyn,Greenpoint,40.676515,-73.917171,Private room,130.12,14,68,2026-07-19,4.54,1,245,$75-150,False,47.0,Highly Available
1003333,Entire home/apt in Jamaica,501533,Host1533,t,Queens,Jamaica,40.721733,-73.793593,Entire home/apt,64.75,5,31,2026-02-13,0.73,2,158,$0-75,True,203.0,Sometimes Available
1003334,Entire home/apt in DUMBO,501534,Host1534,t,Brooklyn,DUMBO,40.678169,-73.927559,Entire home/apt,188.9,2,38,2026-05-21,1.19,1,132,$150-250,True,106.0,Sometimes Available
1003335,Private room in Park Slope,501535,Host1535,f,Brooklyn,Park Slope,40.671083,-73.946544,Private room,34.48,2,2,2026-05-26,0.1,1,164,$0-75,False,101.0,Sometimes Available
1003336,Private room in Hell's Kitchen,501536,Host1536,f,Manhattan,Hell's Kitchen,40.805302,-73.957253,Private room,108.64,3,5,2026-07-24,0.43,1,301,$75-150,False,42.0,Highly Available
1003337,Private room in Crown Heights,501537,Host1537,t,Brooklyn,Crown Heights,40.689807,-73.970033,Private room,122.4,1,54,2026-05-14,2.22,1,0,$75-150,True,113.0,Rarely Available
1003338,Private room in Fordham,501538,Host1538,f,Bronx,Fordham,40.845732,-73.847911,Private room,27.29,1,8,2026-05-29,0.33,1,201,$0-75,False,98.0,Highly Available
1003339,Entire home/apt in Midtown,501539,Host1539,f,Manhattan,Midtown,40.772739,-73.966344,Entire home/apt,408.48,1,42,2026-02-10,3.28,1,98,$400+,False,206.0,Sometimes Available
1003340,Entire home/apt in Bushwick,501540,Host1540,f,Brooklyn,Bushwick,40.707444,-73.940487,Entire home/apt,367.15,7,17,2026-07-11,0.44,1,198,$250-400,False,55.0,Highly Available
1003341,Private room in Jamaica,501541,Host1541,t,Queens,Jamaica,40.723368,-73.785864,Private room,69.26,2,3,2026-05-16,0.07,3,208,$0-75,True,111.0,Highly Available
1003342,Entire home/apt in Flushing,501542,Host1542,f,Queens,Flushing,40.746342,-73.76641,Entire home/apt,82.08,1,23,2026-06-17,0.5,1,269,$75-150,False,79.0,Highly Available
1003343,Private room in Jamaica,501543,Host1543,f,Queens,Jamaica,40.69536,-73.766204,Private room,103.84,3,2,2026-03-21,0.32,1,188,$75-150,False,167.0,Highly Available
1003344,Private room in Greenpoint,501544,Host1544,t,Brooklyn,Greenpoint,40.672456,-73.955363,Private room,113.05,2,22,2026-06-25,0.93,1,302,$75-150,True,71.0,Highly Available
1003345,Hotel room in Riverdale,501545,Host1545,f,Bronx,Riverdale,40.829592,-73.901541,Hotel room,129.52,1,48,2026-05-22,4.13,1,212,$75-150,False,105.0,Highly Available
1003346,Entire home/apt in Bedford-Stuyvesant,501546,Host1546,f,Brooklyn,Bedford-Stuyvesant,40.679032,-73.959083,Entire home/apt,258.79,1,2,2026-03-08,0.07,3,160,$250-400,False,180.0,Sometimes Available
1003347,Private room in Hell's Kitchen,501547,Host1547,f,Manhattan,Hell's Kitchen,40.773818,-73.989265,Private room,304.58,5,5,2026-04-29,0.22,1,11,$250-400,False,128.0,Rarely Available
1003348,Private room in Bushwick,501548,Host1548,f,Brooklyn,Bushwick,40.690975,-73.952148,Private room,223.8,2,14,2026-07-11,0.62,1,90,$150-250,False,55.0,Sometimes Available
1003349,Private room in Long Island City,501549,Host1549,f,Queens,Long Island City,40.728776,-73.800771,Private room,44.39,1,12,2026-07-23,0.37,1,235,$0-75,False,43.0,Highly Available
1003350,Entire home/apt in Bushwick,501550,Host1550,f,Brooklyn,Bushwick,40.705813,-73.94171,Entire home/apt,218.6,2,7,2025-09-16,0.38,1,169,$150-250,False,353.0,Sometimes Available
1003351,Entire home/apt in Financial District,501551,Host1551,f,Manhattan,Financial District,40.780513,-73.966371,Entire home/apt,553.4843000000001,5,6,2026-05-30,0.31,1,187,$400+,False,97.0,Highly Available
1003352,Hotel room in Bushwick,501552,Host1552,f,Brooklyn,Bushwick,40.67642,-73.951916,Hotel room,164.05,1,7,2026-07-03,0.57,1,150,$150-250,False,63.0,Sometimes Available
1003353,Entire home/apt in Williamsburg,501553,Host1553,t,Brooklyn,Williamsburg,40.645577,-73.942962,Entire home/apt,305.22,2,8,2026-06-27,1.32,2,289,$250-400,True,69.0,Highly Available
1003354,Entire home/apt in Upper West Side,501554,Host1554,f,Manhattan,Upper West Side,40.764796,-73.985725,Entire home/apt,533.36,14,25,2026-07-13,0.64,1,365,$400+,False,53.0,Highly Available
1003355,Entire home/apt in DUMBO,501555,Host1555,t,Brooklyn,DUMBO,40.702585,-73.970158,Entire home/apt,173.59,5,21,2026-01-18,0.95,1,285,$150-250,True,229.0,Highly Available
1003356,Private room in East Village,501556,Host1556,f,Manhattan,East Village,40.752923,-73.989717,Private room,150.23,2,1,2026-01-01,0.03,1,58,$150-250,False,246.0,Sometimes Available
1003357,Entire home/apt in Williamsburg,501557,Host1557,f,Brooklyn,Williamsburg,40.635856,-73.912441,Entire home/apt,196.45,1,7,2025-12-13,0.53,2,266,$150-250,False,265.0,Highly Available
1003358,Entire home/apt in Riverdale,501558,Host1558,f,Bronx,Riverdale,40.843127,-73.86555,Entire home/apt,250.13,7,93,2026-07-10,4.37,1,186,$250-400,False,56.0,Highly Available
1003359,Private room in Jamaica,501559,Host1559,f,Queens,Jamaica,40.738211,-73.817872,Private room,65.41,3,38,2026-05-13,2.03,5,73,$0-75,False,114.0,Sometimes Available
1003360,Shared room in Long Island City,501560,Host1560,t,Queens,Long Island City,40.752986,-73.80705,Shared room,79.4,14,19,2026-07-31,0.73,1,169,$75-150,True,35.0,Sometimes Available
1003361,Entire home/apt in Ridgewood,501561,Host1561,f,Queens,Ridgewood,40.721333,-73.787901,Entire home/apt,144.9,1,22,2026-07-04,0.91,1,319,$75-150,False,62.0,Highly Available
1003362,Entire home/apt in Midtown,501562,Host1562,f,Manhattan,Midtown,40.81171,-73.938006,Entire home/apt,536.14,5,15,2026-04-21,0.63,3,202,$400+,False,136.0,Highly Available
1003363,Entire home/apt in Bushwick,501563,Host1563,f,Brooklyn,Bushwick,40.672,-73.93518,Entire home/apt,129.5,2,8,2026-06-27,0.27,1,189,$75-150,False,69.0,Highly Available
1003364,Entire home/apt in East Village,501564,Host1564,t,Manhattan,East Village,40.814619,-73.965555,Entire home/apt,468.88,1,30,2026-07-27,1.07,1,117,$400+,True,39.0,Sometimes Available
1003365,Entire home/apt in Jamaica,501565,Host1565,f,Queens,Jamaica,40.796139,-73.773637,Entire home/apt,162.95,2,9,2026-07-09,0.22,1,365,$150-250,False,57.0,Highly Available
1003366,Entire home/apt in Midtown,501566,Host1566,t,Manhattan,Midtown,40.782,-73.99145,Entire home/apt,433.43,3,0,,0.0,1,32,$400+,True,,Sometimes Available
1003367,Entire home/apt in Financial District,501567,Host1567,f,Manhattan,Financial District,40.764191,-73.95469,Entire home/apt,256.32,14,14,2026-07-02,0.33,1,0,$250-400,False,64.0,Rarely Available
1003368,Private room in Mott Haven,501568,Host1568,f,Bronx,Mott Haven,40.848521,-73.868644,Private room,42.38,5,24,2026-05-26,0.89,1,190,$0-75,False,101.0,Highly Available
1003369,Private room in Bushwick,501569,Host1569,f,Brooklyn,Bushwick,40.657034,-73.959655,Private room,107.13,1,12,2026-07-11,0.28,1,231,$75-150,False,55.0,Highly Available
1003370,Private room in DUMBO,501570,Host1570,f,Brooklyn,DUMBO,40.65264,-73.943925,Private room,61.63,1,33,2025-07-26,2.63,3,365,$0-75,False,405.0,Highly Available
1003371,Entire home/apt in Upper West Side,501571,Host1571,f,Manhattan,Upper West Side,40.742741,-73.95315,Entire home/apt,291.82,2,8,2025-08-13,0.52,1,275,$250-400,False,387.0,Highly Available
1003372,Entire home/apt in Upper West Side,501572,Host1572,f,Manhattan,Upper West Side,40.791653,-73.980655,Entire home/apt,147.56,7,3,2026-02-21,0.08,1,138,$75-150,False,195.0,Sometimes Available
1003373,Private room in Greenpoint,501573,Host1573,f,Brooklyn,Greenpoint,40.676978,-73.9338,Private room,117.3,2,66,2026-07-18,2.21,1,270,$75-150,False,48.0,Highly Available
1003374,Private room in Park Slope,501574,Host1574,f,Brooklyn,Park Slope,40.662209,-73.942664,Private room,127.07,2,47,2026-07-12,1.06,1,31,$75-150,False,54.0,Sometimes Available
1003375,Entire home/apt in Harlem,501575,Host1575,f,Manhattan,Harlem,40.794038,-74.002192,Entire home/apt,525.65,2,60,2026-07-22,2.02,1,205,$400+,False,44.0,Highly Available
1003376,Private room in Crown Heights,501576,Host1576,f,Brooklyn,Crown Heights,40.691092,-73.93656,Private room,81.62,2,43,2026-05-21,3.34,10,115,$75-150,False,106.0,Sometimes Available
1003377,Private room in Ridgewood,501577,Host1577,f,Queens,Ridgewood,40.71703,-73.80364,Private room,149.36,3,5,2026-07-26,0.26,2,269,$75-150,False,40.0,Highly Available
1003378,Entire home/apt in Upper West Side,501578,Host1578,f,Manhattan,Upper West Side,40.743579,-73.97773,Entire home/apt,511.17,5,6,2026-02-19,0.37,1,43,$400+,False,197.0,Sometimes Available
1003379,Entire home/apt in DUMBO,501579,Host1579,t,Brooklyn,DUMBO,40.666358,-73.968913,Entire home/apt,141.34,1,11,2026-05-04,0.28,1,219,$75-150,True,123.0,Highly Available
1003380,Entire home/apt in Harlem,501580,Host1580,t,Manhattan,Harlem,40.77364,-73.996877,Entire home/apt,332.58,1,41,2026-05-20,1.77,1,134,$250-400,True,107.0,Sometimes Available
1003381,Private room in East Village,501581,Host1581,f,Manhattan,East Village,40.755624,-73.993721,Private room,62.94,14,60,2026-07-28,7.32,3,214,$0-75,False,38.0,Highly Available
1003382,Shared room in Williamsburg,501582,Host1582,t,Brooklyn,Williamsburg,40.648506,-73.95939,Shared room,71.78,1,17,2026-07-30,0.96,1,221,$0-75,True,36.0,Highly Available
1003383,Entire home/apt in Bedford-Stuyvesant,501583,Host1583,f,Brooklyn,Bedford-Stuyvesant,40.678883,-73.940652,Entire home/apt,553.4843000000001,1,2,2026-06-01,0.11,1,118,$400+,False,95.0,Sometimes Available
1003384,Private room in Greenpoint,501584,Host1584,f,Brooklyn,Greenpoint,40.678768,-73.973478,Private room,67.03,3,4,2026-07-20,0.18,5,202,$0-75,False,46.0,Highly Available
1003385,Entire home/apt in DUMBO,501585,Host1585,f,Brooklyn,DUMBO,40.667738,-73.944846,Entire home/apt,388.99,1,9,2026-05-31,0.8,1,194,$250-400,False,96.0,Highly Available
1003386,Entire home/apt in Chelsea,501586,Host1586,f,Manhattan,Chelsea,40.763459,-73.99418,Entire home/apt,347.33,1,30,2026-07-29,1.02,1,237,$250-400,False,37.0,Highly Available
1003387,Private room in East Village,501587,Host1587,f,Manhattan,East Village,40.771578,-73.961825,Private room,117.31,3,11,2026-07-07,0.37,2,24,$75-150,False,59.0,Rarely Available
1003388,Private room in Riverdale,501588,Host1588,f,Bronx,Riverdale,40.8341,-73.906425,Private room,56.19,5,34,2026-06-28,1.66,1,365,$0-75,False,68.0,Highly Available
1003389,Private room in Mott Haven,501589,Host1589,f,Bronx,Mott Haven,40.844238,-73.874387,Private room,28.42,1,26,2026-04-24,1.31,1,270,$0-75,False,133.0,Highly Available
1003390,Entire home/apt in Greenpoint,501590,Host1590,t,Brooklyn,Greenpoint,40.672417,-73.945524,Entire home/apt,90.69,30,29,2024-12-19,0.83,5,81,$75-150,True,624.0,Sometimes Available
1003391,Entire home/apt in Chelsea,501591,Host1591,f,Manhattan,Chelsea,40.773204,-73.96973,Entire home/apt,250.48,1,7,2025-12-10,0.15,1,0,$250-400,False,268.0,Rarely Available
1003392,Entire home/apt in Ridgewood,501592,Host1592,f,Queens,Ridgewood,40.742111,-73.789234,Entire home/apt,86.57,5,7,2026-02-15,0.15,1,43,$75-150,False,201.0,Sometimes Available
1003393,Private room in Bushwick,501593,Host1593,f,Brooklyn,Bushwick,40.701314,-73.926084,Private room,121.75,1,0,,0.0,1,185,$75-150,False,,Highly Available
1003394,Private room in East Village,501594,Host1594,f,Manhattan,East Village,40.775468,-73.983082,Private room,231.72,3,18,2025-08-20,1.55,2,209,$150-250,False,380.0,Highly Available
1003395,Entire home/apt in Bedford-Stuyvesant,501595,Host1595,f,Brooklyn,Bedford-Stuyvesant,40.657603,-73.960604,Entire home/apt,321.72,3,43,2026-07-12,1.73,1,86,$250-400,False,54.0,Sometimes Available
1003396,Entire home/apt in Park Slope,501596,Host1596,f,Brooklyn,Park Slope,40.697571,-73.9566,Entire home/apt,157.71,1,56,2026-07-05,4.47,1,64,$150-250,False,61.0,Sometimes Available
1003397,Entire home/apt in Financial District,501597,Host1597,f,Manhattan,Financial District,40.812881,-74.00681,Entire home/apt,220.37,7,60,2026-07-29,1.61,3,128,$150-250,False,37.0,Sometimes Available
1003398,Shared room in Bushwick,501598,Host1598,t,Brooklyn,Bushwick,40.67059,-73.919381,Shared room,105.27,5,9,2026-02-28,0.51,3,0,$75-150,True,188.0,Rarely Available
1003399,Entire home/apt in Crown Heights,501599,Host1599,f,Brooklyn,Crown Heights,40.670984,-73.961067,Entire home/apt,223.66,3,15,2026-03-10,1.15,3,0,$150-250,False,178.0,Rarely Available
1003400,Entire home/apt in Riverdale,501600,Host1600,f,Bronx,Riverdale,40.854831,-73.902087,Entire home/apt,81.15,2,2,2026-05-23,0.04,5,95,$75-150,False,104.0,Sometimes Available
1003401,Private room in Crown Heights,501601,Host1601,f,Brooklyn,Crown Heights,40.684266,-73.93139,Private room,160.99,1,22,2026-05-29,2.16,1,201,$150-250,False,98.0,Highly Available
1003402,Private room in Midtown,501602,Host1602,f,Manhattan,Midtown,40.787128,-73.967404,Private room,229.26,1,23,2026-04-06,0.57,1,46,$150-250,False,151.0,Sometimes Available
1003403,Entire home/apt in Astoria,501603,Host1603,f,Queens,Astoria,40.756186,-73.769059,Entire home/apt,90.13,14,13,2026-03-22,0.46,1,61,$75-150,False,166.0,Sometimes Available
1003404,Entire home/apt in Harlem,501604,Host1604,f,Manhattan,Harlem,40.791228,-73.994662,Entire home/apt,426.88,2,56,2026-07-01,1.63,1,314,$400+,False,65.0,Highly Available
1003405,Private room in Greenpoint,501605,Host1605,f,Brooklyn,Greenpoint,40.675884,-73.960788,Private room,97.8,7,4,2026-04-10,0.1,2,264,$75-150,False,147.0,Highly Available
1003406,Entire home/apt in Chelsea,501606,Host1606,f,Manhattan,Chelsea,40.771956,-73.974446,Entire home/apt,302.26,1,2,2026-06-19,0.08,1,194,$250-400,False,77.0,Highly Available
1003407,Entire home/apt in Financial District,501607,Host1607,f,Manhattan,Financial District,40.806978,-73.992681,Entire home/apt,474.43,1,28,2026-03-15,0.6,1,199,$400+,False,173.0,Highly Available
1003408,Private room in Harlem,501608,Host1608,f,Manhattan,Harlem,40.750325,-73.967688,Private room,95.75,2,2,2026-08-01,0.09,1,91,$75-150,False,34.0,Sometimes Available
1003409,Private room in Long Island City,501609,Host1609,f,Queens,Long Island City,40.718854,-73.78211,Private room,68.51,1,47,2026-04-08,1.36,1,355,$0-75,False,149.0,Highly Available
1003410,Entire home/apt in Chelsea,501610,Host1610,f,Manhattan,Chelsea,40.786537,-73.970117,Entire home/apt,239.52,1,8,2026-03-23,1.12,3,97,$150-250,False,165.0,Sometimes Available
1003411,Entire home/apt in St. George,501611,Host1611,f,Staten Island,St. George,40.600516,-74.088936,Entire home/apt,230.74,7,66,2026-05-18,4.07,2,310,$150-250,False,109.0,Highly Available
1003412,Private room in Long Island City,501612,Host1612,f,Queens,Long Island City,40.692169,-73.785203,Private room,89.69,1,47,2026-05-11,1.03,1,297,$75-150,False,116.0,Highly Available
1003413,Private room in Park Slope,501613,Host1613,t,Brooklyn,Park Slope,40.699742,-73.945724,Private room,145.41,2,6,2025-09-05,0.21,1,108,$75-150,True,364.0,Sometimes Available
1003414,Entire home/apt in Crown Heights,501614,Host1614,f,Brooklyn,Crown Heights,40.681646,-73.940013,Entire home/apt,214.1,5,22,2026-02-13,1.2,1,65,$150-250,False,203.0,Sometimes Available
1003415,Entire home/apt in Fordham,501615,Host1615,f,Bronx,Fordham,40.799791,-73.927946,Entire home/apt,186.04,1,8,2026-06-13,0.89,1,184,$150-250,False,83.0,Highly Available
1003416,Entire home/apt in Mott Haven,501616,Host1616,f,Bronx,Mott Haven,40.837637,-73.873966,Entire home/apt,134.01,3,62,2026-05-11,2.71,2,333,$75-150,False,116.0,Highly Available
1003417,Private room in East Village,501617,Host1617,f,Manhattan,East Village,40.776016,-74.025533,Private room,95.78,2,36,2026-05-19,0.83,1,185,$75-150,False,108.0,Highly Available
1003418,Private room in Bedford-Stuyvesant,501618,Host1618,f,Brooklyn,Bedford-Stuyvesant,40.692697,-73.948139,Private room,113.0,14,5,2026-07-13,0.27,1,0,$75-150,False,53.0,Rarely Available
1003419,Private room in Crown Heights,501619,Host1619,f,Brooklyn,Crown Heights,40.652973,-73.931975,Private room,177.22,1,5,2026-07-09,0.29,2,229,$150-250,False,57.0,Highly Available
1003420,Entire home/apt in Flushing,501620,Host1620,f,Queens,Flushing,40.734362,-73.78662,Entire home/apt,35.55,2,15,2026-05-21,0.32,1,179,$0-75,False,106.0,Sometimes Available
1003421,Private room in Crown Heights,501621,Host1621,f,Brooklyn,Crown Heights,40.638794,-73.946317,Private room,61.47,1,30,2026-05-05,2.23,1,169,$0-75,False,122.0,Sometimes Available
1003422,Entire home/apt in Long Island City,501622,Host1622,f,Queens,Long Island City,40.725516,-73.811804,Entire home/apt,158.43,1,15,2026-07-24,0.37,1,252,$150-250,False,42.0,Highly Available
1003423,Private room in Ridgewood,501623,Host1623,f,Queens,Ridgewood,40.749148,-73.773948,Private room,71.39,3,58,2026-05-18,3.83,1,337,$0-75,False,109.0,Highly Available
1003424,Entire home/apt in Upper West Side,501624,Host1624,f,Manhattan,Upper West Side,40.792813,-73.956125,Entire home/apt,214.46,2,106,2026-04-22,5.14,1,39,$150-250,False,135.0,Sometimes Available
1003425,Private room in Astoria,501625,Host1625,f,Queens,Astoria,40.730192,-73.7971,Private room,41.48,2,15,2026-06-21,1.42,1,16,$0-75,False,75.0,Rarely Available
1003426,Entire home/apt in Greenpoint,501626,Host1626,t,Brooklyn,Greenpoint,40.698006,-73.939008,Entire home/apt,65.3,2,19,2026-04-13,0.4,1,333,$0-75,True,144.0,Highly Available
1003427,Private room in Greenpoint,501627,Host1627,f,Brooklyn,Greenpoint,40.664892,-73.903234,Private room,158.72,5,22,2026-03-17,1.38,2,95,$150-250,False,171.0,Sometimes Available
1003428,Private room in Astoria,501628,Host1628,f,Queens,Astoria,40.752871,-73.823609,Private room,172.52,1,74,2025-09-20,6.35,1,166,$150-250,False,349.0,Sometimes Available
1003429,Entire home/apt in Park Slope,501629,Host1629,f,Brooklyn,Park Slope,40.650485,-73.935321,Entire home/apt,363.99,1,40,2026-03-22,1.27,1,31,$250-400,False,166.0,Sometimes Available
1003430,Shared room in Williamsburg,501630,Host1630,f,Brooklyn,Williamsburg,40.686072,-73.950488,Shared room,41.45,2,47,2026-04-05,5.03,1,146,$0-75,False,152.0,Sometimes Available
1003431,Private room in Crown Heights,501631,Host1631,f,Brooklyn,Crown Heights,40.643971,-73.965825,Private room,129.64,5,17,2026-06-04,0.58,1,76,$75-150,False,92.0,Sometimes Available
1003432,Entire home/apt in Jamaica,501632,Host1632,f,Queens,Jamaica,40.725418,-73.778642,Entire home/apt,199.38,7,60,2026-03-28,2.13,2,197,$150-250,False,160.0,Highly Available
1003433,Private room in Greenpoint,501633,Host1633,f,Brooklyn,Greenpoint,40.681126,-73.942536,Private room,39.36,14,1,2024-11-11,0.07,1,64,$0-75,False,662.0,Sometimes Available
1003434,Private room in Fordham,501634,Host1634,f,Bronx,Fordham,40.804143,-73.890898,Private room,106.45,1,38,2026-07-21,6.04,1,273,$75-150,False,45.0,Highly Available
1003435,Private room in Harlem,501635,Host1635,f,Manhattan,Harlem,40.772567,-73.970364,Private room,239.98,30,12,2026-03-10,0.91,1,320,$150-250,False,178.0,Highly Available
1003436,Entire home/apt in Bedford-Stuyvesant,501636,Host1636,f,Brooklyn,Bedford-Stuyvesant,40.677162,-73.955196,Entire home/apt,86.88,5,26,2026-04-29,1.21,1,63,$75-150,False,128.0,Sometimes Available
1003437,Private room in Fordham,501637,Host1637,f,Bronx,Fordham,40.825449,-73.888741,Private room,43.84,5,21,2025-09-19,2.59,1,87,$0-75,False,350.0,Sometimes Available
1003438,Private room in Crown Heights,501638,Host1638,t,Brooklyn,Crown Heights,40.695979,-73.937233,Private room,200.55,3,6,2026-06-02,0.35,1,144,$150-250,True,94.0,Sometimes Available
1003439,Entire home/apt in Mott Haven,501639,Host1639,f,Bronx,Mott Haven,40.856491,-73.89498,Entire home/apt,221.03,1,20,2026-05-27,1.62,1,292,$150-250,False,100.0,Highly Available
1003440,Entire home/apt in Upper West Side,501640,Host1640,f,Manhattan,Upper West Side,40.734941,-74.009192,Entire home/apt,222.69,7,68,2026-06-17,3.04,1,74,$150-250,False,79.0,Sometimes Available
1003441,Entire home/apt in Upper West Side,501641,Host1641,t,Manhattan,Upper West Side,40.788119,-73.992445,Entire home/apt,195.4,1,60,2026-06-14,3.26,1,279,$150-250,True,82.0,Highly Available
1003442,Entire home/apt in Upper West Side,501642,Host1642,f,Manhattan,Upper West Side,40.788235,-73.940135,Entire home/apt,401.8,2,54,2026-07-17,3.26,10,150,$400+,False,49.0,Sometimes Available
1003443,Private room in East Village,501643,Host1643,f,Manhattan,East Village,40.802934,-73.973826,Private room,107.9,1,45,2026-07-13,1.89,1,102,$75-150,False,53.0,Sometimes Available
1003444,Private room in Chelsea,501644,Host1644,f,Manhattan,Chelsea,40.770656,-73.946802,Private room,202.45,7,4,2025-12-23,0.16,1,211,$150-250,False,255.0,Highly Available
1003445,Entire home/apt in Greenpoint,501645,Host1645,t,Brooklyn,Greenpoint,40.654793,-73.945426,Entire home/apt,186.58,5,7,2025-08-01,0.23,10,315,$150-250,True,399.0,Highly Available
1003446,Private room in Bushwick,501646,Host1646,f,Brooklyn,Bushwick,40.69622,-73.937874,Private room,62.24,14,2,2026-06-20,0.05,1,58,$0-75,False,76.0,Sometimes Available
1003447,Private room in Harlem,501647,Host1647,f,Manhattan,Harlem,40.761801,-73.985928,Private room,153.23,2,29,2024-11-19,0.97,3,215,$150-250,False,654.0,Highly Available
1003448,Private room in Flushing,501648,Host1648,f,Queens,Flushing,40.720921,-73.81306,Private room,20.0,1,1,2026-06-15,0.03,1,0,$0-75,False,81.0,Rarely Available
1003449,Entire home/apt in Hell's Kitchen,501649,Host1649,f,Manhattan,Hell's Kitchen,40.756777,-73.988008,Entire home/apt,486.51,2,7,2026-01-17,0.19,1,271,$400+,False,230.0,Highly Available
1003450,Entire home/apt in St. George,501650,Host1650,f,Staten Island,St. George,40.611399,-74.155578,Entire home/apt,97.32,1,6,2026-07-31,0.25,2,156,$75-150,False,35.0,Sometimes Available
1003451,Private room in Crown Heights,501651,Host1651,f,Brooklyn,Crown Heights,40.670998,-73.940896,Private room,124.92,1,36,2025-04-20,3.11,1,0,$75-150,False,502.0,Rarely Available
1003452,Hotel room in Financial District,501652,Host1652,t,Manhattan,Financial District,40.761874,-73.974028,Hotel room,474.53,3,1,2026-07-26,0.15,1,115,$400+,True,40.0,Sometimes Available
1003453,Private room in Long Island City,501653,Host1653,f,Queens,Long Island City,40.719196,-73.801195,Private room,43.76,2,20,2026-07-08,0.72,1,298,$0-75,False,58.0,Highly Available
1003454,Private room in Bushwick,501654,Host1654,t,Brooklyn,Bushwick,40.686096,-73.929116,Private room,152.21,1,34,2026-07-23,3.29,1,282,$150-250,True,43.0,Highly Available
1003455,Private room in Crown Heights,501655,Host1655,f,Brooklyn,Crown Heights,40.67538,-73.94631,Private room,105.18,5,44,2026-04-10,3.65,1,272,$75-150,False,147.0,Highly Available
1003456,Private room in Williamsburg,501656,Host1656,f,Brooklyn,Williamsburg,40.67479,-73.906423,Private room,88.36,1,24,2026-06-01,0.9,1,0,$75-150,False,95.0,Rarely Available
1003457,Entire home/apt in Financial District,501657,Host1657,t,Manhattan,Financial District,40.764651,-73.963074,Entire home/apt,121.83,5,15,2025-11-14,0.59,1,53,$75-150,True,294.0,Sometimes Available
1003458,Entire home/apt in Park Slope,501658,Host1658,f,Brooklyn,Park Slope,40.656965,-73.95835,Entire home/apt,93.37,14,29,2026-06-12,0.77,1,180,$75-150,False,84.0,Sometimes Available
1003459,Entire home/apt in Harlem,501659,Host1659,f,Manhattan,Harlem,40.770598,-73.950719,Entire home/apt,289.71,14,2,2025-08-10,0.18,3,71,$250-400,False,390.0,Sometimes Available
1003460,Private room in Park Slope,501660,Host1660,f,Brooklyn,Park Slope,40.719227,-73.904244,Private room,89.02,30,15,2026-04-22,0.43,1,174,$75-150,False,135.0,Sometimes Available
1003461,Entire home/apt in Financial District,501661,Host1661,f,Manhattan,Financial District,40.783027,-73.99907,Entire home/apt,187.05,7,25,2026-01-27,0.53,1,110,$150-250,False,220.0,Sometimes Available
1003462,Entire home/apt in East Village,501662,Host1662,t,Manhattan,East Village,40.749465,-73.955884,Entire home/apt,377.73,1,0,,0.0,1,243,$250-400,True,,Highly Available
1003463,Private room in Park Slope,501663,Host1663,f,Brooklyn,Park Slope,40.696398,-73.975622,Private room,43.98,3,2,2026-06-28,0.11,1,173,$0-75,False,68.0,Sometimes Available
1003464,Private room in Riverdale,501664,Host1664,t,Bronx,Riverdale,40.874265,-73.890643,Private room,38.23,5,55,2026-01-20,1.52,1,23,$0-75,True,227.0,Rarely Available
1003465,Shared room in Financial District,501665,Host1665,f,Manhattan,Financial District,40.771354,-73.985465,Shared room,46.07,30,1,2025-10-26,0.03,1,0,$0-75,False,313.0,Rarely Available
1003466,Private room in Chelsea,501666,Host1666,f,Manhattan,Chelsea,40.780059,-73.965807,Private room,355.38,1,33,2026-03-25,0.77,1,145,$250-400,False,163.0,Sometimes Available
1003467,Entire home/apt in Flushing,501667,Host1667,t,Queens,Flushing,40.709482,-73.818574,Entire home/apt,182.78,3,2,2026-04-09,0.2,1,50,$150-250,True,148.0,Sometimes Available
1003468,Entire home/apt in Bedford-Stuyvesant,501668,Host1668,f,Brooklyn,Bedford-Stuyvesant,40.689167,-73.965866,Entire home/apt,149.05,3,58,2026-07-03,2.05,1,47,$75-150,False,63.0,Sometimes Available
1003469,Private room in Williamsburg,501669,Host1669,f,Brooklyn,Williamsburg,40.663626,-73.92529,Private room,132.25,1,8,2026-07-31,0.35,1,232,$75-150,False,35.0,Highly Available
1003470,Entire home/apt in Flushing,501670,Host1670,f,Queens,Flushing,40.718728,-73.817115,Entire home/apt,100.66,7,8,2026-04-26,0.18,10,154,$75-150,False,131.0,Sometimes Available
1003471,Entire home/apt in Harlem,501671,Host1671,f,Manhattan,Harlem,40.791281,-73.958695,Entire home/apt,424.46,3,3,2026-07-29,0.1,10,243,$400+,False,37.0,Highly Available
1003472,Entire home/apt in Financial District,501672,Host1672,f,Manhattan,Financial District,40.773496,-73.985938,Entire home/apt,188.67,3,6,2026-06-06,0.22,1,168,$150-250,False,90.0,Sometimes Available
1003473,Entire home/apt in Flushing,501673,Host1673,f,Queens,Flushing,40.733855,-73.768138,Entire home/apt,185.58,1,13,2026-05-02,0.61,3,143,$150-250,False,125.0,Sometimes Available
1003474,Private room in Astoria,501674,Host1674,f,Queens,Astoria,40.703897,-73.786593,Private room,30.98,1,10,2025-11-24,1.32,1,170,$0-75,False,284.0,Sometimes Available
1003475,Entire home/apt in Crown Heights,501675,Host1675,f,Brooklyn,Crown Heights,40.680103,-73.94093,Entire home/apt,171.36,2,18,2026-03-31,0.51,1,80,$150-250,False,157.0,Sometimes Available
1003476,Private room in Mott Haven,501676,Host1676,f,Bronx,Mott Haven,40.836128,-73.888924,Private room,121.58,5,10,2026-07-09,1.43,1,263,$75-150,False,57.0,Highly Available
1003477,Entire home/apt in Williamsburg,501677,Host1677,f,Brooklyn,Williamsburg,40.690368,-73.934743,Entire home/apt,139.85,1,24,2026-07-12,0.52,5,86,$75-150,False,54.0,Sometimes Available
1003478,Entire home/apt in Hell's Kitchen,501678,Host1678,f,Manhattan,Hell's Kitchen,40.738067,-73.984681,Entire home/apt,273.11,1,29,2026-04-17,1.11,2,0,$250-400,False,140.0,Rarely Available
1003479,Private room in Fordham,501679,Host1679,t,Bronx,Fordham,40.833266,-73.907289,Private room,102.75,7,2,2025-10-28,0.08,1,365,$75-150,True,311.0,Highly Available
1003480,Entire home/apt in Jamaica,501680,Host1680,f,Queens,Jamaica,40.761697,-73.781378,Entire home/apt,64.6,14,19,2026-01-29,2.5,10,12,$0-75,False,218.0,Rarely Available
1003481,Hotel room in Greenpoint,501681,Host1681,f,Brooklyn,Greenpoint,40.682384,-73.951572,Hotel room,127.68,1,6,2026-06-03,0.15,2,0,$75-150,False,93.0,Rarely Available
1003482,Entire home/apt in Bedford-Stuyvesant,501682,Host1682,f,Brooklyn,Bedford-Stuyvesant,40.660529,-73.952825,Entire home/apt,107.29,3,14,2026-05-05,0.47,1,196,$75-150,False,122.0,Highly Available
1003483,Private room in Park Slope,501683,Host1683,f,Brooklyn,Park Slope,40.675779,-73.916715,Private room,119.3,1,2,2026-05-22,0.05,1,247,$75-150,False,105.0,Highly Available
1003484,Entire home/apt in Bedford-Stuyvesant,501684,Host1684,f,Brooklyn,Bedford-Stuyvesant,40.690208,-73.983172,Entire home/apt,238.17,3,13,2026-04-18,0.66,1,326,$150-250,False,139.0,Highly Available
1003485,Entire home/apt in Jamaica,501685,Host1685,f,Queens,Jamaica,40.713214,-73.789854,Entire home/apt,43.66,3,7,2026-02-01,0.34,1,347,$0-75,False,215.0,Highly Available
1003486,Private room in Crown Heights,501686,Host1686,f,Brooklyn,Crown Heights,40.709003,-73.914817,Private room,69.87,1,26,2026-01-17,0.64,1,251,$0-75,False,230.0,Highly Available
1003487,Entire home/apt in Fordham,501687,Host1687,f,Bronx,Fordham,40.832241,-73.892043,Entire home/apt,33.94,2,45,2025-10-11,1.85,3,135,$0-75,False,328.0,Sometimes Available
1003488,Private room in Park Slope,501688,Host1688,f,Brooklyn,Park Slope,40.711343,-73.94083,Private room,168.51,30,40,2026-03-29,1.59,1,163,$150-250,False,159.0,Sometimes Available
1003489,Entire home/apt in Ridgewood,501689,Host1689,f,Queens,Ridgewood,40.720753,-73.789668,Entire home/apt,94.28,1,47,2026-02-28,1.43,1,165,$75-150,False,188.0,Sometimes Available
1003490,Entire home/apt in Long Island City,501690,Host1690,f,Queens,Long Island City,40.738036,-73.794314,Entire home/apt,124.78,3,14,2026-05-27,0.51,1,59,$75-150,False,100.0,Sometimes Available
1003491,Entire home/apt in Fordham,501691,Host1691,f,Bronx,Fordham,40.829753,-73.867175,Entire home/apt,137.13,3,17,2026-04-13,0.43,1,0,$75-150,False,144.0,Rarely Available
1003492,Private room in Jamaica,501692,Host1692,t,Queens,Jamaica,40.704234,-73.83201,Private room,45.31,2,6,2025-06-15,0.39,1,120,$0-75,True,446.0,Sometimes Available
1003493,Entire home/apt in East Village,501693,Host1693,f,Manhattan,East Village,40.798172,-73.999785,Entire home/apt,110.36,3,10,2026-03-12,0.94,1,256,$75-150,False,176.0,Highly Available
1003494,Entire home/apt in Crown Heights,501694,Host1694,t,Brooklyn,Crown Heights,40.648199,-73.93305,Entire home/apt,207.33,2,29,2026-05-31,1.07,1,64,$150-250,True,96.0,Sometimes Available
1003495,Private room in Fordham,501695,Host1695,f,Bronx,Fordham,40.836459,-73.874491,Private room,67.85,1,17,2026-06-21,0.41,1,172,$0-75,False,75.0,Sometimes Available
1003496,Entire home/apt in Williamsburg,501696,Host1696,f,Brooklyn,Williamsburg,40.715713,-73.918152,Entire home/apt,553.4843000000001,1,17,2026-06-29,0.5,1,184,$400+,False,67.0,Highly Available
1003497,Private room in Upper West Side,501697,Host1697,f,Manhattan,Upper West Side,40.799918,-73.998434,Private room,256.96,2,65,2026-07-28,1.65,5,81,$250-400,False,38.0,Sometimes Available
1003498,Private room in Chelsea,501698,Host1698,f,Manhattan,Chelsea,40.794533,-73.971253,Private room,268.87,1,5,2025-11-26,0.27,1,254,$250-400,False,282.0,Highly Available
1003499,Entire home/apt in Financial District,501699,Host1699,f,Manhattan,Financial District,40.778463,-73.979533,Entire home/apt,168.92,5,30,2025-12-03,1.45,1,173,$150-250,False,275.0,Sometimes Available
1003500,Private room in Tottenville,501700,Host1700,f,Staten Island,Tottenville,40.60163,-74.151158,Private room,98.13,1,6,2026-06-26,0.18,3,0,$75-150,False,70.0,Rarely Available
1003501,Private room in Williamsburg,501701,Host1701,f,Brooklyn,Williamsburg,40.677933,-73.95845,Private room,72.32,3,56,2026-03-30,2.06,1,178,$0-75,False,158.0,Sometimes Available
1003502,Private room in Astoria,501702,Host1702,t,Queens,Astoria,40.717361,-73.772299,Private room,41.45,1,70,2026-06-10,1.82,1,150,$0-75,True,86.0,Sometimes Available
1003503,Entire home/apt in St. George,501703,Host1703,f,Staten Island,St. George,40.540996,-74.151855,Entire home/apt,146.05,1,8,2026-07-21,0.32,1,209,$75-150,False,45.0,Highly Available
1003504,Entire home/apt in Astoria,501704,Host1704,f,Queens,Astoria,40.711105,-73.756996,Entire home/apt,67.85,14,11,2026-06-02,0.41,1,58,$0-75,False,94.0,Sometimes Available
1003505,Private room in Bushwick,501705,Host1705,f,Brooklyn,Bushwick,40.679363,-73.941516,Private room,246.46,1,7,2025-09-14,0.44,2,59,$150-250,False,355.0,Sometimes Available
1003506,Private room in Park Slope,501706,Host1706,f,Brooklyn,Park Slope,40.669625,-73.916887,Private room,266.78,3,41,2026-07-06,3.52,3,214,$250-400,False,60.0,Highly Available
1003507,Entire home/apt in Flushing,501707,Host1707,f,Queens,Flushing,40.726359,-73.806671,Entire home/apt,130.73,1,19,2026-04-27,0.47,3,141,$75-150,False,130.0,Sometimes Available
1003508,Entire home/apt in Riverdale,501708,Host1708,f,Bronx,Riverdale,40.829253,-73.896985,Entire home/apt,174.91,2,73,2026-04-23,2.62,1,127,$150-250,False,134.0,Sometimes Available
1003509,Entire home/apt in Riverdale,501709,Host1709,f,Bronx,Riverdale,40.834445,-73.893126,Entire home/apt,115.78,3,2,2026-03-25,0.11,1,217,$75-150,False,163.0,Highly Available
1003510,Entire home/apt in Crown Heights,501710,Host1710,f,Brooklyn,Crown Heights,40.688321,-73.974606,Entire home/apt,106.13,3,4,2026-04-13,0.09,1,170,$75-150,False,144.0,Sometimes Available
1003511,Entire home/apt in Harlem,501711,Host1711,f,Manhattan,Harlem,40.788457,-73.955733,Entire home/apt,168.99,2,1,2026-05-15,0.02,2,248,$150-250,False,112.0,Highly Available
1003512,Entire home/apt in Park Slope,501712,Host1712,f,Brooklyn,Park Slope,40.683884,-73.958086,Entire home/apt,114.15,3,36,2026-07-05,2.87,1,249,$75-150,False,61.0,Highly Available
1003513,Private room in Chelsea,501713,Host1713,f,Manhattan,Chelsea,40.758367,-73.982727,Private room,195.16,2,11,2026-06-25,0.31,1,284,$150-250,False,71.0,Highly Available
1003514,Private room in Harlem,501714,Host1714,f,Manhattan,Harlem,40.808976,-73.932335,Private room,354.97,1,0,,0.0,1,244,$250-400,False,,Highly Available
1003515,Shared room in Bushwick,501715,Host1715,f,Brooklyn,Bushwick,40.729434,-73.898233,Shared room,77.65,5,55,2026-06-08,1.45,2,23,$75-150,False,88.0,Rarely Available
1003516,Entire home/apt in Chelsea,501716,Host1716,f,Manhattan,Chelsea,40.743962,-73.978045,Entire home/apt,258.31,1,3,2026-04-03,0.07,2,146,$250-400,False,154.0,Sometimes Available
1003517,Entire home/apt in Astoria,501717,Host1717,t,Queens,Astoria,40.707397,-73.828572,Entire home/apt,68.02,3,12,2026-02-08,1.34,1,180,$0-75,True,208.0,Sometimes Available
1003518,Private room in Astoria,501718,Host1718,t,Queens,Astoria,40.750492,-73.765113,Private room,45.75,3,9,2026-05-06,1.47,1,298,$0-75,True,121.0,Highly Available
1003519,Private room in Long Island City,501719,Host1719,f,Queens,Long Island City,40.746134,-73.767427,Private room,54.71,1,2,2026-06-26,0.04,1,170,$0-75,False,70.0,Sometimes Available
1003520,Private room in Financial District,501720,Host1720,f,Manhattan,Financial District,40.752522,-74.008878,Private room,287.54,1,6,2026-07-14,0.14,1,200,$250-400,False,52.0,Highly Available
1003521,Entire home/apt in DUMBO,501721,Host1721,f,Brooklyn,DUMBO,40.684039,-73.984128,Entire home/apt,299.91,1,11,2026-07-15,0.9,1,72,$250-400,False,51.0,Sometimes Available
1003522,Private room in St. George,501722,Host1722,t,Staten Island,St. George,40.596857,-74.165733,Private room,88.93,1,20,2026-07-11,2.6,3,132,$75-150,True,55.0,Sometimes Available
1003523,Entire home/apt in Midtown,501723,Host1723,f,Manhattan,Midtown,40.785889,-73.953972,Entire home/apt,371.36,5,26,2026-06-24,1.35,1,363,$250-400,False,72.0,Highly Available
1003524,Private room in Bushwick,501724,Host1724,f,Brooklyn,Bushwick,40.679598,-73.91596,Private room,129.68,1,0,,0.0,1,152,$75-150,False,,Sometimes Available
1003525,Private room in Flushing,501725,Host1725,f,Queens,Flushing,40.740995,-73.811106,Private room,44.36,7,64,2026-02-22,2.57,2,0,$0-75,False,194.0,Rarely Available
1003526,Shared room in East Village,501726,Host1726,f,Manhattan,East Village,40.782507,-73.96002,Shared room,114.63,1,48,2026-06-23,1.34,3,69,$75-150,False,73.0,Sometimes Available
1003527,Private room in Bedford-Stuyvesant,501727,Host1727,f,Brooklyn,Bedford-Stuyvesant,40.670696,-73.942152,Private room,138.98,1,7,2026-01-05,0.28,5,253,$75-150,False,242.0,Highly Available
1003528,Private room in Long Island City,501728,Host1728,f,Queens,Long Island City,40.747705,-73.765178,Private room,46.6,1,53,2026-05-21,2.55,1,186,$0-75,False,106.0,Highly Available
1003529,Private room in Ridgewood,501729,Host1729,t,Queens,Ridgewood,40.749464,-73.759294,Private room,108.58,14,51,2025-12-03,3.89,1,0,$75-150,True,275.0,Rarely Available
1003530,Entire home/apt in Mott Haven,501730,Host1730,t,Bronx,Mott Haven,40.808726,-73.856074,Entire home/apt,28.99,2,86,2025-11-16,12.9,3,190,$0-75,True,292.0,Highly Available
1003531,Entire home/apt in Riverdale,501731,Host1731,f,Bronx,Riverdale,40.846283,-73.864862,Entire home/apt,103.32,5,4,2026-04-30,0.13,1,231,$75-150,False,127.0,Highly Available
1003532,Entire home/apt in Midtown,501732,Host1732,f,Manhattan,Midtown,40.775616,-73.961781,Entire home/apt,410.07,5,45,2026-03-03,4.24,1,245,$400+,False,185.0,Highly Available
1003533,Entire home/apt in Riverdale,501733,Host1733,t,Bronx,Riverdale,40.824825,-73.877886,Entire home/apt,110.46,14,4,2025-12-03,0.14,1,210,$75-150,True,275.0,Highly Available
1003534,Private room in Flushing,501734,Host1734,f,Queens,Flushing,40.743556,-73.800476,Private room,119.89,3,4,2026-08-01,0.08,1,146,$75-150,False,34.0,Sometimes Available
1003535,Entire home/apt in Williamsburg,501735,Host1735,f,Brooklyn,Williamsburg,40.678735,-73.942596,Entire home/apt,159.03,1,16,2025-03-13,0.39,10,3,$150-250,False,540.0,Rarely Available
1003536,Entire home/apt in Financial District,501736,Host1736,f,Manhattan,Financial District,40.762235,-74.008742,Entire home/apt,373.93,7,10,2026-07-01,0.46,1,18,$250-400,False,65.0,Rarely Available
1003537,Entire home/apt in Flushing,501737,Host1737,f,Queens,Flushing,40.715735,-73.775445,Entire home/apt,224.9,1,11,2026-05-04,1.04,2,163,$150-250,False,123.0,Sometimes Available
1003538,Entire home/apt in Bushwick,501738,Host1738,f,Brooklyn,Bushwick,40.654388,-73.917838,Entire home/apt,107.22,1,21,2026-07-07,3.08,1,364,$75-150,False,59.0,Highly Available
1003539,Entire home/apt in Tottenville,501739,Host1739,f,Staten Island,Tottenville,40.55676,-74.142474,Entire home/apt,68.86,1,6,2026-08-01,0.67,1,254,$0-75,False,34.0,Highly Available
1003540,Private room in Fordham,501740,Host1740,f,Bronx,Fordham,40.804303,-73.87933,Private room,48.09,2,0,,0.0,1,96,$0-75,False,,Sometimes Available
1003541,Private room in Bushwick,501741,Host1741,f,Brooklyn,Bushwick,40.660887,-73.962254,Private room,115.73,2,11,2026-05-07,1.14,1,87,$75-150,False,120.0,Sometimes Available
1003542,Entire home/apt in Mott Haven,501742,Host1742,f,Bronx,Mott Haven,40.832944,-73.878409,Entire home/apt,236.13,1,15,2026-07-11,0.5,1,67,$150-250,False,55.0,Sometimes Available
1003543,Private room in Bushwick,501743,Host1743,f,Brooklyn,Bushwick,40.674299,-73.90707,Private room,121.6,2,127,2026-07-12,4.19,2,270,$75-150,False,54.0,Highly Available
1003544,Private room in Mott Haven,501744,Host1744,f,Bronx,Mott Haven,40.793373,-73.863582,Private room,31.13,5,10,2026-05-20,0.31,1,203,$0-75,False,107.0,Highly Available
1003545,Private room in Hell's Kitchen,501745,Host1745,f,Manhattan,Hell's Kitchen,40.776192,-73.968988,Private room,35.83,1,1,2026-07-03,0.02,1,215,$0-75,False,63.0,Highly Available
1003546,Private room in Bushwick,501746,Host1746,f,Brooklyn,Bushwick,40.641195,-73.92029,Private room,102.22,1,9,2026-05-30,0.26,1,179,$75-150,False,97.0,Sometimes Available
1003547,Private room in Ridgewood,501747,Host1747,f,Queens,Ridgewood,40.763058,-73.766586,Private room,49.25,2,21,2026-07-27,0.6,1,142,$0-75,False,39.0,Sometimes Available
1003548,Private room in Riverdale,501748,Host1748,f,Bronx,Riverdale,40.824518,-73.904769,Private room,27.28,3,9,2026-07-10,0.25,1,209,$0-75,False,56.0,Highly Available
1003549,Private room in Financial District,501749,Host1749,f,Manhattan,Financial District,40.785366,-73.967801,Private room,246.68,2,19,2026-07-07,1.22,1,125,$150-250,False,59.0,Sometimes Available
1003550,Entire home/apt in East Village,501750,Host1750,t,Manhattan,East Village,40.752218,-73.98716,Entire home/apt,553.4843000000001,7,28,2026-04-21,1.37,1,73,$400+,True,136.0,Sometimes Available
1003551,Private room in Chelsea,501751,Host1751,f,Manhattan,Chelsea,40.76786,-73.978941,Private room,116.71,7,49,2026-05-26,1.14,1,77,$75-150,False,101.0,Sometimes Available
1003552,Entire home/apt in Crown Heights,501752,Host1752,t,Brooklyn,Crown Heights,40.684586,-73.9472,Entire home/apt,244.19,3,32,2026-01-15,0.69,1,183,$150-250,True,232.0,Highly Available
1003553,Shared room in East Village,501753,Host1753,f,Manhattan,East Village,40.782548,-73.979449,Shared room,110.61,1,0,,0.0,3,96,$75-150,False,,Sometimes Available
1003554,Entire home/apt in Greenpoint,501754,Host1754,t,Brooklyn,Greenpoint,40.669943,-73.935976,Entire home/apt,153.23,5,13,2026-07-18,0.37,1,70,$150-250,True,48.0,Sometimes Available
1003555,Entire home/apt in Upper West Side,501755,Host1755,t,Manhattan,Upper West Side,40.780127,-73.993388,Entire home/apt,111.96,2,8,2026-05-28,0.2,1,17,$75-150,True,99.0,Rarely Available
1003556,Entire home/apt in Bushwick,501756,Host1756,t,Brooklyn,Bushwick,40.641425,-73.931196,Entire home/apt,108.9,7,3,2026-05-14,0.29,10,0,$75-150,True,113.0,Rarely Available
1003557,Private room in Bushwick,501757,Host1757,f,Brooklyn,Bushwick,40.636256,-73.94523,Private room,56.03,3,66,2026-01-19,1.82,1,0,$0-75,False,228.0,Rarely Available
1003558,Entire home/apt in Williamsburg,501758,Host1758,f,Brooklyn,Williamsburg,40.684275,-73.947236,Entire home/apt,207.44,7,20,2026-07-15,0.74,3,105,$150-250,False,51.0,Sometimes Available
1003559,Entire home/apt in DUMBO,501759,Host1759,f,Brooklyn,DUMBO,40.698414,-73.938197,Entire home/apt,332.13,1,3,2025-12-18,0.15,2,361,$250-400,False,260.0,Highly Available
1003560,Private room in Bedford-Stuyvesant,501760,Host1760,f,Brooklyn,Bedford-Stuyvesant,40.683299,-73.936984,Private room,147.11,7,26,2026-02-14,0.65,1,350,$75-150,False,202.0,Highly Available
1003561,Private room in Bedford-Stuyvesant,501761,Host1761,f,Brooklyn,Bedford-Stuyvesant,40.671674,-73.952125,Private room,162.26,7,2,2026-07-17,0.09,2,205,$150-250,False,49.0,Highly Available
1003562,Private room in East Village,501762,Host1762,t,Manhattan,East Village,40.780003,-73.963222,Private room,164.99,3,9,2026-05-15,0.28,1,0,$150-250,True,112.0,Rarely Available
1003563,Entire home/apt in Flushing,501763,Host1763,f,Queens,Flushing,40.737655,-73.826853,Entire home/apt,290.26,1,13,2026-06-26,0.45,1,219,$250-400,False,70.0,Highly Available
1003564,Private room in Williamsburg,501764,Host1764,f,Brooklyn,Williamsburg,40.691007,-73.95335,Private room,72.27,1,32,2025-12-01,1.28,1,106,$0-75,False,277.0,Sometimes Available
1003565,Entire home/apt in East Village,501765,Host1765,f,Manhattan,East Village,40.770947,-73.938785,Entire home/apt,411.7,1,1,2026-04-21,0.11,1,122,$400+,False,136.0,Sometimes Available
1003566,Entire home/apt in Chelsea,501766,Host1766,f,Manhattan,Chelsea,40.779083,-73.999011,Entire home/apt,75.17,1,103,2026-06-27,3.25,1,0,$75-150,False,69.0,Rarely Available
1003567,Entire home/apt in Flushing,501767,Host1767,f,Queens,Flushing,40.731492,-73.798035,Entire home/apt,114.46,5,59,2026-06-11,2.8,1,0,$75-150,False,85.0,Rarely Available
1003568,Entire home/apt in Hell's Kitchen,501768,Host1768,f,Manhattan,Hell's Kitchen,40.807464,-73.969266,Entire home/apt,20.46,2,9,2026-04-26,0.38,1,86,$0-75,False,131.0,Sometimes Available
1003569,Entire home/apt in Midtown,501769,Host1769,f,Manhattan,Midtown,40.804287,-73.969897,Entire home/apt,80.71,2,14,2025-03-15,0.45,5,213,$75-150,False,538.0,Highly Available
1003570,Entire home/apt in Bedford-Stuyvesant,501770,Host1770,f,Brooklyn,Bedford-Stuyvesant,40.709892,-73.964467,Entire home/apt,388.29,1,28,2026-06-09,1.1,1,63,$250-400,False,87.0,Sometimes Available
1003571,Private room in Park Slope,501771,Host1771,f,Brooklyn,Park Slope,40.658456,-73.936087,Private room,96.4,2,1,2026-02-05,0.04,1,317,$75-150,False,211.0,Highly Available
1003572,Entire home/apt in Bedford-Stuyvesant,501772,Host1772,f,Brooklyn,Bedford-Stuyvesant,40.669317,-73.997682,Entire home/apt,118.28,2,96,2026-01-03,3.33,2,0,$75-150,False,244.0,Rarely Available
1003573,Entire home/apt in Bushwick,501773,Host1773,f,Brooklyn,Bushwick,40.650041,-73.947633,Entire home/apt,212.05,30,208,2026-07-21,5.8,1,60,$150-250,False,45.0,Sometimes Available
1003574,Entire home/apt in Upper West Side,501774,Host1774,t,Manhattan,Upper West Side,40.792306,-73.987541,Entire home/apt,263.04,7,17,2026-01-18,0.9,1,94,$250-400,True,229.0,Sometimes Available
1003575,Private room in Midtown,501775,Host1775,f,Manhattan,Midtown,40.751086,-73.985395,Private room,228.88,1,6,2026-05-29,0.13,1,183,$150-250,False,98.0,Highly Available
1003576,Entire home/apt in Crown Heights,501776,Host1776,t,Brooklyn,Crown Heights,40.659768,-73.915829,Entire home/apt,277.57,2,27,2026-07-30,0.91,1,206,$250-400,True,36.0,Highly Available
1003577,Private room in Jamaica,501777,Host1777,f,Queens,Jamaica,40.716281,-73.822364,Private room,141.62,2,1,2026-04-16,0.04,1,220,$75-150,False,141.0,Highly Available
1003578,Private room in Ridgewood,501778,Host1778,f,Queens,Ridgewood,40.726173,-73.783825,Private room,91.74,2,6,2026-06-22,0.3,1,0,$75-150,False,74.0,Rarely Available
1003579,Entire home/apt in Greenpoint,501779,Host1779,f,Brooklyn,Greenpoint,40.674154,-73.935228,Entire home/apt,125.92,14,20,2026-06-03,1.54,1,29,$75-150,False,93.0,Rarely Available
1003580,Entire home/apt in Jamaica,501780,Host1780,f,Queens,Jamaica,40.732678,-73.790584,Entire home/apt,228.03,1,30,2025-12-16,1.02,1,277,$150-250,False,262.0,Highly Available
1003581,Shared room in Financial District,501781,Host1781,f,Manhattan,Financial District,40.790064,-74.000375,Shared room,236.35,5,52,2026-02-16,1.39,1,50,$150-250,False,200.0,Sometimes Available
1003582,Private room in Ridgewood,501782,Host1782,f,Queens,Ridgewood,40.715116,-73.796564,Private room,96.72,7,125,2026-05-04,4.19,1,280,$75-150,False,123.0,Highly Available
1003583,Entire home/apt in Bushwick,501783,Host1783,t,Brooklyn,Bushwick,40.672731,-73.959721,Entire home/apt,347.02,30,15,2026-07-02,2.01,1,79,$250-400,True,64.0,Sometimes Available
1003584,Private room in Crown Heights,501784,Host1784,f,Brooklyn,Crown Heights,40.684304,-73.952417,Private room,92.48,1,2,2026-07-19,0.13,2,213,$75-150,False,47.0,Highly Available
1003585,Private room in Williamsburg,501785,Host1785,f,Brooklyn,Williamsburg,40.674819,-73.953093,Private room,110.58,2,0,,0.0,1,63,$75-150,False,,Sometimes Available
1003586,Private room in Bushwick,501786,Host1786,f,Brooklyn,Bushwick,40.675586,-73.93842,Private room,141.21,30,43,2025-10-13,2.97,1,46,$75-150,False,326.0,Sometimes Available
1003587,Entire home/apt in Harlem,501787,Host1787,f,Manhattan,Harlem,40.776234,-73.964789,Entire home/apt,114.84,1,11,2026-07-26,0.25,1,141,$75-150,False,40.0,Sometimes Available
1003588,Entire home/apt in Long Island City,501788,Host1788,f,Queens,Long Island City,40.713718,-73.748651,Entire home/apt,116.79,3,13,2026-03-08,0.42,2,25,$75-150,False,180.0,Rarely Available
1003589,Private room in Greenpoint,501789,Host1789,f,Brooklyn,Greenpoint,40.677197,-73.954308,Private room,214.59,1,30,2026-02-17,0.67,1,205,$150-250,False,199.0,Highly Available
1003590,Entire home/apt in Bushwick,501790,Host1790,t,Brooklyn,Bushwick,40.661548,-73.971247,Entire home/apt,174.42,7,82,2026-04-26,1.9,1,180,$150-250,True,131.0,Sometimes Available
1003591,Entire home/apt in East Village,501791,Host1791,f,Manhattan,East Village,40.747963,-73.969406,Entire home/apt,124.2,14,2,2026-03-28,0.08,2,45,$75-150,False,160.0,Sometimes Available
1003592,Private room in Williamsburg,501792,Host1792,f,Brooklyn,Williamsburg,40.665547,-73.923896,Private room,113.42,1,30,2026-07-11,1.51,1,192,$75-150,False,55.0,Highly Available
1003593,Entire home/apt in Hell's Kitchen,501793,Host1793,f,Manhattan,Hell's Kitchen,40.765482,-73.976046,Entire home/apt,159.08,30,3,2026-06-13,0.1,1,172,$150-250,False,83.0,Sometimes Available
1003594,Entire home/apt in Williamsburg,501794,Host1794,t,Brooklyn,Williamsburg,40.656266,-73.956885,Entire home/apt,146.18,1,27,2025-12-10,0.75,1,43,$75-150,True,268.0,Sometimes Available
1003595,Entire home/apt in Financial District,501795,Host1795,f,Manhattan,Financial District,40.784917,-73.987129,Entire home/apt,129.84,1,78,2025-12-15,1.96,1,23,$75-150,False,263.0,Rarely Available
1003596,Entire home/apt in Crown Heights,501796,Host1796,f,Brooklyn,Crown Heights,40.722216,-73.96429,Entire home/apt,170.99,3,9,2026-05-30,0.28,1,358,$150-250,False,97.0,Highly Available
1003597,Entire home/apt in Park Slope,501797,Host1797,f,Brooklyn,Park Slope,40.660117,-73.98358,Entire home/apt,273.61,3,14,2026-02-04,0.9,1,134,$250-400,False,212.0,Sometimes Available
1003598,Entire home/apt in DUMBO,501798,Host1798,f,Brooklyn,DUMBO,40.689644,-73.963102,Entire home/apt,146.3,30,13,2026-06-15,0.36,1,216,$75-150,False,81.0,Highly Available
1003599,Entire home/apt in Upper West Side,501799,Host1799,f,Manhattan,Upper West Side,40.792625,-73.990384,Entire home/apt,532.79,2,24,2026-05-29,0.61,1,251,$400+,False,98.0,Highly Available
1003600,Entire home/apt in St. George,500000,Host0,f,Staten Island,St. George,40.550049,-74.139676,Entire home/apt,129.9,1,6,2026-02-13,0.24,10,200,$75-150,False,203.0,Highly Available
1003601,Entire home/apt in St. George,500001,Host1,t,Staten Island,St. George,40.585501,-74.149142,Entire home/apt,46.64,3,4,2026-08-01,0.12,1,112,$0-75,True,34.0,Sometimes Available
1003602,Entire home/apt in Tottenville,500002,Host2,t,Staten Island,Tottenville,40.60935,-74.12517,Entire home/apt,94.79,3,4,2026-07-27,0.12,1,219,$75-150,True,39.0,Highly Available
1003603,Private room in Mott Haven,500003,Host3,f,Bronx,Mott Haven,40.831637,-73.869564,Private room,64.74,3,1,2026-07-11,0.07,1,20,$0-75,False,55.0,Rarely Available
1003604,Private room in Hell's Kitchen,500004,Host4,t,Manhattan,Hell's Kitchen,40.753801,-73.978725,Private room,124.67,1,33,2026-04-29,1.1,1,181,$75-150,True,128.0,Highly Available
1003605,Entire home/apt in Mott Haven,500005,Host5,f,Bronx,Mott Haven,40.846017,-73.865836,Entire home/apt,74.33,1,9,2026-03-06,0.19,1,210,$0-75,False,182.0,Highly Available
1003606,Private room in Upper West Side,500006,Host6,f,Manhattan,Upper West Side,40.786007,-73.975706,Private room,294.2,1,55,2026-07-26,1.34,1,158,$250-400,False,40.0,Sometimes Available
1003607,Private room in Midtown,500007,Host7,t,Manhattan,Midtown,40.782943,-73.945158,Private room,174.78,2,5,2025-11-23,0.24,1,225,$150-250,True,285.0,Highly Available
1003608,Private room in Upper West Side,500008,Host8,f,Manhattan,Upper West Side,40.775671,-73.9607,Private room,179.21,1,7,2026-06-23,0.28,3,269,$150-250,False,73.0,Highly Available
1003609,Private room in Jamaica,500009,Host9,f,Queens,Jamaica,40.728573,-73.804024,Private room,93.3,3,34,2025-09-30,0.88,2,300,$75-150,False,339.0,Highly Available
1003610,Private room in Harlem,500010,Host10,f,Manhattan,Harlem,40.794891,-73.958996,Private room,143.52,5,1,2026-04-19,0.04,2,83,$75-150,False,138.0,Sometimes Available
1003611,Entire home/apt in Upper West Side,500011,Host11,t,Manhattan,Upper West Side,40.771447,-73.992466,Entire home/apt,209.71,14,17,2026-07-30,0.47,1,0,$150-250,True,36.0,Rarely Available
1003612,Private room in Fordham,500012,Host12,f,Bronx,Fordham,40.796581,-73.887687,Private room,59.04,2,44,2026-06-18,6.09,1,166,$0-75,False,78.0,Sometimes Available
1003613,Private room in DUMBO,500013,Host13,f,Brooklyn,DUMBO,40.671635,-73.958498,Private room,59.55,1,6,2026-05-18,0.25,1,164,$0-75,False,109.0,Sometimes Available
1003614,Private room in Flushing,500014,Host14,f,Queens,Flushing,40.720525,-73.810742,Private room,76.4,1,9,2026-06-24,1.04,1,11,$75-150,False,72.0,Rarely Available
1003615,Private room in Fordham,500015,Host15,f,Bronx,Fordham,40.85342,-73.922744,Private room,129.63,1,1,2025-12-12,0.04,2,125,$75-150,False,266.0,Sometimes Available
1003616,Entire home/apt in Astoria,500016,Host16,f,Queens,Astoria,40.703536,-73.807003,Entire home/apt,72.85,1,36,2026-05-22,0.81,1,178,$0-75,False,105.0,Sometimes Available
1003617,Entire home/apt in Flushing,500017,Host17,f,Queens,Flushing,40.718808,-73.728705,Entire home/apt,177.85,2,8,2026-03-07,0.33,1,105,$150-250,False,181.0,Sometimes Available
1003618,Private room in Williamsburg,500018,Host18,f,Brooklyn,Williamsburg,40.693936,-73.926409,Private room,133.08,1,11,2026-05-08,0.25,1,245,$75-150,False,119.0,Highly Available
1003619,Private room in Chelsea,500019,Host19,t,Manhattan,Chelsea,40.784302,-73.963041,Private room,219.48,2,57,2026-03-28,1.24,1,93,$150-250,True,160.0,Sometimes Available
1003620,Entire home/apt in Riverdale,500020,Host20,t,Bronx,Riverdale,40.870172,-73.876444,Entire home/apt,117.03,14,11,2026-07-07,0.55,1,50,$75-150,True,59.0,Sometimes Available
1003621,Private room in Jamaica,500021,Host21,t,Queens,Jamaica,40.712382,-73.811345,Private room,79.53,2,6,2025-09-24,0.2,1,126,$75-150,True,345.0,Sometimes Available
1003622,Entire home/apt in Riverdale,500022,Host22,f,Bronx,Riverdale,40.853809,-73.870537,Entire home/apt,131.59,1,4,2026-06-30,0.14,1,294,$75-150,False,66.0,Highly Available
1003623,Entire home/apt in Riverdale,500023,Host23,f,Bronx,Riverdale,40.834491,-73.922658,Entire home/apt,68.5,3,36,2026-06-30,2.58,1,0,$0-75,False,66.0,Rarely Available
1003624,Entire home/apt in DUMBO,500024,Host24,f,Brooklyn,DUMBO,40.688525,-73.928133,Entire home/apt,79.67,1,87,2026-07-10,3.97,1,175,$75-150,False,56.0,Sometimes Available
1003625,Private room in Flushing,500025,Host25,f,Queens,Flushing,40.728624,-73.794726,Private room,67.05,14,22,2026-03-22,0.51,1,199,$0-75,False,166.0,Highly Available
1003626,Entire home/apt in Hell's Kitchen,500026,Host26,f,Manhattan,Hell's Kitchen,40.756437,-73.963683,Entire home/apt,191.77,3,1,2026-04-26,0.03,1,269,$150-250,False,131.0,Highly Available
1003627,Private room in Long Island City,500027,Host27,f,Queens,Long Island City,40.714161,-73.797353,Private room,39.1,3,59,2026-05-16,2.02,1,90,$0-75,False,111.0,Sometimes Available
1003628,Entire home/apt in DUMBO,500028,Host28,t,Brooklyn,DUMBO,40.669946,-73.923827,Entire home/apt,63.34,2,24,2026-07-30,0.5,1,84,$0-75,True,36.0,Sometimes Available
1003629,Entire home/apt in Mott Haven,500029,Host29,f,Bronx,Mott Haven,40.841992,-73.940426,Entire home/apt,110.55,7,53,2026-04-15,1.42,1,0,$75-150,False,142.0,Rarely Available
1003630,Private room in Long Island City,500030,Host30,f,Queens,Long Island City,40.755485,-73.796931,Private room,92.07,1,5,2026-05-09,0.2,1,301,$75-150,False,118.0,Highly Available
1003631,Hotel room in Midtown,500031,Host31,f,Manhattan,Midtown,40.751936,-73.958236,Hotel room,326.44,1,5,2026-05-21,0.21,1,343,$250-400,False,106.0,Highly Available
1003632,Private room in DUMBO,500032,Host32,t,Brooklyn,DUMBO,40.697557,-73.962475,Private room,66.32,1,0,,0.0,3,65,$0-75,True,,Sometimes Available
1003633,Entire home/apt in Williamsburg,500033,Host33,f,Brooklyn,Williamsburg,40.682647,-73.941754,Entire home/apt,198.3,5,10,2026-06-02,1.29,1,43,$150-250,False,94.0,Sometimes Available
1003634,Entire home/apt in Harlem,500034,Host34,f,Manhattan,Harlem,40.771726,-73.900269,Entire home/apt,277.09,1,2,2025-09-19,0.06,1,241,$250-400,False,350.0,Highly Available
1003635,Private room in Park Slope,500035,Host35,f,Brooklyn,Park Slope,40.664082,-73.934684,Private room,331.15,1,20,2024-12-18,0.44,1,309,$250-400,False,625.0,Highly Available
1003636,Hotel room in Financial District,500036,Host36,f,Manhattan,Financial District,40.806393,-73.99356,Hotel room,251.93,5,33,2026-03-31,0.96,1,133,$250-400,False,157.0,Sometimes Available
1003637,Shared room in Upper West Side,500037,Host37,f,Manhattan,Upper West Side,40.793876,-74.008462,Shared room,105.68,7,1,2025-12-24,0.02,1,203,$75-150,False,254.0,Highly Available
1003638,Entire home/apt in Harlem,500038,Host38,f,Manhattan,Harlem,40.796713,-73.969347,Entire home/apt,82.24,1,56,2026-03-03,1.91,1,210,$75-150,False,185.0,Highly Available
1003639,Entire home/apt in Bedford-Stuyvesant,500039,Host39,t,Brooklyn,Bedford-Stuyvesant,40.680279,-73.962569,Entire home/apt,137.62,2,113,2026-06-18,6.34,1,7,$75-150,True,78.0,Rarely Available
1003640,Shared room in St. George,500040,Host40,f,Staten Island,St. George,40.554973,-74.150882,Shared room,20.0,1,13,2026-04-09,0.29,10,108,$0-75,False,148.0,Sometimes Available
1003641,Entire home/apt in Upper West Side,500041,Host41,f,Manhattan,Upper West Side,40.791531,-73.986968,Entire home/apt,330.42,2,7,2025-11-23,0.25,1,130,$250-400,False,285.0,Sometimes Available
1003642,Entire home/apt in St. George,500042,Host42,f,Staten Island,St. George,40.556793,-74.136818,Entire home/apt,45.22,1,9,2026-05-20,0.9,1,87,$0-75,False,107.0,Sometimes Available
1003643,Private room in Greenpoint,500043,Host43,f,Brooklyn,Greenpoint,40.683809,-73.923524,Private room,98.93,5,15,2026-05-28,0.4,1,292,$75-150,False,99.0,Highly Available
1003644,Entire home/apt in Bedford-Stuyvesant,500044,Host44,f,Brooklyn,Bedford-Stuyvesant,40.678525,-73.935395,Entire home/apt,182.26,1,6,2025-09-26,0.2,1,277,$150-250,False,343.0,Highly Available
1003645,Private room in Ridgewood,500045,Host45,f,Queens,Ridgewood,40.74495,-73.786154,Private room,130.57,7,16,2026-07-27,0.59,1,365,$75-150,False,39.0,Highly Available
1003646,Entire home/apt in Bushwick,500046,Host46,f,Brooklyn,Bushwick,40.657474,-73.91615,Entire home/apt,84.0,5,21,2026-04-13,0.76,1,281,$75-150,False,144.0,Highly Available
1003647,Entire home/apt in Williamsburg,500047,Host47,f,Brooklyn,Williamsburg,40.662304,-73.938155,Entire home/apt,195.69,7,29,2026-02-08,1.28,1,203,$150-250,False,208.0,Highly Available
1003648,Entire home/apt in East Village,500048,Host48,f,Manhattan,East Village,40.790971,-74.009864,Entire home/apt,198.41,3,11,2025-11-09,1.26,1,127,$150-250,False,299.0,Sometimes Available
1003649,Entire home/apt in Astoria,500049,Host49,f,Queens,Astoria,40.733431,-73.779109,Entire home/apt,168.64,7,9,2024-05-29,0.76,1,200,$150-250,False,828.0,Highly Available
1003650,Entire home/apt in Bushwick,500050,Host50,f,Brooklyn,Bushwick,40.632873,-73.915099,Entire home/apt,178.65,2,34,2026-06-19,0.77,1,0,$150-250,False,77.0,Rarely Available
1003651,Entire home/apt in Park Slope,500051,Host51,f,Brooklyn,Park Slope,40.653165,-73.937095,Entire home/apt,71.8,1,35,2026-04-10,0.81,1,25,$0-75,False,147.0,Rarely Available
1003652,Private room in Bedford-Stuyvesant,500052,Host52,f,Brooklyn,Bedford-Stuyvesant,40.657303,-73.962038,Private room,60.31,5,3,2026-03-16,0.12,1,91,$0-75,False,172.0,Sometimes Available
1003653,Private room in Bushwick,500053,Host53,f,Brooklyn,Bushwick,40.676056,-73.932444,Private room,95.8,5,8,2026-07-12,0.32,1,0,$75-150,False,54.0,Rarely Available
1003654,Private room in Williamsburg,500054,Host54,t,Brooklyn,Williamsburg,40.687737,-73.917579,Private room,125.48,1,21,2026-06-06,0.46,1,269,$75-150,True,90.0,Highly Available
1003655,Entire home/apt in Bushwick,500055,Host55,f,Brooklyn,Bushwick,40.663461,-73.944621,Entire home/apt,137.26,3,18,2026-01-24,0.5,3,105,$75-150,False,223.0,Sometimes Available
1003656,Entire home/apt in Hell's Kitchen,500056,Host56,f,Manhattan,Hell's Kitchen,40.764378,-73.936178,Entire home/apt,110.12,2,45,2026-05-28,2.63,1,216,$75-150,False,99.0,Highly Available
1003657,Entire home/apt in Harlem,500057,Host57,f,Manhattan,Harlem,40.780121,-73.925539,Entire home/apt,84.6,1,5,2026-06-12,0.14,1,146,$75-150,False,84.0,Sometimes Available
1003658,Entire home/apt in Jamaica,500058,Host58,f,Queens,Jamaica,40.70093,-73.782737,Entire home/apt,233.67,2,0,,0.0,2,50,$150-250,False,,Sometimes Available
1003659,Hotel room in Chelsea,500059,Host59,f,Manhattan,Chelsea,40.765968,-73.97594,Hotel room,553.4843000000001,2,39,2026-06-22,2.41,3,263,$400+,False,74.0,Highly Available
1003660,Private room in Harlem,500060,Host60,f,Manhattan,Harlem,40.807779,-73.964994,Private room,41.26,1,22,2026-04-26,1.46,2,90,$0-75,False,131.0,Sometimes Available
1003661,Entire home/apt in Greenpoint,500061,Host61,f,Brooklyn,Greenpoint,40.695026,-73.945859,Entire home/apt,20.0,7,18,2026-07-26,0.38,1,222,$0-75,False,40.0,Highly Available
1003662,Private room in Long Island City,500062,Host62,f,Queens,Long Island City,40.709724,-73.807136,Private room,79.85,7,62,2026-04-28,1.87,2,164,$75-150,False,129.0,Sometimes Available
1003663,Private room in St. George,500063,Host63,t,Staten Island,St. George,40.572135,-74.156971,Private room,110.77,5,3,2026-07-31,0.07,1,226,$75-150,True,35.0,Highly Available
1003664,Entire home/apt in Williamsburg,500064,Host64,f,Brooklyn,Williamsburg,40.71094,-73.98568,Entire home/apt,158.64,2,13,2026-05-05,0.55,5,62,$150-250,False,122.0,Sometimes Available
1003665,Hotel room in Bushwick,500065,Host65,t,Brooklyn,Bushwick,40.670966,-73.949788,Hotel room,408.92,2,63,2026-04-30,2.31,1,111,$400+,True,127.0,Sometimes Available
1003666,Entire home/apt in Park Slope,500066,Host66,f,Brooklyn,Park Slope,40.701602,-73.960832,Entire home/apt,294.64,3,3,2026-05-11,0.09,5,17,$250-400,False,116.0,Rarely Available
1003667,Hotel room in Williamsburg,500067,Host67,f,Brooklyn,Williamsburg,40.666049,-73.934263,Hotel room,278.02,5,56,2026-02-01,1.51,1,326,$250-400,False,215.0,Highly Available
1003668,Private room in Financial District,500068,Host68,t,Manhattan,Financial District,40.772298,-73.99697,Private room,202.37,1,39,2026-07-06,2.0,1,240,$150-250,True,60.0,Highly Available
1003669,Private room in Financial District,500069,Host69,f,Manhattan,Financial District,40.771675,-73.9965,Private room,154.79,1,31,2026-02-07,2.45,1,195,$150-250,False,209.0,Highly Available
1003670,Entire home/apt in Harlem,500070,Host70,f,Manhattan,Harlem,40.774771,-73.969673,Entire home/apt,192.77,1,14,2026-06-24,0.45,1,189,$150-250,False,72.0,Highly Available
1003671,Entire home/apt in Astoria,500071,Host71,f,Queens,Astoria,40.693577,-73.770576,Entire home/apt,126.24,7,17,2026-05-16,0.92,2,0,$75-150,False,111.0,Rarely Available
1003672,Entire home/apt in Riverdale,500072,Host72,t,Bronx,Riverdale,40.832588,-73.852142,Entire home/apt,60.27,1,3,2026-07-05,0.41,1,114,$0-75,True,61.0,Sometimes Available
1003673,Private room in Williamsburg,500073,Host73,f,Brooklyn,Williamsburg,40.661738,-73.923292,Private room,33.6,2,30,2026-05-24,0.68,1,365,$0-75,False,103.0,Highly Available
1003674,Entire home/apt in Midtown,500074,Host74,t,Manhattan,Midtown,40.819109,-73.981047,Entire home/apt,108.67,2,5,2026-01-27,0.11,1,178,$75-150,True,220.0,Sometimes Available
1003675,Entire home/apt in Ridgewood,500075,Host75,f,Queens,Ridgewood,40.723624,-73.770298,Entire home/apt,122.92,1,31,2026-03-30,0.68,1,258,$75-150,False,158.0,Highly Available
1003676,Entire home/apt in Park Slope,500076,Host76,f,Brooklyn,Park Slope,40.685918,-73.92344,Entire home/apt,228.76,1,109,2026-06-16,2.69,3,199,$150-250,False,80.0,Highly Available
1003677,Private room in Long Island City,500077,Host77,t,Queens,Long Island City,40.754483,-73.756094,Private room,52.86,3,94,2026-04-26,2.89,1,0,$0-75,True,131.0,Rarely Available
1003678,Entire home/apt in Williamsburg,500078,Host78,f,Brooklyn,Williamsburg,40.698176,-73.949325,Entire home/apt,253.83,1,15,2026-06-16,1.81,3,133,$250-400,False,80.0,Sometimes Available
1003679,Private room in Park Slope,500079,Host79,f,Brooklyn,Park Slope,40.655277,-73.971895,Private room,219.61,2,22,2026-05-22,0.52,1,121,$150-250,False,105.0,Sometimes Available
1003680,Entire home/apt in Bushwick,500080,Host80,f,Brooklyn,Bushwick,40.726065,-73.913191,Entire home/apt,200.13,14,5,2026-01-18,0.11,1,286,$150-250,False,229.0,Highly Available
1003681,Private room in Park Slope,500081,Host81,f,Brooklyn,Park Slope,40.709193,-73.946083,Private room,94.09,1,4,2026-07-06,0.12,1,365,$75-150,False,60.0,Highly Available
1003682,Private room in Jamaica,500082,Host82,f,Queens,Jamaica,40.737932,-73.808625,Private room,22.45,1,37,2026-01-30,0.8,2,86,$0-75,False,217.0,Sometimes Available
1003683,Entire home/apt in Mott Haven,500083,Host83,f,Bronx,Mott Haven,40.849044,-73.88044,Entire home/apt,50.16,2,20,2026-07-08,0.73,1,45,$0-75,False,58.0,Sometimes Available
1003684,Entire home/apt in Hell's Kitchen,500084,Host84,t,Manhattan,Hell's Kitchen,40.785706,-73.958273,Entire home/apt,356.96,1,71,2026-03-27,2.09,1,57,$250-400,True,161.0,Sometimes Available
1003685,Private room in Jamaica,500085,Host85,f,Queens,Jamaica,40.764765,-73.773786,Private room,20.0,1,4,2026-03-07,0.12,1,227,$0-75,False,181.0,Highly Available
1003686,Entire home/apt in Chelsea,500086,Host86,f,Manhattan,Chelsea,40.765521,-74.004485,Entire home/apt,269.27,1,14,2026-04-23,1.33,1,111,$250-400,False,134.0,Sometimes Available
1003687,Entire home/apt in Midtown,500087,Host87,f,Manhattan,Midtown,40.763301,-73.980961,Entire home/apt,469.46,7,17,2025-07-04,0.53,10,199,$400+,False,427.0,Highly Available
1003688,Entire home/apt in Greenpoint,500088,Host88,f,Brooklyn,Greenpoint,40.646203,-73.940216,Entire home/apt,92.11,7,3,2026-05-26,0.07,1,208,$75-150,False,101.0,Highly Available
1003689,Entire home/apt in Long Island City,500089,Host89,f,Queens,Long Island City,40.704147,-73.804215,Entire home/apt,229.42,1,11,2025-11-04,0.32,1,173,$150-250,False,304.0,Sometimes Available
1003690,Entire home/apt in Midtown,500090,Host90,f,Manhattan,Midtown,40.776997,-73.94163,Entire home/apt,127.45,7,35,2026-06-19,0.87,1,14,$75-150,False,77.0,Rarely Available
1003691,Private room in Financial District,500091,Host91,f,Manhattan,Financial District,40.774975,-73.938426,Private room,110.73,3,15,2026-04-29,0.36,1,58,$75-150,False,128.0,Sometimes Available
1003692,Private room in DUMBO,500092,Host92,f,Brooklyn,DUMBO,40.644333,-73.941491,Private room,54.36,1,4,2026-05-23,0.31,1,171,$0-75,False,104.0,Sometimes Available
1003693,Private room in Greenpoint,500093,Host93,f,Brooklyn,Greenpoint,40.657792,-73.935068,Private room,189.43,5,9,2026-01-13,0.49,1,214,$150-250,False,234.0,Highly Available
1003694,Entire home/apt in East Village,500094,Host94,f,Manhattan,East Village,40.768776,-73.987003,Entire home/apt,315.66,1,9,2026-05-12,0.37,1,148,$250-400,False,115.0,Sometimes Available
1003695,Private room in Crown Heights,500095,Host95,f,Brooklyn,Crown Heights,40.691095,-73.960242,Private room,143.07,1,1,2026-06-14,0.08,3,292,$75-150,False,82.0,Highly Available
1003696,Entire home/apt in Jamaica,500096,Host96,t,Queens,Jamaica,40.734183,-73.787255,Entire home/apt,140.57,1,2,2026-06-25,0.19,1,55,$75-150,True,71.0,Sometimes Available
1003697,Private room in Fordham,500097,Host97,f,Bronx,Fordham,40.812603,-73.915961,Private room,69.71,2,0,,0.0,1,0,$0-75,False,,Rarely Available
1003698,Entire home/apt in Long Island City,500098,Host98,f,Queens,Long Island City,40.75255,-73.777017,Entire home/apt,151.94,1,36,2026-06-24,0.77,3,249,$150-250,False,72.0,Highly Available
1003699,Entire home/apt in Greenpoint,500099,Host99,f,Brooklyn,Greenpoint,40.662472,-73.944215,Entire home/apt,209.66,7,3,2026-03-18,0.08,1,114,$150-250,False,170.0,Sometimes Available
1003700,Entire home/apt in Crown Heights,500100,Host100,f,Brooklyn,Crown Heights,40.68304,-73.963081,Entire home/apt,272.12,1,26,2026-04-05,4.12,1,220,$250-400,False,152.0,Highly Available
1003701,Private room in Upper West Side,500101,Host101,t,Manhattan,Upper West Side,40.78539,-73.966417,Private room,50.14,7,9,2026-05-28,0.25,1,182,$0-75,True,99.0,Highly Available
1003702,Entire home/apt in Greenpoint,500102,Host102,f,Brooklyn,Greenpoint,40.630227,-73.934368,Entire home/apt,60.52,7,10,2026-07-09,0.34,2,55,$0-75,False,57.0,Sometimes Available
1003703,Entire home/apt in Astoria,500103,Host103,t,Queens,Astoria,40.697902,-73.790918,Entire home/apt,47.79,30,49,2025-07-20,2.99,10,110,$0-75,True,411.0,Sometimes Available
1003704,Private room in Long Island City,500104,Host104,f,Queens,Long Island City,40.75465,-73.803678,Private room,66.13,30,19,2026-07-29,0.43,1,283,$0-75,False,37.0,Highly Available
1003705,Private room in Midtown,500105,Host105,t,Manhattan,Midtown,40.772888,-73.961376,Private room,145.47,30,3,2026-05-30,0.15,1,87,$75-150,True,97.0,Sometimes Available
1003706,Entire home/apt in Park Slope,500106,Host106,f,Brooklyn,Park Slope,40.67441,-73.912349,Entire home/apt,263.26,14,32,2026-07-03,1.57,1,188,$250-400,False,63.0,Highly Available
1003707,Private room in Riverdale,500107,Host107,f,Bronx,Riverdale,40.841644,-73.89633,Private room,67.91,2,12,2026-03-29,0.3,1,189,$0-75,False,159.0,Highly Available
1003708,Private room in Jamaica,500108,Host108,f,Queens,Jamaica,40.756966,-73.788377,Private room,112.76,3,75,2026-07-21,1.76,1,166,$75-150,False,45.0,Sometimes Available
1003709,Entire home/apt in Flushing,500109,Host109,f,Queens,Flushing,40.733954,-73.777657,Entire home/apt,161.13,30,48,2026-06-26,1.16,3,55,$150-250,False,70.0,Sometimes Available
1003710,Entire home/apt in Upper West Side,500110,Host110,t,Manhattan,Upper West Side,40.761138,-73.975942,Entire home/apt,417.52,5,42,2025-10-27,2.15,1,145,$400+,True,312.0,Sometimes Available
1003711,Private room in Riverdale,500111,Host111,f,Bronx,Riverdale,40.852674,-73.895438,Private room,58.93,1,58,2026-03-27,2.49,2,271,$0-75,False,161.0,Highly Available
1003712,Entire home/apt in East Village,500112,Host112,t,Manhattan,East Village,40.752209,-73.984129,Entire home/apt,308.92,1,1,2026-06-29,0.06,1,96,$250-400,True,67.0,Sometimes Available
1003713,Private room in Bedford-Stuyvesant,500113,Host113,f,Brooklyn,Bedford-Stuyvesant,40.712417,-73.911949,Private room,144.43,7,5,2026-07-31,0.14,2,194,$75-150,False,35.0,Highly Available
1003714,Entire home/apt in Jamaica,500114,Host114,f,Queens,Jamaica,40.674672,-73.797552,Entire home/apt,112.58,14,49,2026-05-13,2.09,1,279,$75-150,False,114.0,Highly Available
1003715,Private room in Riverdale,500115,Host115,t,Bronx,Riverdale,40.827928,-73.888867,Private room,50.53,2,16,2026-07-30,1.49,1,236,$0-75,True,36.0,Highly Available
1003716,Private room in St. George,500116,Host116,f,Staten Island,St. George,40.590234,-74.137316,Private room,169.45,3,46,2025-09-09,5.98,1,125,$150-250,False,360.0,Sometimes Available
1003717,Private room in Mott Haven,500117,Host117,f,Bronx,Mott Haven,40.804889,-73.878793,Private room,73.6,1,23,2025-03-05,0.62,5,0,$0-75,False,548.0,Rarely Available
1003718,Private room in Upper West Side,500118,Host118,f,Manhattan,Upper West Side,40.772558,-73.950804,Private room,222.04,30,6,2026-02-05,0.81,1,249,$150-250,False,211.0,Highly Available
1003719,Private room in DUMBO,500119,Host119,f,Brooklyn,DUMBO,40.690299,-73.951893,Private room,156.05,3,46,2025-12-28,1.88,1,213,$150-250,False,250.0,Highly Available
1003720,Private room in Midtown,500120,Host120,t,Manhattan,Midtown,40.766234,-73.94959,Private room,59.57,5,60,2026-07-27,1.35,1,57,$0-75,True,39.0,Sometimes Available
1003721,Entire home/apt in Harlem,500121,Host121,f,Manhattan,Harlem,40.795933,-73.966393,Entire home/apt,200.06,1,7,2026-02-15,0.35,1,240,$150-250,False,201.0,Highly Available
1003722,Entire home/apt in Upper West Side,500122,Host122,f,Manhattan,Upper West Side,40.756722,-73.975884,Entire home/apt,209.96,1,16,2026-07-21,1.14,1,0,$150-250,False,45.0,Rarely Available
1003723,Entire home/apt in Upper West Side,500123,Host123,f,Manhattan,Upper West Side,40.783571,-73.956662,Entire home/apt,209.38,7,3,2026-05-05,0.27,2,43,$150-250,False,122.0,Sometimes Available
1003724,Private room in Tottenville,500124,Host124,f,Staten Island,Tottenville,40.546071,-74.14402,Private room,40.82,1,7,2026-07-07,0.2,1,268,$0-75,False,59.0,Highly Available
1003725,Entire home/apt in Greenpoint,500125,Host125,f,Brooklyn,Greenpoint,40.703977,-73.929862,Entire home/apt,212.56,1,19,2026-04-04,0.76,5,61,$150-250,False,153.0,Sometimes Available
1003726,Private room in DUMBO,500126,Host126,f,Brooklyn,DUMBO,40.69912,-73.944582,Private room,52.77,1,49,2025-11-15,2.0,1,145,$0-75,False,293.0,Sometimes Available
1003727,Private room in DUMBO,500127,Host127,f,Brooklyn,DUMBO,40.685857,-73.90955,Private room,100.81,1,17,2026-07-29,0.41,1,164,$75-150,False,37.0,Sometimes Available
1003728,Entire home/apt in Hell's Kitchen,500128,Host128,f,Manhattan,Hell's Kitchen,40.759782,-73.979745,Entire home/apt,218.99,5,21,2025-09-22,0.48,2,126,$150-250,False,347.0,Sometimes Available
1003729,Entire home/apt in Bushwick,500129,Host129,t,Brooklyn,Bushwick,40.671725,-73.97292,Entire home/apt,105.23,3,18,2026-04-06,0.44,2,190,$75-150,True,151.0,Highly Available
1003730,Private room in Crown Heights,500130,Host130,t,Brooklyn,Crown Heights,40.684576,-73.920831,Private room,94.53,7,11,2025-12-18,0.44,1,70,$75-150,True,260.0,Sometimes Available
1003731,Entire home/apt in Jamaica,500131,Host131,f,Queens,Jamaica,40.737734,-73.768278,Entire home/apt,254.27,7,21,2026-05-06,0.58,1,128,$250-400,False,121.0,Sometimes Available
1003732,Entire home/apt in Park Slope,500132,Host132,f,Brooklyn,Park Slope,40.665214,-73.94645,Entire home/apt,135.39,2,101,2026-01-29,2.65,1,112,$75-150,False,218.0,Sometimes Available
1003733,Entire home/apt in DUMBO,500133,Host133,f,Brooklyn,DUMBO,40.703723,-73.917709,Entire home/apt,40.05,7,0,,0.0,1,329,$0-75,False,,Highly Available
1003734,Private room in Long Island City,500134,Host134,f,Queens,Long Island City,40.775082,-73.745085,Private room,53.09,7,32,2026-07-13,2.09,1,169,$0-75,False,53.0,Sometimes Available
1003735,Private room in Jamaica,500135,Host135,f,Queens,Jamaica,40.739134,-73.788474,Private room,40.75,1,0,,0.0,1,0,$0-75,False,,Rarely Available
1003736,Entire home/apt in Bushwick,500136,Host136,f,Brooklyn,Bushwick,40.668489,-73.952913,Entire home/apt,264.22,14,32,2025-12-13,0.82,1,203,$250-400,False,265.0,Highly Available
1003737,Private room in Williamsburg,500137,Host137,t,Brooklyn,Williamsburg,40.684564,-73.910287,Private room,106.0,1,20,2026-06-30,3.05,1,0,$75-150,True,66.0,Rarely Available
1003738,Entire home/apt in Bushwick,500138,Host138,f,Brooklyn,Bushwick,40.664761,-73.913577,Entire home/apt,163.77,7,23,2025-12-08,0.84,1,228,$150-250,False,270.0,Highly Available
1003739,Entire home/apt in Financial District,500139,Host139,f,Manhattan,Financial District,40.783019,-73.938153,Entire home/apt,490.47,2,73,2026-05-23,5.76,1,70,$400+,False,104.0,Sometimes Available
1003740,Entire home/apt in Long Island City,500140,Host140,f,Queens,Long Island City,40.739728,-73.807979,Entire home/apt,256.68,2,11,2026-06-28,0.26,1,155,$250-400,False,68.0,Sometimes Available
1003741,Private room in Williamsburg,500141,Host141,f,Brooklyn,Williamsburg,40.711577,-73.94497,Private room,80.54,14,5,2026-07-06,0.14,3,24,$75-150,False,60.0,Rarely Available
1003742,Entire home/apt in Financial District,500142,Host142,f,Manhattan,Financial District,40.807596,-73.954208,Entire home/apt,320.1,2,42,2026-07-27,3.07,5,113,$250-400,False,39.0,Sometimes Available
1003743,Private room in Bushwick,500143,Host143,f,Brooklyn,Bushwick,40.69153,-73.919448,Private room,90.84,1,27,2026-04-09,0.67,1,331,$75-150,False,148.0,Highly Available
1003744,Entire home/apt in Crown Heights,500144,Host144,f,Brooklyn,Crown Heights,40.696452,-73.901998,Entire home/apt,93.3,7,5,2026-07-02,0.26,1,114,$75-150,False,64.0,Sometimes Available
1003745,Entire home/apt in Financial District,500145,Host145,f,Manhattan,Financial District,40.822526,-73.975506,Entire home/apt,410.64,5,42,2026-04-29,0.98,1,224,$400+,False,128.0,Highly Available
1003746,Entire home/apt in Mott Haven,500146,Host146,f,Bronx,Mott Haven,40.824759,-73.905396,Entire home/apt,50.03,3,13,2026-07-13,0.31,2,219,$0-75,False,53.0,Highly Available
1003747,Entire home/apt in Williamsburg,500147,Host147,f,Brooklyn,Williamsburg,40.680483,-73.948846,Entire home/apt,65.04,7,14,2026-07-01,0.78,1,166,$0-75,False,65.0,Sometimes Available
1003748,Entire home/apt in DUMBO,500148,Host148,f,Brooklyn,DUMBO,40.707054,-73.981531,Entire home/apt,189.85,5,10,2026-01-28,0.34,1,53,$150-250,False,219.0,Sometimes Available
1003749,Private room in Mott Haven,500149,Host149,f,Bronx,Mott Haven,40.824418,-73.863796,Private room,36.44,3,0,,0.0,1,98,$0-75,False,,Sometimes Available
1003750,Private room in Ridgewood,500150,Host150,f,Queens,Ridgewood,40.753811,-73.825712,Private room,169.31,3,1,2026-01-17,0.03,1,200,$150-250,False,230.0,Highly Available
1003751,Private room in Riverdale,500151,Host151,f,Bronx,Riverdale,40.809348,-73.898953,Private room,42.93,1,15,2026-03-13,0.49,1,148,$0-75,False,175.0,Sometimes Available
1003752,Private room in Midtown,500152,Host152,t,Manhattan,Midtown,40.811284,-73.952914,Private room,29.38,1,45,2025-11-28,6.2,2,223,$0-75,True,280.0,Highly Available
1003753,Entire home/apt in Bedford-Stuyvesant,500153,Host153,f,Brooklyn,Bedford-Stuyvesant,40.677761,-73.881173,Entire home/apt,218.14,3,44,2026-06-30,3.8,1,229,$150-250,False,66.0,Highly Available
1003754,Entire home/apt in Astoria,500154,Host154,f,Queens,Astoria,40.703014,-73.782104,Entire home/apt,89.07,2,28,2026-07-22,3.78,1,28,$75-150,False,44.0,Rarely Available
1003755,Private room in Jamaica,500155,Host155,t,Queens,Jamaica,40.721616,-73.802223,Private room,132.88,3,6,2026-05-06,0.13,1,37,$75-150,True,121.0,Sometimes Available
1003756,Private room in Greenpoint,500156,Host156,f,Brooklyn,Greenpoint,40.67471,-73.937883,Private room,151.57,3,23,2026-05-04,3.14,1,270,$150-250,False,123.0,Highly Available
1003757,Entire home/apt in Chelsea,500157,Host157,f,Manhattan,Chelsea,40.765842,-73.980481,Entire home/apt,53.24,2,22,2025-02-21,0.63,2,81,$0-75,False,560.0,Sometimes Available
1003758,Entire home/apt in DUMBO,500158,Host158,f,Brooklyn,DUMBO,40.660442,-73.912703,Entire home/apt,163.15,7,71,2026-06-03,7.37,1,255,$150-250,False,93.0,Highly Available
1003759,Entire home/apt in Flushing,500159,Host159,f,Queens,Flushing,40.743937,-73.830836,Entire home/apt,160.62,14,4,2026-07-02,0.12,1,191,$150-250,False,64.0,Highly Available
1003760,Private room in Bedford-Stuyvesant,500160,Host160,f,Brooklyn,Bedford-Stuyvesant,40.673984,-73.924996,Private room,37.28,1,6,2026-07-31,0.83,1,199,$0-75,False,35.0,Highly Available
1003761,Entire home/apt in Financial District,500161,Host161,f,Manhattan,Financial District,40.793606,-73.944869,Entire home/apt,439.86,5,47,2026-06-25,1.0,2,20,$400+,False,71.0,Rarely Available
1003762,Private room in Bushwick,500162,Host162,f,Brooklyn,Bushwick,40.662582,-73.946659,Private room,35.95,3,23,2025-11-23,1.29,1,0,$0-75,False,285.0,Rarely Available
1003763,Private room in St. George,500163,Host163,f,Staten Island,St. George,40.582023,-74.128296,Private room,137.54,1,31,2026-02-22,0.78,2,238,$75-150,False,194.0,Highly Available
1003764,Entire home/apt in Tottenville,500164,Host164,t,Staten Island,Tottenville,40.56897,-74.120922,Entire home/apt,48.22,7,15,2026-07-14,0.33,1,128,$0-75,True,52.0,Sometimes Available
1003765,Entire home/apt in Harlem,500165,Host165,f,Manhattan,Harlem,40.791071,-73.971869,Entire home/apt,150.01,1,22,2026-07-08,1.28,5,173,$150-250,False,58.0,Sometimes Available
1003766,Private room in Tottenville,500166,Host166,f,Staten Island,Tottenville,40.577519,-74.116393,Private room,53.99,1,40,2026-06-09,2.87,1,214,$0-75,False,87.0,Highly Available
1003767,Private room in Jamaica,500167,Host167,f,Queens,Jamaica,40.748923,-73.773192,Private room,76.28,1,33,2026-02-20,1.94,1,160,$75-150,False,196.0,Sometimes Available
1003768,Entire home/apt in Williamsburg,500168,Host168,f,Brooklyn,Williamsburg,40.679002,-73.895762,Entire home/apt,304.89,7,39,2026-02-03,3.3,1,202,$250-400,False,213.0,Highly Available
1003769,Private room in Ridgewood,500169,Host169,f,Queens,Ridgewood,40.745177,-73.769577,Private room,93.61,1,44,2026-07-20,1.47,5,182,$75-150,False,46.0,Highly Available
1003770,Entire home/apt in Astoria,500170,Host170,f,Queens,Astoria,40.728927,-73.801029,Entire home/apt,180.32,2,50,2026-02-16,3.23,1,28,$150-250,False,200.0,Rarely Available
1003771,Private room in Bedford-Stuyvesant,500171,Host171,t,Brooklyn,Bedford-Stuyvesant,40.690731,-73.948223,Private room,37.0,2,1,2026-07-24,0.03,1,221,$0-75,True,42.0,Highly Available
1003772,Entire home/apt in Long Island City,500172,Host172,f,Queens,Long Island City,40.744275,-73.797841,Entire home/apt,116.05,1,0,,0.0,5,365,$75-150,False,,Highly Available
1003773,Private room in Long Island City,500173,Host173,f,Queens,Long Island City,40.760592,-73.778751,Private room,41.01,1,43,2025-01-23,1.19,1,35,$0-75,False,589.0,Sometimes Available
1003774,Private room in Bedford-Stuyvesant,500174,Host174,f,Brooklyn,Bedford-Stuyvesant,40.648881,-73.921439,Private room,87.84,1,0,,0.0,1,70,$75-150,False,,Sometimes Available
1003775,Private room in East Village,500175,Host175,f,Manhattan,East Village,40.760447,-73.996479,Private room,196.38,1,29,2026-07-06,1.59,1,220,$150-250,False,60.0,Highly Available
1003776,Private room in Hell's Kitchen,500176,Host176,f,Manhattan,Hell's Kitchen,40.763936,-73.987295,Private room,180.98,1,0,,0.0,1,296,$150-250,False,,Highly Available
1003777,Entire home/apt in Midtown,500177,Host177,f,Manhattan,Midtown,40.765288,-73.954049,Entire home/apt,287.36,2,59,2026-06-23,1.33,1,4,$250-400,False,73.0,Rarely Available
1003778,Entire home/apt in Midtown,500178,Host178,f,Manhattan,Midtown,40.757352,-73.953184,Entire home/apt,179.96,5,66,2026-02-01,2.4,10,174,$150-250,False,215.0,Sometimes Available
1003779,Private room in Financial District,500179,Host179,t,Manhattan,Financial District,40.755893,-73.965457,Private room,210.44,14,3,2026-01-28,0.31,1,127,$150-250,True,219.0,Sometimes Available
1003780,Private room in Crown Heights,500180,Host180,f,Brooklyn,Crown Heights,40.692585,-73.948708,Private room,42.38,1,19,2026-05-06,0.72,1,97,$0-75,False,121.0,Sometimes Available
1003781,Private room in Harlem,500181,Host181,t,Manhattan,Harlem,40.778541,-73.979696,Private room,108.21,1,5,2026-01-21,0.38,1,365,$75-150,True,226.0,Highly Available
1003782,Entire home/apt in Bushwick,500182,Host182,t,Brooklyn,Bushwick,40.679043,-73.948412,Entire home/apt,252.05,1,0,,0.0,1,194,$250-400,True,,Highly Available
1003783,Entire home/apt in Bushwick,500183,Host183,t,Brooklyn,Bushwick,40.663665,-73.938448,Entire home/apt,474.32,7,122,2026-04-23,3.32,1,100,$400+,True,134.0,Sometimes Available
1003784,Private room in Flushing,500184,Host184,f,Queens,Flushing,40.686865,-73.764984,Private room,95.66,2,13,2026-05-12,0.8,1,208,$75-150,False,115.0,Highly Available
1003785,Entire home/apt in Chelsea,500185,Host185,f,Manhattan,Chelsea,40.786969,-73.984066,Entire home/apt,360.98,2,2,2026-04-12,0.05,1,253,$250-400,False,145.0,Highly Available
1003786,Entire home/apt in Bedford-Stuyvesant,500186,Host186,f,Brooklyn,Bedford-Stuyvesant,40.634513,-73.904961,Entire home/apt,258.34,2,8,2026-02-11,0.2,1,286,$250-400,False,205.0,Highly Available
1003787,Private room in Jamaica,500187,Host187,t,Queens,Jamaica,40.751972,-73.787015,Private room,21.57,7,47,2026-04-22,2.88,1,220,$0-75,True,135.0,Highly Available
1003788,Entire home/apt in Riverdale,500188,Host188,f,Bronx,Riverdale,40.839575,-73.899542,Entire home/apt,82.47,3,49,2025-10-12,3.92,1,159,$75-150,False,327.0,Sometimes Available
1003789,Entire home/apt in Chelsea,500189,Host189,t,Manhattan,Chelsea,40.740115,-73.99815,Entire home/apt,129.54,1,19,2026-01-26,0.68,1,0,$75-150,True,221.0,Rarely Available
1003790,Entire home/apt in East Village,500190,Host190,t,Manhattan,East Village,40.783002,-74.006427,Entire home/apt,182.51,1,18,2025-08-28,0.46,3,185,$150-250,True,372.0,Highly Available
1003791,Entire home/apt in East Village,500191,Host191,f,Manhattan,East Village,40.777669,-73.955349,Entire home/apt,174.45,7,25,2026-05-07,0.68,1,144,$150-250,False,120.0,Sometimes Available
1003792,Entire home/apt in Chelsea,500192,Host192,f,Manhattan,Chelsea,40.773579,-73.934663,Entire home/apt,258.7,1,15,2024-10-22,1.23,1,166,$250-400,False,682.0,Sometimes Available
1003793,Entire home/apt in Flushing,500193,Host193,f,Queens,Flushing,40.744471,-73.793114,Entire home/apt,275.0,1,57,2026-07-31,3.9,1,278,$250-400,False,35.0,Highly Available
1003794,Entire home/apt in Midtown,500194,Host194,f,Manhattan,Midtown,40.774856,-73.953083,Entire home/apt,384.46,3,7,2026-03-01,0.36,3,311,$250-400,False,187.0,Highly Available
1003795,Entire home/apt in Bushwick,500195,Host195,f,Brooklyn,Bushwick,40.677061,-73.922971,Entire home/apt,108.71,3,6,2026-05-07,0.28,1,112,$75-150,False,120.0,Sometimes Available
1003796,Private room in Fordham,500196,Host196,f,Bronx,Fordham,40.857326,-73.886595,Private room,69.16,1,26,2026-07-09,1.09,1,300,$0-75,False,57.0,Highly Available
1003797,Entire home/apt in Hell's Kitchen,500197,Host197,f,Manhattan,Hell's Kitchen,40.775941,-73.984359,Entire home/apt,234.83,3,18,2026-06-02,0.49,1,168,$150-250,False,94.0,Sometimes Available
1003798,Private room in Williamsburg,500198,Host198,f,Brooklyn,Williamsburg,40.69001,-73.971568,Private room,128.69,2,34,2026-07-27,1.03,1,191,$75-150,False,39.0,Highly Available
1003799,Private room in Astoria,500199,Host199,f,Queens,Astoria,40.71426,-73.834912,Private room,23.5,1,9,2026-07-05,0.5,2,0,$0-75,False,61.0,Rarely Available
1003800,Entire home/apt in Financial District,500200,Host200,f,Manhattan,Financial District,40.80141,-73.986712,Entire home/apt,264.56,2,5,2025-04-11,0.16,1,136,$250-400,False,511.0,Sometimes Available
1003801,Entire home/apt in Hell's Kitchen,500201,Host201,t,Manhattan,Hell's Kitchen,40.803958,-73.976999,Entire home/apt,331.32,7,2,2026-07-27,0.24,1,0,$250-400,True,39.0,Rarely Available
1003802,Private room in Harlem,500202,Host202,f,Manhattan,Harlem,40.746639,-73.968751,Private room,227.77,1,11,2026-05-31,0.23,1,167,$150-250,False,96.0,Sometimes Available
1003803,Entire home/apt in Harlem,500203,Host203,t,Manhattan,Harlem,40.793866,-73.980428,Entire home/apt,281.01,7,7,2025-11-17,0.17,1,45,$250-400,True,291.0,Sometimes Available
1003804,Entire home/apt in Chelsea,500204,Host204,f,Manhattan,Chelsea,40.81592,-73.981111,Entire home/apt,463.46,1,9,2026-07-30,0.31,1,67,$400+,False,36.0,Sometimes Available
1003805,Private room in Williamsburg,500205,Host205,f,Brooklyn,Williamsburg,40.674509,-73.945415,Private room,107.34,1,7,2026-04-19,0.3,1,117,$75-150,False,138.0,Sometimes Available
1003806,Entire home/apt in Greenpoint,500206,Host206,f,Brooklyn,Greenpoint,40.65143,-73.942171,Entire home/apt,230.9,1,44,2026-07-08,4.37,3,365,$150-250,False,58.0,Highly Available
1003807,Private room in DUMBO,500207,Host207,f,Brooklyn,DUMBO,40.685611,-73.911022,Private room,112.6,1,31,2025-10-25,1.55,1,317,$75-150,False,314.0,Highly Available
1003808,Private room in Flushing,500208,Host208,t,Queens,Flushing,40.757124,-73.778533,Private room,70.77,3,53,2026-02-27,2.6,1,157,$0-75,True,189.0,Sometimes Available
1003809,Entire home/apt in Chelsea,500209,Host209,f,Manhattan,Chelsea,40.765757,-74.004208,Entire home/apt,190.15,1,80,2026-07-03,1.9,1,196,$150-250,False,63.0,Highly Available
1003810,Entire home/apt in Chelsea,500210,Host210,t,Manhattan,Chelsea,40.784527,-73.915068,Entire home/apt,177.96,3,3,2026-07-12,0.18,1,244,$150-250,True,54.0,Highly Available
1003811,Private room in Midtown,500211,Host211,f,Manhattan,Midtown,40.796661,-73.973098,Private room,127.65,1,53,2026-03-15,1.93,3,13,$75-150,False,173.0,Rarely Available
1003812,Entire home/apt in Bushwick,500212,Host212,f,Brooklyn,Bushwick,40.668928,-73.962747,Entire home/apt,90.62,5,14,2026-04-21,0.43,1,165,$75-150,False,136.0,Sometimes Available
1003813,Shared room in Hell's Kitchen,500213,Host213,f,Manhattan,Hell's Kitchen,40.768519,-73.965803,Shared room,33.75,2,24,2025-09-28,0.91,1,47,$0-75,False,341.0,Sometimes Available
1003814,Private room in Tottenville,500214,Host214,f,Staten Island,Tottenville,40.556386,-74.153251,Private room,89.78,3,16,2026-04-05,0.41,2,157,$75-150,False,152.0,Sometimes Available
1003815,Private room in DUMBO,500215,Host215,t,Brooklyn,DUMBO,40.678636,-73.947902,Private room,180.54,7,24,2026-06-29,0.75,1,0,$150-250,True,67.0,Rarely Available
1003816,Entire home/apt in Hell's Kitchen,500216,Host216,t,Manhattan,Hell's Kitchen,40.781906,-73.982391,Entire home/apt,248.95,14,26,2026-07-19,1.29,5,168,$150-250,True,47.0,Sometimes Available
1003817,Private room in Jamaica,500217,Host217,f,Queens,Jamaica,40.730003,-73.795479,Private room,50.21,3,100,2025-11-26,2.56,1,275,$0-75,False,282.0,Highly Available
1003818,Private room in Bushwick,500218,Host218,f,Brooklyn,Bushwick,40.687096,-73.951769,Private room,78.48,1,4,2026-05-22,0.09,1,194,$75-150,False,105.0,Highly Available
1003819,Private room in DUMBO,500219,Host219,f,Brooklyn,DUMBO,40.661318,-73.922021,Private room,40.29,1,4,2026-04-16,0.11,1,0,$0-75,False,141.0,Rarely Available
1003820,Entire home/apt in Financial District,500220,Host220,f,Manhattan,Financial District,40.764531,-73.967401,Entire home/apt,111.92,3,1,2026-06-14,0.05,1,264,$75-150,False,82.0,Highly Available
1003821,Entire home/apt in Bushwick,500221,Host221,t,Brooklyn,Bushwick,40.649154,-73.961691,Entire home/apt,409.76,1,16,2026-06-05,1.06,1,237,$400+,True,91.0,Highly Available
1003822,Entire home/apt in East Village,500222,Host222,t,Manhattan,East Village,40.770186,-73.982339,Entire home/apt,532.85,2,23,2026-04-10,0.51,3,240,$400+,True,147.0,Highly Available
1003823,Entire home/apt in Greenpoint,500223,Host223,t,Brooklyn,Greenpoint,40.663958,-73.962312,Entire home/apt,112.09,7,3,2025-10-07,0.08,1,74,$75-150,True,332.0,Sometimes Available
1003824,Entire home/apt in Park Slope,500224,Host224,f,Brooklyn,Park Slope,40.708334,-73.935795,Entire home/apt,247.05,2,47,2026-07-07,2.65,3,98,$150-250,False,59.0,Sometimes Available
1003825,Private room in Astoria,500225,Host225,f,Queens,Astoria,40.7593,-73.824242,Private room,39.66,1,4,2026-04-08,0.11,1,136,$0-75,False,149.0,Sometimes Available
1003826,Shared room in Chelsea,500226,Host226,t,Manhattan,Chelsea,40.768771,-73.989056,Shared room,106.95,5,10,2026-07-06,0.28,1,58,$75-150,True,60.0,Sometimes Available
1003827,Entire home/apt in Chelsea,500227,Host227,f,Manhattan,Chelsea,40.786789,-73.999045,Entire home/apt,184.71,1,14,2026-03-22,0.67,1,51,$150-250,False,166.0,Sometimes Available
1003828,Entire home/apt in Crown Heights,500228,Host228,f,Brooklyn,Crown Heights,40.70708,-73.944361,Entire home/apt,107.73,7,86,2025-02-24,2.04,5,161,$75-150,False,557.0,Sometimes Available
1003829,Private room in Tottenville,500229,Host229,f,Staten Island,Tottenville,40.571973,-74.149009,Private room,82.65,1,123,2026-06-24,9.85,1,365,$75-150,False,72.0,Highly Available
1003830,Entire home/apt in Riverdale,500230,Host230,f,Bronx,Riverdale,40.849376,-73.855297,Entire home/apt,122.94,1,36,2025-12-28,1.7,10,207,$75-150,False,250.0,Highly Available
1003831,Entire home/apt in Flushing,500231,Host231,f,Queens,Flushing,40.732768,-73.81805,Entire home/apt,201.61,7,74,2025-12-30,8.36,1,153,$150-250,False,248.0,Sometimes Available
1003832,Private room in East Village,500232,Host232,f,Manhattan,East Village,40.765389,-74.002304,Private room,89.13,2,5,2026-01-04,0.17,1,181,$75-150,False,243.0,Highly Available
1003833,Entire home/apt in Bedford-Stuyvesant,500233,Host233,f,Brooklyn,Bedford-Stuyvesant,40.677141,-73.939551,Entire home/apt,211.51,3,38,2026-06-01,1.39,1,163,$150-250,False,95.0,Sometimes Available
1003834,Entire home/apt in Ridgewood,500234,Host234,f,Queens,Ridgewood,40.702614,-73.772837,Entire home/apt,104.33,5,35,2026-05-20,2.53,1,317,$75-150,False,107.0,Highly Available
1003835,Entire home/apt in East Village,500235,Host235,f,Manhattan,East Village,40.80327,-73.952384,Entire home/apt,382.86,3,29,2026-06-11,1.02,2,118,$250-400,False,85.0,Sometimes Available
1003836,Private room in Flushing,500236,Host236,f,Queens,Flushing,40.730721,-73.816939,Private room,37.22,1,13,2026-07-29,0.74,2,89,$0-75,False,37.0,Sometimes Available
1003837,Entire home/apt in DUMBO,500237,Host237,f,Brooklyn,DUMBO,40.659971,-73.933794,Entire home/apt,31.97,2,16,2026-06-10,0.44,1,319,$0-75,False,86.0,Highly Available
1003838,Shared room in Astoria,500238,Host238,f,Queens,Astoria,40.702927,-73.773739,Shared room,24.54,3,53,2026-07-07,2.57,1,84,$0-75,False,59.0,Sometimes Available
1003839,Private room in Greenpoint,500239,Host239,f,Brooklyn,Greenpoint,40.632716,-73.973819,Private room,75.37,2,27,2026-01-01,0.91,1,306,$75-150,False,246.0,Highly Available
1003840,Entire home/apt in Bushwick,500240,Host240,f,Brooklyn,Bushwick,40.650826,-73.941029,Entire home/apt,87.86,1,9,2026-05-22,0.19,2,161,$75-150,False,105.0,Sometimes Available
1003841,Entire home/apt in Bedford-Stuyvesant,500241,Host241,f,Brooklyn,Bedford-Stuyvesant,40.658771,-73.93523,Entire home/apt,221.84,1,6,2026-07-22,0.14,1,313,$150-250,False,44.0,Highly Available
1003842,Private room in Bushwick,500242,Host242,t,Brooklyn,Bushwick,40.678431,-73.942309,Private room,102.87,5,4,2026-07-11,0.1,1,199,$75-150,True,55.0,Highly Available
1003843,Private room in Upper West Side,500243,Host243,f,Manhattan,Upper West Side,40.792335,-73.946583,Private room,173.76,3,13,2025-09-14,0.75,1,120,$150-250,False,355.0,Sometimes Available
1003844,Private room in Fordham,500244,Host244,f,Bronx,Fordham,40.825203,-73.876054,Private room,32.44,3,40,2026-03-16,0.96,1,186,$0-75,False,172.0,Highly Available
1003845,Entire home/apt in Long Island City,500245,Host245,f,Queens,Long Island City,40.713736,-73.764887,Entire home/apt,236.54,1,27,2025-12-18,0.79,2,185,$150-250,False,260.0,Highly Available
1003846,Private room in Chelsea,500246,Host246,f,Manhattan,Chelsea,40.779478,-73.97774,Private room,98.62,1,16,2026-04-30,0.6,1,147,$75-150,False,127.0,Sometimes Available
1003847,Entire home/apt in Flushing,500247,Host247,t,Queens,Flushing,40.732934,-73.786605,Entire home/apt,210.04,14,1,2026-03-08,0.03,1,82,$150-250,True,180.0,Sometimes Available
1003848,Entire home/apt in Harlem,500248,Host248,t,Manhattan,Harlem,40.782153,-73.986674,Entire home/apt,291.85,7,27,2026-05-19,1.44,1,241,$250-400,True,108.0,Highly Available
1003849,Private room in Upper West Side,500249,Host249,f,Manhattan,Upper West Side,40.755605,-73.98742,Private room,320.08,2,41,2026-03-03,5.04,1,52,$250-400,False,185.0,Sometimes Available
1003850,Private room in Midtown,500250,Host250,f,Manhattan,Midtown,40.765944,-73.981147,Private room,212.86,5,62,2026-07-27,6.48,1,43,$150-250,False,39.0,Sometimes Available
1003851,Entire home/apt in Bushwick,500251,Host251,f,Brooklyn,Bushwick,40.682323,-73.94723,Entire home/apt,396.47,2,10,2026-02-09,0.59,1,167,$250-400,False,207.0,Sometimes Available
1003852,Private room in Jamaica,500252,Host252,f,Queens,Jamaica,40.69186,-73.814429,Private room,58.92,7,67,2026-02-26,2.43,1,170,$0-75,False,190.0,Sometimes Available
1003853,Private room in Midtown,500253,Host253,f,Manhattan,Midtown,40.768778,-73.960195,Private room,96.54,1,7,2026-05-06,0.17,1,160,$75-150,False,121.0,Sometimes Available
1003854,Entire home/apt in Long Island City,500254,Host254,t,Queens,Long Island City,40.711882,-73.776033,Entire home/apt,186.78,1,5,2025-11-17,0.23,1,148,$150-250,True,291.0,Sometimes Available
1003855,Entire home/apt in Harlem,500255,Host255,f,Manhattan,Harlem,40.813876,-73.986928,Entire home/apt,277.55,5,13,2026-02-17,0.27,2,153,$250-400,False,199.0,Sometimes Available
1003856,Private room in Tottenville,500256,Host256,f,Staten Island,Tottenville,40.572905,-74.169359,Private room,73.13,2,163,2026-04-28,20.77,1,162,$0-75,False,129.0,Sometimes Available
1003857,Shared room in Hell's Kitchen,500257,Host257,f,Manhattan,Hell's Kitchen,40.789866,-74.000639,Shared room,149.85,3,58,2026-05-04,1.32,1,177,$75-150,False,123.0,Sometimes Available
1003858,Entire home/apt in Financial District,500258,Host258,f,Manhattan,Financial District,40.783754,-74.006394,Entire home/apt,79.99,14,10,2025-10-27,0.24,1,118,$75-150,False,312.0,Sometimes Available
1003859,Private room in Harlem,500259,Host259,f,Manhattan,Harlem,40.783915,-74.005427,Private room,264.64,1,13,2026-03-04,1.49,1,225,$250-400,False,184.0,Highly Available
1003860,Private room in Financial District,500260,Host260,f,Manhattan,Financial District,40.764045,-73.954436,Private room,53.0,30,0,,0.0,1,221,$0-75,False,,Highly Available
1003861,Private room in Fordham,500261,Host261,f,Bronx,Fordham,40.862913,-73.858645,Private room,95.95,2,12,2025-11-14,0.3,1,123,$75-150,False,294.0,Sometimes Available
1003862,Entire home/apt in Harlem,500262,Host262,f,Manhattan,Harlem,40.745329,-73.936863,Entire home/apt,340.04,2,5,2026-01-31,0.12,5,206,$250-400,False,216.0,Highly Available
1003863,Shared room in Long Island City,500263,Host263,f,Queens,Long Island City,40.712314,-73.793852,Shared room,26.12,1,25,2026-03-16,0.61,1,0,$0-75,False,172.0,Rarely Available
1003864,Private room in Astoria,500264,Host264,f,Queens,Astoria,40.728483,-73.802615,Private room,106.01,1,51,2026-05-12,4.15,1,154,$75-150,False,115.0,Sometimes Available
1003865,Entire home/apt in Midtown,500265,Host265,t,Manhattan,Midtown,40.743072,-73.978525,Entire home/apt,311.55,14,36,2026-06-19,1.59,1,246,$250-400,True,77.0,Highly Available
1003866,Entire home/apt in Fordham,500266,Host266,t,Bronx,Fordham,40.847401,-73.869206,Entire home/apt,80.55,2,3,2026-05-11,0.27,1,94,$75-150,True,116.0,Sometimes Available
1003867,Entire home/apt in Astoria,500267,Host267,f,Queens,Astoria,40.712203,-73.796004,Entire home/apt,69.45,3,21,2025-11-13,0.5,1,123,$0-75,False,295.0,Sometimes Available
1003868,Entire home/apt in Mott Haven,500268,Host268,t,Bronx,Mott Haven,40.852926,-73.895189,Entire home/apt,79.74,7,11,2025-12-04,0.27,1,47,$75-150,True,274.0,Sometimes Available
1003869,Private room in Chelsea,500269,Host269,f,Manhattan,Chelsea,40.810626,-73.949215,Private room,103.36,7,32,2026-05-15,1.66,1,39,$75-150,False,112.0,Sometimes Available
1003870,Shared room in Greenpoint,500270,Host270,t,Brooklyn,Greenpoint,40.677333,-73.967654,Shared room,54.55,2,57,2026-07-24,1.48,1,347,$0-75,True,42.0,Highly Available
1003871,Private room in Upper West Side,500271,Host271,f,Manhattan,Upper West Side,40.748852,-73.941709,Private room,316.97,2,18,2026-02-28,2.36,2,296,$250-400,False,188.0,Highly Available
1003872,Private room in Williamsburg,500272,Host272,f,Brooklyn,Williamsburg,40.699668,-73.912233,Private room,58.57,1,8,2026-07-08,0.18,1,9,$0-75,False,58.0,Rarely Available
1003873,Entire home/apt in Williamsburg,500273,Host273,f,Brooklyn,Williamsburg,40.685028,-73.945697,Entire home/apt,185.06,5,1,2026-07-20,0.07,1,207,$150-250,False,46.0,Highly Available
1003874,Entire home/apt in DUMBO,500274,Host274,f,Brooklyn,DUMBO,40.713476,-73.944698,Entire home/apt,185.73,1,56,2026-04-22,1.96,5,107,$150-250,False,135.0,Sometimes Available
1003875,Hotel room in Tottenville,500275,Host275,t,Staten Island,Tottenville,40.51877,-74.164008,Hotel room,90.59,3,0,,0.0,1,165,$75-150,True,,Sometimes Available
1003876,Entire home/apt in Midtown,500276,Host276,f,Manhattan,Midtown,40.756122,-73.976136,Entire home/apt,235.36,1,2,2026-01-20,0.11,1,286,$150-250,False,227.0,Highly Available
1003877,Entire home/apt in Bushwick,500277,Host277,f,Brooklyn,Bushwick,40.650414,-73.927447,Entire home/apt,553.48,3,0,,0.0,3,117,$400+,False,,Sometimes Available
1003878,Private room in Bushwick,500278,Host278,t,Brooklyn,Bushwick,40.693522,-73.939493,Private room,144.57,30,8,2026-07-04,0.3,1,142,$75-150,True,62.0,Sometimes Available
1003879,Entire home/apt in Hell's Kitchen,500279,Host279,f,Manhattan,Hell's Kitchen,40.774912,-73.948471,Entire home/apt,131.42,30,8,2026-07-26,0.23,2,135,$75-150,False,40.0,Sometimes Available
1003880,Shared room in Williamsburg,500280,Host280,f,Brooklyn,Williamsburg,40.645007,-73.937986,Shared room,72.89,3,58,2026-07-27,1.54,1,272,$0-75,False,39.0,Highly Available
1003881,Shared room in Chelsea,500281,Host281,f,Manhattan,Chelsea,40.784875,-73.981711,Shared room,142.34,1,3,2025-10-29,0.06,1,0,$75-150,False,310.0,Rarely Available
1003882,Entire home/apt in Flushing,500282,Host282,f,Queens,Flushing,40.765304,-73.794583,Entire home/apt,118.88,2,4,2026-03-28,0.09,1,68,$75-150,False,160.0,Sometimes Available
1003883,Private room in Flushing,500283,Host283,f,Queens,Flushing,40.731848,-73.801849,Private room,90.66,2,9,2026-05-03,0.22,5,230,$75-150,False,124.0,Highly Available
1003884,Entire home/apt in Crown Heights,500284,Host284,f,Brooklyn,Crown Heights,40.699435,-73.940695,Entire home/apt,135.18,14,0,,0.0,1,365,$75-150,False,,Highly Available
1003885,Private room in Crown Heights,500285,Host285,f,Brooklyn,Crown Heights,40.688791,-73.917502,Private room,179.03,5,0,,0.0,1,352,$150-250,False,,Highly Available
1003886,Private room in East Village,500286,Host286,f,Manhattan,East Village,40.768198,-73.951786,Private room,169.78,3,29,2026-03-13,1.24,2,32,$150-250,False,175.0,Sometimes Available
1003887,Private room in Hell's Kitchen,500287,Host287,t,Manhattan,Hell's Kitchen,40.784466,-73.991919,Private room,98.5,14,143,2026-06-25,4.92,1,365,$75-150,True,71.0,Highly Available
1003888,Entire home/apt in Astoria,500288,Host288,t,Queens,Astoria,40.738424,-73.805388,Entire home/apt,141.89,2,19,2026-07-16,0.41,1,199,$75-150,True,50.0,Highly Available
1003889,Entire home/apt in Upper West Side,500289,Host289,f,Manhattan,Upper West Side,40.763335,-73.923808,Entire home/apt,532.92,5,23,2025-12-15,0.48,1,0,$400+,False,263.0,Rarely Available
1003890,Entire home/apt in Bedford-Stuyvesant,500290,Host290,f,Brooklyn,Bedford-Stuyvesant,40.705795,-73.957535,Entire home/apt,252.78,1,9,2026-07-17,0.93,1,190,$250-400,False,49.0,Highly Available
1003891,Shared room in Greenpoint,500291,Host291,f,Brooklyn,Greenpoint,40.684152,-73.926705,Shared room,49.89,1,38,2026-06-16,2.89,1,295,$0-75,False,80.0,Highly Available
1003892,Entire home/apt in Long Island City,500292,Host292,f,Queens,Long Island City,40.723565,-73.794845,Entire home/apt,99.78,1,5,2026-06-17,0.18,1,48,$75-150,False,79.0,Sometimes Available
1003893,Entire home/apt in East Village,500293,Host293,t,Manhattan,East Village,40.77881,-73.964302,Entire home/apt,223.69,1,115,2026-05-06,2.59,1,323,$150-250,True,121.0,Highly Available
1003894,Private room in Hell's Kitchen,500294,Host294,f,Manhattan,Hell's Kitchen,40.806105,-73.954194,Private room,67.2,5,125,2026-06-19,3.12,1,23,$0-75,False,77.0,Rarely Available
1003895,Private room in Midtown,500295,Host295,f,Manhattan,Midtown,40.766154,-73.961153,Private room,319.62,7,26,2026-06-23,2.45,1,66,$250-400,False,73.0,Sometimes Available
1003896,Entire home/apt in Mott Haven,500296,Host296,f,Bronx,Mott Haven,40.836373,-73.909743,Entire home/apt,99.45,2,58,2026-01-01,9.34,3,262,$75-150,False,246.0,Highly Available
1003897,Private room in Hell's Kitchen,500297,Host297,t,Manhattan,Hell's Kitchen,40.7646,-73.976945,Private room,80.76,1,8,2026-02-03,0.19,1,0,$75-150,True,213.0,Rarely Available
1003898,Private room in Greenpoint,500298,Host298,t,Brooklyn,Greenpoint,40.653772,-73.954709,Private room,103.05,1,2,2026-02-24,0.05,1,76,$75-150,True,192.0,Sometimes Available
1003899,Shared room in Midtown,500299,Host299,f,Manhattan,Midtown,40.782199,-73.985846,Shared room,73.58,1,27,2026-05-10,2.64,2,348,$0-75,False,117.0,Highly Available
1003900,Entire home/apt in Ridgewood,500300,Host300,f,Queens,Ridgewood,40.722458,-73.794053,Entire home/apt,164.15,1,36,2026-06-15,4.32,3,43,$150-250,False,81.0,Sometimes Available
1003901,Private room in Flushing,500301,Host301,f,Queens,Flushing,40.740134,-73.797295,Private room,67.31,2,0,,0.0,2,296,$0-75,False,,Highly Available
1003902,Entire home/apt in Park Slope,500302,Host302,f,Brooklyn,Park Slope,40.674958,-73.970944,Entire home/apt,279.0,1,1,2026-02-03,0.07,1,293,$250-400,False,213.0,Highly Available
1003903,Shared room in Bushwick,500303,Host303,f,Brooklyn,Bushwick,40.68409,-73.948758,Shared room,53.86,3,17,2026-02-10,0.42,2,115,$0-75,False,206.0,Sometimes Available
1003904,Entire home/apt in Park Slope,500304,Host304,f,Brooklyn,Park Slope,40.660955,-73.944268,Entire home/apt,241.27,1,5,2026-03-01,0.14,1,180,$150-250,False,187.0,Sometimes Available
1003905,Entire home/apt in Long Island City,500305,Host305,f,Queens,Long Island City,40.766782,-73.771891,Entire home/apt,193.67,3,43,2026-02-26,1.14,1,110,$150-250,False,190.0,Sometimes Available
1003906,Entire home/apt in Park Slope,500306,Host306,t,Brooklyn,Park Slope,40.654419,-73.94458,Entire home/apt,183.39,1,37,2026-07-18,3.68,10,365,$150-250,True,48.0,Highly Available
1003907,Entire home/apt in Ridgewood,500307,Host307,f,Queens,Ridgewood,40.763936,-73.802084,Entire home/apt,141.62,1,36,2025-10-10,0.87,1,91,$75-150,False,329.0,Sometimes Available
1003908,Private room in Crown Heights,500308,Host308,f,Brooklyn,Crown Heights,40.707778,-73.930552,Private room,144.36,1,23,2026-04-27,0.58,1,175,$75-150,False,130.0,Sometimes Available
1003909,Entire home/apt in Midtown,500309,Host309,f,Manhattan,Midtown,40.78563,-73.998603,Entire home/apt,553.4843000000001,7,10,2026-03-16,0.55,10,124,$400+,False,172.0,Sometimes Available
1003910,Entire home/apt in Flushing,500310,Host310,f,Queens,Flushing,40.74207,-73.811693,Entire home/apt,167.82,2,37,2026-04-02,0.91,1,49,$150-250,False,155.0,Sometimes Available
1003911,Private room in Flushing,500311,Host311,f,Queens,Flushing,40.729996,-73.792133,Private room,102.36,7,12,2025-04-03,0.34,1,80,$75-150,False,519.0,Sometimes Available
1003912,Private room in Riverdale,500312,Host312,t,Bronx,Riverdale,40.807929,-73.883781,Private room,20.0,7,15,2025-12-14,0.74,1,143,$0-75,True,264.0,Sometimes Available
1003913,Entire home/apt in Tottenville,500313,Host313,f,Staten Island,Tottenville,40.578902,-74.206608,Entire home/apt,125.49,5,35,2025-10-12,2.6,1,97,$75-150,False,327.0,Sometimes Available
1003914,Shared room in Upper West Side,500314,Host314,t,Manhattan,Upper West Side,40.77755,-73.978847,Shared room,118.09,1,18,2026-02-21,0.79,1,165,$75-150,True,195.0,Sometimes Available
1003915,Shared room in Upper West Side,500315,Host315,f,Manhattan,Upper West Side,40.785667,-73.969431,Shared room,120.19,1,3,2026-07-17,0.2,1,28,$75-150,False,49.0,Rarely Available
1003916,Entire home/apt in Ridgewood,500316,Host316,f,Queens,Ridgewood,40.702974,-73.779662,Entire home/apt,82.42,14,0,,0.0,3,315,$75-150,False,,Highly Available
1003917,Entire home/apt in Flushing,500317,Host317,f,Queens,Flushing,40.745018,-73.797919,Entire home/apt,59.68,2,3,2026-03-13,0.09,2,83,$0-75,False,175.0,Sometimes Available
1003918,Private room in Greenpoint,500318,Host318,f,Brooklyn,Greenpoint,40.676762,-73.923592,Private room,53.59,7,13,2025-11-11,0.52,5,296,$0-75,False,297.0,Highly Available
1003919,Entire home/apt in Park Slope,500319,Host319,f,Brooklyn,Park Slope,40.691802,-73.958103,Entire home/apt,221.89,2,1,2026-07-20,0.02,1,141,$150-250,False,46.0,Sometimes Available
1003920,Entire home/apt in Flushing,500320,Host320,f,Queens,Flushing,40.713604,-73.832308,Entire home/apt,119.85,1,64,2026-07-17,2.37,1,118,$75-150,False,49.0,Sometimes Available
1003921,Entire home/apt in Ridgewood,500321,Host321,f,Queens,Ridgewood,40.733034,-73.796453,Entire home/apt,113.78,3,1,2026-07-01,0.06,2,223,$75-150,False,65.0,Highly Available
1003922,Entire home/apt in Midtown,500322,Host322,f,Manhattan,Midtown,40.76053,-73.989495,Entire home/apt,348.46,14,31,2026-07-18,0.72,1,148,$250-400,False,48.0,Sometimes Available
1003923,Private room in Chelsea,500323,Host323,f,Manhattan,Chelsea,40.754474,-73.947691,Private room,173.57,3,22,2026-07-18,1.47,1,186,$150-250,False,48.0,Highly Available
1003924,Entire home/apt in Jamaica,500324,Host324,f,Queens,Jamaica,40.725499,-73.782369,Entire home/apt,89.59,5,41,2026-06-19,2.67,1,71,$75-150,False,77.0,Sometimes Available
1003925,Entire home/apt in Chelsea,500325,Host325,t,Manhattan,Chelsea,40.794426,-73.937767,Entire home/apt,303.08,14,1,2026-06-27,0.03,1,0,$250-400,True,69.0,Rarely Available
1003926,Private room in Upper West Side,500326,Host326,f,Manhattan,Upper West Side,40.753608,-73.94483,Private room,102.18,2,51,2026-03-02,1.39,1,122,$75-150,False,186.0,Sometimes Available
1003927,Entire home/apt in Crown Heights,500327,Host327,f,Brooklyn,Crown Heights,40.702942,-73.937685,Entire home/apt,168.39,5,3,2025-11-02,0.09,2,249,$150-250,False,306.0,Highly Available
1003928,Shared room in Bedford-Stuyvesant,500328,Host328,f,Brooklyn,Bedford-Stuyvesant,40.658866,-73.964539,Shared room,180.18,14,49,2026-05-02,3.41,1,295,$150-250,False,125.0,Highly Available
1003929,Entire home/apt in Park Slope,500329,Host329,f,Brooklyn,Park Slope,40.642395,-73.890311,Entire home/apt,96.22,1,41,2024-01-17,4.98,1,120,$75-150,False,961.0,Sometimes Available
1003930,Private room in Fordham,500330,Host330,f,Bronx,Fordham,40.843118,-73.889839,Private room,79.97,3,41,2026-06-14,1.06,1,187,$75-150,False,82.0,Highly Available
1003931,Private room in Chelsea,500331,Host331,f,Manhattan,Chelsea,40.771495,-73.935958,Private room,104.72,1,55,2026-04-12,1.68,2,48,$75-150,False,145.0,Sometimes Available
1003932,Entire home/apt in Williamsburg,500332,Host332,f,Brooklyn,Williamsburg,40.661809,-73.951141,Entire home/apt,242.07,14,34,2026-06-16,2.08,1,216,$150-250,False,80.0,Highly Available
1003933,Private room in Bedford-Stuyvesant,500333,Host333,f,Brooklyn,Bedford-Stuyvesant,40.669424,-73.946792,Private room,110.45,5,47,2026-07-08,2.06,1,132,$75-150,False,58.0,Sometimes Available
1003934,Private room in Park Slope,500334,Host334,f,Brooklyn,Park Slope,40.621681,-73.943989,Private room,122.3,1,69,2026-07-29,8.99,1,204,$75-150,False,37.0,Highly Available
1003935,Private room in DUMBO,500335,Host335,f,Brooklyn,DUMBO,40.69347,-73.941587,Private room,157.34,1,87,2026-06-08,3.46,2,126,$150-250,False,88.0,Sometimes Available
1003936,Private room in Jamaica,500336,Host336,t,Queens,Jamaica,40.724473,-73.799403,Private room,81.04,1,3,2026-01-09,0.09,1,73,$75-150,True,238.0,Sometimes Available
1003937,Private room in Harlem,500337,Host337,f,Manhattan,Harlem,40.775294,-73.937528,Private room,174.38,7,10,2026-05-11,0.55,1,5,$150-250,False,116.0,Rarely Available
1003938,Private room in Williamsburg,500338,Host338,f,Brooklyn,Williamsburg,40.654742,-73.95427,Private room,85.09,2,45,2026-05-23,3.04,1,32,$75-150,False,104.0,Sometimes Available
1003939,Private room in Greenpoint,500339,Host339,f,Brooklyn,Greenpoint,40.679692,-73.899398,Private room,204.24,2,0,,0.0,1,17,$150-250,False,,Rarely Available
1003940,Shared room in East Village,500340,Host340,t,Manhattan,East Village,40.759525,-73.970173,Shared room,105.1,7,5,2026-07-29,0.22,1,354,$75-150,True,37.0,Highly Available
1003941,Private room in Park Slope,500341,Host341,f,Brooklyn,Park Slope,40.681701,-73.961572,Private room,220.25,7,6,2026-05-01,0.14,1,154,$150-250,False,126.0,Sometimes Available
1003942,Private room in Greenpoint,500342,Host342,f,Brooklyn,Greenpoint,40.659887,-73.944239,Private room,129.52,1,49,2026-07-14,1.18,1,0,$75-150,False,52.0,Rarely Available
1003943,Private room in DUMBO,500343,Host343,t,Brooklyn,DUMBO,40.731982,-73.936902,Private room,131.34,3,8,2026-07-11,0.32,2,0,$75-150,True,55.0,Rarely Available
1003944,Entire home/apt in Midtown,500344,Host344,f,Manhattan,Midtown,40.775706,-73.981715,Entire home/apt,213.0,1,6,2026-05-31,0.27,1,50,$150-250,False,96.0,Sometimes Available
1003945,Entire home/apt in Flushing,500345,Host345,f,Queens,Flushing,40.700934,-73.793914,Entire home/apt,91.23,7,39,2025-11-20,1.12,1,319,$75-150,False,288.0,Highly Available
1003946,Private room in Williamsburg,500346,Host346,f,Brooklyn,Williamsburg,40.65408,-73.936957,Private room,187.01,1,39,2026-06-03,6.39,1,210,$150-250,False,93.0,Highly Available
1003947,Entire home/apt in Long Island City,500347,Host347,f,Queens,Long Island City,40.739494,-73.795728,Entire home/apt,125.87,5,11,2026-01-31,0.26,1,166,$75-150,False,216.0,Sometimes Available
1003948,Entire home/apt in DUMBO,500348,Host348,f,Brooklyn,DUMBO,40.715858,-73.951352,Entire home/apt,72.27,1,86,2026-03-24,2.88,5,148,$0-75,False,164.0,Sometimes Available
1003949,Entire home/apt in Greenpoint,500349,Host349,f,Brooklyn,Greenpoint,40.700668,-73.92076,Entire home/apt,259.18,1,12,2026-05-02,0.43,10,75,$250-400,False,125.0,Sometimes Available
1003950,Private room in Ridgewood,500350,Host350,f,Queens,Ridgewood,40.726595,-73.790889,Private room,30.86,7,7,2025-07-30,0.22,1,257,$0-75,False,401.0,Highly Available
1003951,Entire home/apt in Fordham,500351,Host351,f,Bronx,Fordham,40.820368,-73.88375,Entire home/apt,55.24,1,1,2026-05-03,0.07,1,151,$0-75,False,124.0,Sometimes Available
1003952,Entire home/apt in Midtown,500352,Host352,f,Manhattan,Midtown,40.77189,-73.983796,Entire home/apt,239.21,1,22,2026-05-05,0.47,1,232,$150-250,False,122.0,Highly Available
1003953,Entire home/apt in Ridgewood,500353,Host353,t,Queens,Ridgewood,40.712934,-73.780772,Entire home/apt,75.45,2,10,2026-05-12,0.79,1,19,$75-150,True,115.0,Rarely Available
1003954,Entire home/apt in Flushing,500354,Host354,f,Queens,Flushing,40.762775,-73.806295,Entire home/apt,20.25,1,19,2026-06-01,1.86,1,199,$0-75,False,95.0,Highly Available
1003955,Shared room in Bedford-Stuyvesant,500355,Host355,t,Brooklyn,Bedford-Stuyvesant,40.654811,-73.927575,Shared room,81.76,5,4,2026-01-19,0.17,1,82,$75-150,True,228.0,Sometimes Available
1003956,Entire home/apt in Astoria,500356,Host356,f,Queens,Astoria,40.737383,-73.788412,Entire home/apt,114.28,3,15,2025-11-10,0.54,1,232,$75-150,False,298.0,Highly Available
1003957,Private room in Upper West Side,500357,Host357,f,Manhattan,Upper West Side,40.774992,-73.944494,Private room,156.05,14,0,,0.0,1,109,$150-250,False,,Sometimes Available
1003958,Entire home/apt in Flushing,500358,Host358,f,Queens,Flushing,40.731332,-73.790865,Entire home/apt,177.61,3,0,,0.0,1,124,$150-250,False,,Sometimes Available
1003959,Hotel room in Long Island City,500359,Host359,f,Queens,Long Island City,40.696538,-73.777257,Hotel room,145.98,1,4,2026-08-01,0.19,1,238,$75-150,False,34.0,Highly Available
1003960,Private room in Williamsburg,500360,Host360,f,Brooklyn,Williamsburg,40.677553,-73.949243,Private room,146.05,14,13,2026-06-10,0.27,1,148,$75-150,False,86.0,Sometimes Available
1003961,Entire home/apt in Flushing,500361,Host361,f,Queens,Flushing,40.743931,-73.790771,Entire home/apt,230.27,1,13,2025-05-21,0.65,1,225,$150-250,False,471.0,Highly Available
1003962,Entire home/apt in Park Slope,500362,Host362,f,Brooklyn,Park Slope,40.692121,-73.932195,Entire home/apt,261.87,1,36,2026-05-14,0.96,2,226,$250-400,False,113.0,Highly Available
1003963,Private room in Park Slope,500363,Host363,t,Brooklyn,Park Slope,40.661339,-73.953697,Private room,191.8,1,13,2026-05-13,0.59,1,132,$150-250,True,114.0,Sometimes Available
1003964,Private room in Flushing,500364,Host364,f,Queens,Flushing,40.759228,-73.82157,Private room,76.81,5,37,2026-07-10,1.18,1,73,$75-150,False,56.0,Sometimes Available
1003965,Private room in Tottenville,500365,Host365,f,Staten Island,Tottenville,40.56949,-74.128069,Private room,88.22,3,42,2026-07-24,2.4,1,14,$75-150,False,42.0,Rarely Available
1003966,Private room in Midtown,500366,Host366,t,Manhattan,Midtown,40.731195,-73.970281,Private room,258.76,30,18,2025-08-28,0.38,1,365,$250-400,True,372.0,Highly Available
1003967,Private room in Hell's Kitchen,500367,Host367,f,Manhattan,Hell's Kitchen,40.751198,-73.979388,Private room,169.73,2,4,2026-04-06,0.09,1,115,$150-250,False,151.0,Sometimes Available
1003968,Entire home/apt in Crown Heights,500368,Host368,f,Brooklyn,Crown Heights,40.670059,-73.963792,Entire home/apt,92.27,3,7,2026-07-18,0.5,5,0,$75-150,False,48.0,Rarely Available
1003969,Entire home/apt in Long Island City,500369,Host369,f,Queens,Long Island City,40.732547,-73.797905,Entire home/apt,189.14,7,5,2026-06-20,0.37,1,365,$150-250,False,76.0,Highly Available
1003970,Entire home/apt in Long Island City,500370,Host370,t,Queens,Long Island City,40.696721,-73.78545,Entire home/apt,275.23,14,26,2026-04-23,0.69,1,146,$250-400,True,134.0,Sometimes Available
1003971,Private room in St. George,500371,Host371,t,Staten Island,St. George,40.588734,-74.152556,Private room,54.06,3,2,2026-06-06,0.06,3,7,$0-75,True,90.0,Rarely Available
1003972,Entire home/apt in Riverdale,500372,Host372,f,Bronx,Riverdale,40.831677,-73.886938,Entire home/apt,77.65,7,10,2026-04-17,0.43,1,164,$75-150,False,140.0,Sometimes Available
1003973,Entire home/apt in Greenpoint,500373,Host373,f,Brooklyn,Greenpoint,40.656375,-73.977657,Entire home/apt,203.36,7,2,2026-05-06,0.04,1,0,$150-250,False,121.0,Rarely Available
1003974,Entire home/apt in Williamsburg,500374,Host374,t,Brooklyn,Williamsburg,40.674156,-73.938034,Entire home/apt,405.77,2,3,2025-09-10,0.11,1,198,$400+,True,359.0,Highly Available
1003975,Hotel room in Bedford-Stuyvesant,500375,Host375,f,Brooklyn,Bedford-Stuyvesant,40.698046,-73.948259,Hotel room,251.34,30,19,2026-04-07,0.98,1,365,$250-400,False,150.0,Highly Available
1003976,Entire home/apt in Long Island City,500376,Host376,t,Queens,Long Island City,40.724481,-73.791422,Entire home/apt,154.8,14,39,2026-01-18,3.3,1,67,$150-250,True,229.0,Sometimes Available
1003977,Private room in Bushwick,500377,Host377,f,Brooklyn,Bushwick,40.681524,-73.9687,Private room,63.16,7,1,2026-04-21,0.06,2,260,$0-75,False,136.0,Highly Available
1003978,Private room in Bushwick,500378,Host378,f,Brooklyn,Bushwick,40.663347,-73.919961,Private room,127.65,1,3,2026-07-21,0.07,1,30,$75-150,False,45.0,Rarely Available
1003979,Shared room in Upper West Side,500379,Host379,f,Manhattan,Upper West Side,40.761676,-73.968492,Shared room,30.52,2,32,2026-05-29,1.44,1,324,$0-75,False,98.0,Highly Available
1003980,Entire home/apt in Bushwick,500380,Host380,f,Brooklyn,Bushwick,40.682581,-73.946756,Entire home/apt,291.59,1,4,2026-02-27,0.24,2,113,$250-400,False,189.0,Sometimes Available
1003981,Private room in DUMBO,500381,Host381,t,Brooklyn,DUMBO,40.695674,-73.904613,Private room,78.57,2,1,2026-06-16,0.13,2,192,$75-150,True,80.0,Highly Available
1003982,Private room in DUMBO,500382,Host382,f,Brooklyn,DUMBO,40.705813,-73.964312,Private room,65.16,3,20,2026-02-26,1.87,1,187,$0-75,False,190.0,Highly Available
1003983,Private room in Bushwick,500383,Host383,f,Brooklyn,Bushwick,40.642037,-73.930347,Private room,54.16,2,19,2026-01-25,0.47,1,142,$0-75,False,222.0,Sometimes Available
1003984,Private room in Mott Haven,500384,Host384,t,Bronx,Mott Haven,40.865089,-73.896611,Private room,48.96,2,0,,0.0,1,0,$0-75,True,,Rarely Available
1003985,Private room in Williamsburg,500385,Host385,f,Brooklyn,Williamsburg,40.695261,-73.930395,Private room,81.13,30,49,2026-06-22,1.8,1,190,$75-150,False,74.0,Highly Available
1003986,Hotel room in Mott Haven,500386,Host386,f,Bronx,Mott Haven,40.877674,-73.861372,Hotel room,36.5,5,1,2026-01-09,0.05,1,69,$0-75,False,238.0,Sometimes Available
1003987,Entire home/apt in Financial District,500387,Host387,f,Manhattan,Financial District,40.789122,-73.941013,Entire home/apt,92.88,1,7,2026-07-31,0.15,1,99,$75-150,False,35.0,Sometimes Available
1003988,Entire home/apt in Bedford-Stuyvesant,500388,Host388,f,Brooklyn,Bedford-Stuyvesant,40.670789,-73.911168,Entire home/apt,167.35,7,36,2026-05-27,0.89,3,100,$150-250,False,100.0,Sometimes Available
1003989,Private room in Greenpoint,500389,Host389,f,Brooklyn,Greenpoint,40.662891,-73.940835,Private room,79.22,2,24,2025-11-18,1.89,1,156,$75-150,False,290.0,Sometimes Available
1003990,Private room in Chelsea,500390,Host390,t,Manhattan,Chelsea,40.786691,-73.985872,Private room,41.99,2,82,2026-05-28,3.08,1,114,$0-75,True,99.0,Sometimes Available
1003991,Private room in Hell's Kitchen,500391,Host391,f,Manhattan,Hell's Kitchen,40.800854,-73.949191,Private room,107.36,3,4,2026-02-27,0.59,1,89,$75-150,False,189.0,Sometimes Available
1003992,Entire home/apt in Long Island City,500392,Host392,f,Queens,Long Island City,40.700495,-73.780639,Entire home/apt,93.75,3,1,2025-09-05,0.06,1,112,$75-150,False,364.0,Sometimes Available
1003993,Entire home/apt in Crown Heights,500393,Host393,f,Brooklyn,Crown Heights,40.694252,-73.958484,Entire home/apt,553.4843000000001,2,9,2026-03-12,0.27,1,193,$400+,False,176.0,Highly Available
1003994,Entire home/apt in Upper West Side,500394,Host394,f,Manhattan,Upper West Side,40.789548,-73.968333,Entire home/apt,430.43,1,10,2026-05-10,0.39,1,183,$400+,False,117.0,Highly Available
1003995,Private room in Harlem,500395,Host395,t,Manhattan,Harlem,40.752749,-73.96194,Private room,59.51,7,4,2026-06-17,0.09,1,12,$0-75,True,79.0,Rarely Available
1003996,Private room in Long Island City,500396,Host396,f,Queens,Long Island City,40.672432,-73.780114,Private room,48.68,7,33,2026-07-18,1.34,1,76,$0-75,False,48.0,Sometimes Available
1003997,Private room in DUMBO,500397,Host397,t,Brooklyn,DUMBO,40.682399,-73.920651,Private room,74.07,1,37,2026-06-27,1.4,1,186,$0-75,True,69.0,Highly Available
1003998,Private room in Ridgewood,500398,Host398,f,Queens,Ridgewood,40.741639,-73.781353,Private room,108.78,30,12,2025-11-25,0.35,1,190,$75-150,False,283.0,Highly Available
1003999,Entire home/apt in Harlem,500399,Host399,f,Manhattan,Harlem,40.795472,-73.931677,Entire home/apt,374.58,1,58,2026-06-11,1.33,1,289,$250-400,False,85.0,Highly Available
1004000,Entire home/apt in Greenpoint,500400,Host400,f,Brooklyn,Greenpoint,40.707843,-73.937261,Entire home/apt,233.83,2,107,2025-04-01,2.71,1,333,$150-250,False,521.0,Highly Available
1004001,Entire home/apt in DUMBO,500401,Host401,t,Brooklyn,DUMBO,40.658208,-73.952546,Entire home/apt,106.57,1,4,2026-07-29,0.11,3,186,$75-150,True,37.0,Highly Available
1004002,Entire home/apt in St. George,500402,Host402,t,Staten Island,St. George,40.546458,-74.13272,Entire home/apt,72.45,2,1,2026-06-14,0.03,2,344,$0-75,True,82.0,Highly Available
1004003,Private room in Crown Heights,500403,Host403,t,Brooklyn,Crown Heights,40.648622,-73.945211,Private room,58.89,1,8,2026-03-03,0.31,5,248,$0-75,True,185.0,Highly Available
1004004,Entire home/apt in East Village,500404,Host404,f,Manhattan,East Village,40.762085,-73.983223,Entire home/apt,137.89,3,6,2026-01-12,0.2,2,58,$75-150,False,235.0,Sometimes Available
1004005,Entire home/apt in Hell's Kitchen,500405,Host405,t,Manhattan,Hell's Kitchen,40.796148,-73.940038,Entire home/apt,129.77,14,2,2026-03-23,0.08,1,271,$75-150,True,165.0,Highly Available
1004006,Entire home/apt in Chelsea,500406,Host406,f,Manhattan,Chelsea,40.801465,-73.979311,Entire home/apt,465.68,1,8,2026-05-05,0.24,2,35,$400+,False,122.0,Sometimes Available
1004007,Entire home/apt in Ridgewood,500407,Host407,t,Queens,Ridgewood,40.694536,-73.788701,Entire home/apt,96.84,1,37,2026-03-14,3.79,1,155,$75-150,True,174.0,Sometimes Available
1004008,Hotel room in Jamaica,500408,Host408,t,Queens,Jamaica,40.727545,-73.791214,Hotel room,228.29,1,0,,0.0,1,0,$150-250,True,,Rarely Available
1004009,Private room in Bedford-Stuyvesant,500409,Host409,f,Brooklyn,Bedford-Stuyvesant,40.713458,-73.910856,Private room,107.08,2,9,2026-05-22,0.29,1,218,$75-150,False,105.0,Highly Available
1004010,Private room in Midtown,500410,Host410,f,Manhattan,Midtown,40.760478,-73.961826,Private room,146.79,1,16,2026-01-24,0.42,1,285,$75-150,False,223.0,Highly Available
1004011,Entire home/apt in Bedford-Stuyvesant,500411,Host411,f,Brooklyn,Bedford-Stuyvesant,40.683264,-73.935726,Entire home/apt,232.35,1,30,2026-07-02,0.68,1,265,$150-250,False,64.0,Highly Available
1004012,Entire home/apt in Bushwick,500412,Host412,f,Brooklyn,Bushwick,40.666691,-73.943669,Entire home/apt,152.3,2,14,2026-04-06,0.31,1,0,$150-250,False,151.0,Rarely Available
1004013,Entire home/apt in Bedford-Stuyvesant,500413,Host413,f,Brooklyn,Bedford-Stuyvesant,40.712531,-73.928613,Entire home/apt,194.01,2,1,2026-07-31,0.04,10,174,$150-250,False,35.0,Sometimes Available
1004014,Entire home/apt in Financial District,500414,Host414,f,Manhattan,Financial District,40.801759,-73.945392,Entire home/apt,254.91,7,19,2026-03-01,0.76,1,158,$250-400,False,187.0,Sometimes Available
1004015,Private room in Harlem,500415,Host415,f,Manhattan,Harlem,40.793918,-73.970694,Private room,228.22,1,8,2026-04-09,0.21,3,0,$150-250,False,148.0,Rarely Available
1004016,Entire home/apt in Flushing,500416,Host416,f,Queens,Flushing,40.71296,-73.807354,Entire home/apt,155.18,14,12,2025-03-29,0.34,1,306,$150-250,False,524.0,Highly Available
1004017,Private room in Greenpoint,500417,Host417,f,Brooklyn,Greenpoint,40.712871,-73.922869,Private room,174.47,7,70,2026-03-12,7.72,5,192,$150-250,False,176.0,Highly Available
1004018,Private room in Hell's Kitchen,500418,Host418,f,Manhattan,Hell's Kitchen,40.768149,-73.976721,Private room,114.83,1,5,2026-05-09,0.56,1,185,$75-150,False,118.0,Highly Available
1004019,Private room in Riverdale,500419,Host419,f,Bronx,Riverdale,40.840248,-73.905909,Private room,63.6,30,24,2025-03-26,1.3,1,132,$0-75,False,527.0,Sometimes Available
1004020,Private room in Bushwick,500420,Host420,t,Brooklyn,Bushwick,40.668515,-73.926937,Private room,80.97,1,13,2026-01-26,1.97,1,365,$75-150,True,221.0,Highly Available
1004021,Private room in Astoria,500421,Host421,f,Queens,Astoria,40.735202,-73.800698,Private room,41.31,1,28,2026-07-14,1.5,1,274,$0-75,False,52.0,Highly Available
1004022,Entire home/apt in Bushwick,500422,Host422,f,Brooklyn,Bushwick,40.656632,-73.915889,Entire home/apt,182.88,5,37,2026-07-30,3.39,3,365,$150-250,False,36.0,Highly Available
1004023,Hotel room in Astoria,500423,Host423,f,Queens,Astoria,40.729488,-73.779977,Hotel room,152.27,1,81,2026-04-11,5.26,1,195,$150-250,False,146.0,Highly Available
1004024,Private room in Fordham,500424,Host424,t,Bronx,Fordham,40.82462,-73.860267,Private room,73.44,3,3,2026-07-22,0.29,1,159,$0-75,True,44.0,Sometimes Available
1004025,Private room in Flushing,500425,Host425,f,Queens,Flushing,40.72666,-73.773344,Private room,100.58,1,14,2026-02-08,0.3,1,155,$75-150,False,208.0,Sometimes Available
1004026,Private room in Jamaica,500426,Host426,t,Queens,Jamaica,40.716256,-73.774394,Private room,100.63,2,27,2026-01-09,0.8,1,44,$75-150,True,238.0,Sometimes Available
1004027,Private room in Hell's Kitchen,500427,Host427,f,Manhattan,Hell's Kitchen,40.815589,-73.968374,Private room,71.09,1,9,2026-07-29,0.24,1,165,$0-75,False,37.0,Sometimes Available
1004028,Private room in Hell's Kitchen,500428,Host428,t,Manhattan,Hell's Kitchen,40.806044,-73.967126,Private room,92.1,2,16,2026-05-09,0.67,1,365,$75-150,True,118.0,Highly Available
1004029,Private room in Midtown,500429,Host429,t,Manhattan,Midtown,40.787659,-73.941129,Private room,76.11,1,6,2026-07-27,0.3,1,198,$75-150,True,39.0,Highly Available
1004030,Private room in Bushwick,500430,Host430,f,Brooklyn,Bushwick,40.654231,-73.943227,Private room,146.03,1,12,2026-05-25,0.35,1,30,$75-150,False,102.0,Rarely Available
1004031,Shared room in Bushwick,500431,Host431,f,Brooklyn,Bushwick,40.644702,-73.912817,Shared room,74.32,1,35,2026-01-17,1.39,1,265,$0-75,False,230.0,Highly Available
1004032,Private room in Upper West Side,500432,Host432,f,Manhattan,Upper West Side,40.776109,-73.971031,Private room,87.7,2,35,2026-03-27,2.74,1,0,$75-150,False,161.0,Rarely Available
1004033,Entire home/apt in Hell's Kitchen,500433,Host433,f,Manhattan,Hell's Kitchen,40.767664,-73.947647,Entire home/apt,544.18,2,82,2026-05-16,5.82,1,158,$400+,False,111.0,Sometimes Available
1004034,Entire home/apt in Harlem,500434,Host434,t,Manhattan,Harlem,40.798579,-73.97325,Entire home/apt,243.14,14,24,2026-07-26,0.56,3,281,$150-250,True,40.0,Highly Available
1004035,Private room in Fordham,500435,Host435,f,Bronx,Fordham,40.841583,-73.882624,Private room,38.91,7,6,2026-05-02,0.2,3,108,$0-75,False,125.0,Sometimes Available
1004036,Private room in Williamsburg,500436,Host436,t,Brooklyn,Williamsburg,40.682361,-73.949173,Private room,78.4,5,11,2026-06-21,0.32,2,294,$75-150,True,75.0,Highly Available
1004037,Private room in Williamsburg,500437,Host437,f,Brooklyn,Williamsburg,40.672993,-73.923341,Private room,155.71,30,43,2026-06-10,1.32,1,200,$150-250,False,86.0,Highly Available
1004038,Entire home/apt in Mott Haven,500438,Host438,f,Bronx,Mott Haven,40.833723,-73.88213,Entire home/apt,97.87,1,64,2026-03-28,1.6,1,192,$75-150,False,160.0,Highly Available
1004039,Private room in Williamsburg,500439,Host439,t,Brooklyn,Williamsburg,40.67402,-73.9202,Private room,82.84,2,12,2026-03-24,1.07,1,196,$75-150,True,164.0,Highly Available
1004040,Private room in Harlem,500440,Host440,f,Manhattan,Harlem,40.779121,-73.985487,Private room,117.31,1,8,2026-03-30,0.33,1,0,$75-150,False,158.0,Rarely Available
1004041,Private room in St. George,500441,Host441,t,Staten Island,St. George,40.572638,-74.162528,Private room,198.14,14,40,2025-09-15,0.93,1,199,$150-250,True,354.0,Highly Available
1004042,Shared room in Jamaica,500442,Host442,f,Queens,Jamaica,40.751458,-73.842768,Shared room,28.73,2,36,2026-07-22,1.16,1,24,$0-75,False,44.0,Rarely Available
1004043,Entire home/apt in Upper West Side,500443,Host443,f,Manhattan,Upper West Side,40.726104,-73.981269,Entire home/apt,171.98,2,40,2026-03-02,6.24,1,109,$150-250,False,186.0,Sometimes Available
1004044,Entire home/apt in Ridgewood,500444,Host444,f,Queens,Ridgewood,40.696838,-73.789707,Entire home/apt,166.63,3,24,2026-07-29,1.3,3,79,$150-250,False,37.0,Sometimes Available
1004045,Entire home/apt in Greenpoint,500445,Host445,f,Brooklyn,Greenpoint,40.678344,-73.923511,Entire home/apt,219.7,14,10,2026-06-14,0.27,2,118,$150-250,False,82.0,Sometimes Available
1004046,Entire home/apt in Greenpoint,500446,Host446,f,Brooklyn,Greenpoint,40.714009,-73.981958,Entire home/apt,248.11,1,75,2025-06-17,2.46,1,121,$150-250,False,444.0,Sometimes Available
1004047,Shared room in Park Slope,500447,Host447,f,Brooklyn,Park Slope,40.69759,-73.942904,Shared room,92.1,3,40,2026-07-23,1.13,1,181,$75-150,False,43.0,Highly Available
1004048,Hotel room in Greenpoint,500448,Host448,f,Brooklyn,Greenpoint,40.652222,-73.933718,Hotel room,149.9,5,4,2026-07-10,0.11,1,365,$75-150,False,56.0,Highly Available
1004049,Entire home/apt in Long Island City,500449,Host449,f,Queens,Long Island City,40.75109,-73.801862,Entire home/apt,44.69,3,6,2026-01-04,0.2,1,280,$0-75,False,243.0,Highly Available
1004050,Private room in Long Island City,500450,Host450,f,Queens,Long Island City,40.728622,-73.789006,Private room,73.97,2,50,2026-07-03,1.25,5,214,$0-75,False,63.0,Highly Available
1004051,Entire home/apt in Long Island City,500451,Host451,f,Queens,Long Island City,40.704944,-73.762593,Entire home/apt,82.0,2,10,2026-07-18,0.35,1,282,$75-150,False,48.0,Highly Available
1004052,Entire home/apt in East Village,500452,Host452,f,Manhattan,East Village,40.778422,-73.965882,Entire home/apt,295.75,2,64,2026-06-28,2.91,1,266,$250-400,False,68.0,Highly Available
1004053,Private room in Bedford-Stuyvesant,500453,Host453,t,Brooklyn,Bedford-Stuyvesant,40.681202,-73.902965,Private room,36.9,5,17,2025-12-17,1.43,1,175,$0-75,True,261.0,Sometimes Available
1004054,Private room in Bushwick,500454,Host454,f,Brooklyn,Bushwick,40.709715,-73.925828,Private room,96.81,1,8,2026-06-08,0.38,1,12,$75-150,False,88.0,Rarely Available
1004055,Entire home/apt in St. George,500455,Host455,f,Staten Island,St. George,40.627016,-74.180172,Entire home/apt,67.56,1,23,2025-04-11,0.81,1,247,$0-75,False,511.0,Highly Available
1004056,Private room in East Village,500456,Host456,f,Manhattan,East Village,40.760731,-73.940199,Private room,150.34,2,18,2026-02-21,0.42,1,158,$150-250,False,195.0,Sometimes Available
1004057,Entire home/apt in Tottenville,500457,Host457,f,Staten Island,Tottenville,40.558263,-74.144929,Entire home/apt,130.44,2,9,2026-07-15,0.24,2,85,$75-150,False,51.0,Sometimes Available
1004058,Private room in Greenpoint,500458,Host458,f,Brooklyn,Greenpoint,40.701077,-73.967059,Private room,124.74,1,28,2026-03-13,0.58,1,205,$75-150,False,175.0,Highly Available
1004059,Entire home/apt in Midtown,500459,Host459,f,Manhattan,Midtown,40.76372,-73.996346,Entire home/apt,92.86,1,11,2026-07-17,0.28,2,155,$75-150,False,49.0,Sometimes Available
1004060,Private room in Williamsburg,500460,Host460,t,Brooklyn,Williamsburg,40.685449,-73.944177,Private room,44.26,1,29,2026-03-14,1.07,3,0,$0-75,True,174.0,Rarely Available
1004061,Private room in Ridgewood,500461,Host461,t,Queens,Ridgewood,40.715429,-73.813695,Private room,69.67,30,11,2026-07-16,0.28,1,19,$0-75,True,50.0,Rarely Available
1004062,Private room in Williamsburg,500462,Host462,f,Brooklyn,Williamsburg,40.695229,-73.99331,Private room,78.42,2,40,2026-07-16,0.87,1,245,$75-150,False,50.0,Highly Available
1004063,Private room in East Village,500463,Host463,f,Manhattan,East Village,40.787779,-73.964754,Private room,282.68,1,10,2025-11-29,0.44,3,89,$250-400,False,279.0,Sometimes Available
1004064,Entire home/apt in Mott Haven,500464,Host464,f,Bronx,Mott Haven,40.824462,-73.898783,Entire home/apt,138.32,1,17,2026-06-13,0.77,1,278,$75-150,False,83.0,Highly Available
1004065,Entire home/apt in Bushwick,500465,Host465,f,Brooklyn,Bushwick,40.694451,-73.984635,Entire home/apt,228.15,2,34,2026-03-06,2.86,1,354,$150-250,False,182.0,Highly Available
1004066,Entire home/apt in Astoria,500466,Host466,t,Queens,Astoria,40.734058,-73.789937,Entire home/apt,104.06,1,65,2026-07-14,2.07,1,0,$75-150,True,52.0,Rarely Available
1004067,Private room in DUMBO,500467,Host467,f,Brooklyn,DUMBO,40.66429,-73.954525,Private room,91.67,2,2,2026-03-10,0.12,1,206,$75-150,False,178.0,Highly Available
1004068,Entire home/apt in Flushing,500468,Host468,f,Queens,Flushing,40.727497,-73.7685,Entire home/apt,69.46,1,7,2025-10-11,0.46,1,342,$0-75,False,328.0,Highly Available
1004069,Private room in Upper West Side,500469,Host469,f,Manhattan,Upper West Side,40.777538,-73.950468,Private room,117.77,1,20,2026-03-03,0.99,2,190,$75-150,False,185.0,Highly Available
1004070,Entire home/apt in Ridgewood,500470,Host470,f,Queens,Ridgewood,40.717251,-73.802193,Entire home/apt,82.56,1,24,2026-06-06,1.32,3,153,$75-150,False,90.0,Sometimes Available
1004071,Entire home/apt in Crown Heights,500471,Host471,t,Brooklyn,Crown Heights,40.697791,-73.929885,Entire home/apt,90.31,1,48,2026-07-05,2.04,3,220,$75-150,True,61.0,Highly Available
1004072,Entire home/apt in Ridgewood,500472,Host472,f,Queens,Ridgewood,40.718502,-73.798527,Entire home/apt,282.21,1,7,2026-05-23,0.37,2,255,$250-400,False,104.0,Highly Available
1004073,Entire home/apt in Ridgewood,500473,Host473,f,Queens,Ridgewood,40.730103,-73.798432,Entire home/apt,164.82,30,12,2026-06-02,0.36,1,63,$150-250,False,94.0,Sometimes Available
1004074,Entire home/apt in Flushing,500474,Host474,f,Queens,Flushing,40.738962,-73.811495,Entire home/apt,105.68,2,14,2026-04-18,1.42,1,265,$75-150,False,139.0,Highly Available
1004075,Entire home/apt in Fordham,500475,Host475,t,Bronx,Fordham,40.835525,-73.878569,Entire home/apt,47.78,7,34,2026-07-27,3.73,1,60,$0-75,True,39.0,Sometimes Available
1004076,Entire home/apt in Jamaica,500476,Host476,f,Queens,Jamaica,40.72096,-73.805924,Entire home/apt,120.16,1,28,2025-07-26,0.74,1,254,$75-150,False,405.0,Highly Available
1004077,Entire home/apt in Riverdale,500477,Host477,f,Bronx,Riverdale,40.835922,-73.925128,Entire home/apt,72.42,1,23,2025-11-09,1.91,3,101,$0-75,False,299.0,Sometimes Available
1004078,Entire home/apt in Williamsburg,500478,Host478,f,Brooklyn,Williamsburg,40.695796,-73.93575,Entire home/apt,148.59,3,60,2026-07-09,3.16,1,0,$75-150,False,57.0,Rarely Available
1004079,Private room in Long Island City,500479,Host479,f,Queens,Long Island City,40.75506,-73.808607,Private room,57.62,1,71,2026-05-15,1.79,2,365,$0-75,False,112.0,Highly Available
1004080,Entire home/apt in Greenpoint,500480,Host480,f,Brooklyn,Greenpoint,40.668578,-73.956167,Entire home/apt,201.19,2,17,2025-09-29,0.93,2,143,$150-250,False,340.0,Sometimes Available
1004081,Entire home/apt in Fordham,500481,Host481,f,Bronx,Fordham,40.853827,-73.908693,Entire home/apt,106.51,1,23,2025-10-28,0.68,1,365,$75-150,False,311.0,Highly Available
1004082,Private room in DUMBO,500482,Host482,f,Brooklyn,DUMBO,40.694507,-73.969089,Private room,72.83,1,73,2026-05-22,4.09,1,85,$0-75,False,105.0,Sometimes Available
1004083,Private room in Crown Heights,500483,Host483,f,Brooklyn,Crown Heights,40.683033,-73.961001,Private room,27.64,3,54,2026-07-25,1.17,1,86,$0-75,False,41.0,Sometimes Available
1004084,Private room in Long Island City,500484,Host484,t,Queens,Long Island City,40.690017,-73.811167,Private room,45.36,1,13,2026-06-04,0.38,1,159,$0-75,True,92.0,Sometimes Available
1004085,Entire home/apt in Jamaica,500485,Host485,f,Queens,Jamaica,40.728718,-73.80792,Entire home/apt,184.75,2,5,2026-07-08,0.14,3,223,$150-250,False,58.0,Highly Available
1004086,Shared room in Flushing,500486,Host486,f,Queens,Flushing,40.751581,-73.785384,Shared room,24.79,1,6,2026-06-21,0.13,1,267,$0-75,False,75.0,Highly Available
1004087,Private room in DUMBO,500487,Host487,f,Brooklyn,DUMBO,40.66819,-73.955968,Private room,71.95,14,22,2026-01-10,1.55,1,121,$0-75,False,237.0,Sometimes Available
1004088,Entire home/apt in Astoria,500488,Host488,f,Queens,Astoria,40.729619,-73.775539,Entire home/apt,162.55,3,13,2025-07-29,0.3,1,34,$150-250,False,402.0,Sometimes Available
1004089,Private room in Hell's Kitchen,500489,Host489,t,Manhattan,Hell's Kitchen,40.771391,-73.969294,Private room,128.09,1,6,2026-08-01,0.34,1,100,$75-150,True,34.0,Sometimes Available
1004090,Entire home/apt in Bedford-Stuyvesant,500490,Host490,f,Brooklyn,Bedford-Stuyvesant,40.677452,-73.947034,Entire home/apt,161.2,1,4,2026-04-05,0.3,1,140,$150-250,False,152.0,Sometimes Available
1004091,Private room in DUMBO,500491,Host491,f,Brooklyn,DUMBO,40.688793,-73.973814,Private room,57.79,1,12,2026-01-11,1.82,1,114,$0-75,False,236.0,Sometimes Available
1004092,Entire home/apt in Park Slope,500492,Host492,f,Brooklyn,Park Slope,40.665218,-73.966316,Entire home/apt,125.06,2,13,2026-05-25,0.43,3,131,$75-150,False,102.0,Sometimes Available
1004093,Private room in Long Island City,500493,Host493,f,Queens,Long Island City,40.723917,-73.795609,Private room,40.74,2,33,2026-07-21,0.74,1,217,$0-75,False,45.0,Highly Available
1004094,Entire home/apt in Ridgewood,500494,Host494,f,Queens,Ridgewood,40.72492,-73.772413,Entire home/apt,98.25,14,13,2026-04-01,0.31,2,327,$75-150,False,156.0,Highly Available
1004095,Entire home/apt in Flushing,500495,Host495,f,Queens,Flushing,40.722685,-73.796958,Entire home/apt,69.57,2,17,2026-07-06,1.34,1,141,$0-75,False,60.0,Sometimes Available
1004096,Entire home/apt in Midtown,500496,Host496,f,Manhattan,Midtown,40.81021,-73.961845,Entire home/apt,180.72,2,39,2025-12-11,0.91,3,0,$150-250,False,267.0,Rarely Available
1004097,Private room in Financial District,500497,Host497,f,Manhattan,Financial District,40.782836,-73.996774,Private room,51.76,1,9,2026-02-21,0.5,1,97,$0-75,False,195.0,Sometimes Available
1004098,Entire home/apt in Chelsea,500498,Host498,f,Manhattan,Chelsea,40.762383,-73.943212,Entire home/apt,109.95,3,17,2025-10-01,0.39,1,258,$75-150,False,338.0,Highly Available
1004099,Entire home/apt in Tottenville,500499,Host499,f,Staten Island,Tottenville,40.615257,-74.136018,Entire home/apt,163.57,1,1,2026-06-16,0.02,1,155,$150-250,False,80.0,Sometimes Available
1004100,Entire home/apt in Long Island City,500500,Host500,t,Queens,Long Island City,40.74404,-73.799049,Entire home/apt,54.82,3,59,2026-03-05,1.25,1,84,$0-75,True,183.0,Sometimes Available
1004101,Entire home/apt in Bedford-Stuyvesant,500501,Host501,f,Brooklyn,Bedford-Stuyvesant,40.692415,-73.932693,Entire home/apt,86.91,3,9,2026-02-08,0.8,1,219,$75-150,False,208.0,Highly Available
1004102,Entire home/apt in Financial District,500502,Host502,f,Manhattan,Financial District,40.74788,-73.956122,Entire home/apt,298.0,30,58,2026-07-28,3.24,1,138,$250-400,False,38.0,Sometimes Available
1004103,Private room in Upper West Side,500503,Host503,t,Manhattan,Upper West Side,40.787384,-73.979942,Private room,324.55,3,31,2026-03-11,3.37,2,269,$250-400,True,177.0,Highly Available
1004104,Entire home/apt in DUMBO,500504,Host504,f,Brooklyn,DUMBO,40.665158,-73.969819,Entire home/apt,327.8,1,23,2026-07-09,0.52,1,0,$250-400,False,57.0,Rarely Available
1004105,Private room in Bushwick,500505,Host505,f,Brooklyn,Bushwick,40.665815,-73.953591,Private room,92.64,3,4,2025-10-13,0.09,1,231,$75-150,False,326.0,Highly Available
1004106,Hotel room in Bushwick,500506,Host506,f,Brooklyn,Bushwick,40.681907,-73.952217,Hotel room,194.23,7,4,2026-04-28,0.1,5,221,$150-250,False,129.0,Highly Available
1004107,Entire home/apt in DUMBO,500507,Host507,f,Brooklyn,DUMBO,40.665885,-73.951701,Entire home/apt,299.15,1,39,2026-01-12,1.57,1,30,$250-400,False,235.0,Rarely Available
1004108,Entire home/apt in Park Slope,500508,Host508,f,Brooklyn,Park Slope,40.681279,-73.986905,Entire home/apt,115.73,5,3,2026-01-13,0.34,1,214,$75-150,False,234.0,Highly Available
1004109,Private room in Long Island City,500509,Host509,f,Queens,Long Island City,40.708629,-73.797077,Private room,86.95,1,52,2026-06-02,1.34,1,110,$75-150,False,94.0,Sometimes Available
1004110,Private room in Williamsburg,500510,Host510,f,Brooklyn,Williamsburg,40.63522,-73.931923,Private room,100.1,1,11,2026-02-21,0.46,1,42,$75-150,False,195.0,Sometimes Available
1004111,Private room in Crown Heights,500511,Host511,f,Brooklyn,Crown Heights,40.669302,-73.966765,Private room,45.98,1,107,2025-04-24,4.18,1,0,$0-75,False,498.0,Rarely Available
1004112,Entire home/apt in Chelsea,500512,Host512,f,Manhattan,Chelsea,40.759474,-73.942292,Entire home/apt,175.48,1,45,2026-06-08,1.1,3,257,$150-250,False,88.0,Highly Available
1004113,Private room in Midtown,500513,Host513,t,Manhattan,Midtown,40.774759,-73.941655,Private room,120.45,7,16,2025-10-26,0.9,1,66,$75-150,True,313.0,Sometimes Available
1004114,Entire home/apt in Williamsburg,500514,Host514,f,Brooklyn,Williamsburg,40.713759,-73.942859,Entire home/apt,177.96,1,23,2026-05-25,0.87,1,160,$150-250,False,102.0,Sometimes Available
1004115,Entire home/apt in St. George,500515,Host515,f,Staten Island,St. George,40.588219,-74.173691,Entire home/apt,104.78,14,40,2026-04-16,1.18,1,157,$75-150,False,141.0,Sometimes Available
1004116,Private room in Long Island City,500516,Host516,f,Queens,Long Island City,40.735459,-73.787893,Private room,63.33,5,1,2026-07-16,0.04,1,0,$0-75,False,50.0,Rarely Available
1004117,Entire home/apt in Upper West Side,500517,Host517,f,Manhattan,Upper West Side,40.799187,-73.956474,Entire home/apt,124.74,1,7,2026-05-06,0.52,1,167,$75-150,False,121.0,Sometimes Available
1004118,Entire home/apt in Harlem,500518,Host518,f,Manhattan,Harlem,40.764821,-73.970958,Entire home/apt,553.4843000000001,5,75,2026-07-09,2.33,1,299,$400+,False,57.0,Highly Available
1004119,Private room in St. George,500519,Host519,f,Staten Island,St. George,40.600427,-74.134015,Private room,119.62,1,1,2026-03-31,0.03,1,107,$75-150,False,157.0,Sometimes Available
1004120,Private room in Flushing,500520,Host520,f,Queens,Flushing,40.721051,-73.802908,Private room,63.14,2,14,2026-07-28,0.33,2,272,$0-75,False,38.0,Highly Available
1004121,Entire home/apt in Ridgewood,500521,Host521,f,Queens,Ridgewood,40.719393,-73.801765,Entire home/apt,81.27,5,51,2026-06-16,1.67,1,249,$75-150,False,80.0,Highly Available
1004122,Entire home/apt in Harlem,500522,Host522,f,Manhattan,Harlem,40.805557,-74.022803,Entire home/apt,241.26,1,13,2026-06-06,1.16,1,0,$150-250,False,90.0,Rarely Available
1004123,Shared room in Crown Heights,500523,Host523,t,Brooklyn,Crown Heights,40.658347,-73.9734,Shared room,50.03,2,1,2026-01-23,0.06,1,246,$0-75,True,224.0,Highly Available
1004124,Entire home/apt in Chelsea,500524,Host524,f,Manhattan,Chelsea,40.809813,-73.992094,Entire home/apt,371.54,1,18,2026-07-07,0.53,2,167,$250-400,False,59.0,Sometimes Available
1004125,Private room in East Village,500525,Host525,f,Manhattan,East Village,40.771441,-74.00125,Private room,120.82,14,95,2026-07-05,2.63,1,81,$75-150,False,61.0,Sometimes Available
1004126,Private room in Harlem,500526,Host526,f,Manhattan,Harlem,40.811957,-73.972616,Private room,95.55,1,31,2026-06-17,1.63,1,0,$75-150,False,79.0,Rarely Available
1004127,Entire home/apt in Chelsea,500527,Host527,f,Manhattan,Chelsea,40.792307,-73.990544,Entire home/apt,210.48,5,16,2026-06-06,0.52,1,158,$150-250,False,90.0,Sometimes Available
1004128,Private room in Upper West Side,500528,Host528,t,Manhattan,Upper West Side,40.792928,-73.962632,Private room,88.14,2,20,2026-07-26,0.73,1,352,$75-150,True,40.0,Highly Available
1004129,Private room in Astoria,500529,Host529,f,Queens,Astoria,40.685574,-73.777182,Private room,106.58,1,5,2026-06-10,0.34,1,155,$75-150,False,86.0,Sometimes Available
1004130,Entire home/apt in Williamsburg,500530,Host530,f,Brooklyn,Williamsburg,40.676373,-73.916639,Entire home/apt,308.21,2,0,,0.0,1,46,$250-400,False,,Sometimes Available
1004131,Entire home/apt in Williamsburg,500531,Host531,f,Brooklyn,Williamsburg,40.693254,-73.969786,Entire home/apt,332.97,2,39,2025-10-28,1.73,3,38,$250-400,False,311.0,Sometimes Available
1004132,Entire home/apt in Midtown,500532,Host532,f,Manhattan,Midtown,40.780238,-73.978135,Entire home/apt,158.62,1,28,2026-06-30,1.45,2,320,$150-250,False,66.0,Highly Available
1004133,Private room in Long Island City,500533,Host533,f,Queens,Long Island City,40.721528,-73.8061,Private room,116.65,1,1,2026-01-16,0.04,3,11,$75-150,False,231.0,Rarely Available
1004134,Private room in Chelsea,500534,Host534,t,Manhattan,Chelsea,40.780564,-73.950588,Private room,216.8,3,8,2026-04-03,0.22,1,268,$150-250,True,154.0,Highly Available
1004135,Private room in Ridgewood,500535,Host535,f,Queens,Ridgewood,40.740519,-73.768311,Private room,104.82,7,5,2026-07-30,0.11,1,48,$75-150,False,36.0,Sometimes Available
1004136,Entire home/apt in Astoria,500536,Host536,f,Queens,Astoria,40.748122,-73.808933,Entire home/apt,20.0,7,9,2026-04-13,0.86,1,0,$0-75,False,144.0,Rarely Available
1004137,Entire home/apt in Bushwick,500537,Host537,f,Brooklyn,Bushwick,40.678889,-73.941576,Entire home/apt,115.93,1,33,2026-04-04,3.36,10,79,$75-150,False,153.0,Sometimes Available
1004138,Private room in Bushwick,500538,Host538,t,Brooklyn,Bushwick,40.653958,-73.924072,Private room,42.95,30,13,2026-07-10,0.46,1,168,$0-75,True,56.0,Sometimes Available
1004139,Entire home/apt in Astoria,500539,Host539,f,Queens,Astoria,40.721753,-73.809571,Entire home/apt,316.73,5,0,,0.0,2,7,$250-400,False,,Rarely Available
1004140,Entire home/apt in Astoria,500540,Host540,f,Queens,Astoria,40.749494,-73.814514,Entire home/apt,165.01,5,11,2025-02-23,0.29,1,0,$150-250,False,558.0,Rarely Available
1004141,Entire home/apt in Upper West Side,500541,Host541,f,Manhattan,Upper West Side,40.804052,-73.954254,Entire home/apt,443.72,2,0,,0.0,1,0,$400+,False,,Rarely Available
1004142,Private room in Bedford-Stuyvesant,500542,Host542,f,Brooklyn,Bedford-Stuyvesant,40.717441,-73.892323,Private room,42.89,2,53,2026-06-05,1.62,5,119,$0-75,False,91.0,Sometimes Available
1004143,Private room in Park Slope,500543,Host543,t,Brooklyn,Park Slope,40.686359,-73.936075,Private room,125.62,3,103,2026-06-30,3.3,3,238,$75-150,True,66.0,Highly Available
1004144,Private room in DUMBO,500544,Host544,f,Brooklyn,DUMBO,40.69513,-73.928708,Private room,146.31,30,3,2026-05-09,0.13,2,187,$75-150,False,118.0,Highly Available
1004145,Private room in Bedford-Stuyvesant,500545,Host545,f,Brooklyn,Bedford-Stuyvesant,40.66142,-73.924851,Private room,52.63,30,6,2026-06-08,0.15,1,91,$0-75,False,88.0,Sometimes Available
1004146,Private room in Hell's Kitchen,500546,Host546,f,Manhattan,Hell's Kitchen,40.748576,-73.975571,Private room,21.2,2,6,2026-04-20,0.25,3,106,$0-75,False,137.0,Sometimes Available
1004147,Entire home/apt in Greenpoint,500547,Host547,f,Brooklyn,Greenpoint,40.686513,-73.94059,Entire home/apt,93.46,2,6,2026-05-02,0.36,1,185,$75-150,False,125.0,Highly Available
1004148,Entire home/apt in Williamsburg,500548,Host548,f,Brooklyn,Williamsburg,40.700375,-73.952927,Entire home/apt,143.22,7,6,2026-07-30,0.18,1,108,$75-150,False,36.0,Sometimes Available
1004149,Entire home/apt in Ridgewood,500549,Host549,f,Queens,Ridgewood,40.725788,-73.813332,Entire home/apt,217.99,5,2,2026-03-20,0.04,2,20,$150-250,False,168.0,Rarely Available
1004150,Entire home/apt in Tottenville,500550,Host550,f,Staten Island,Tottenville,40.581099,-74.15075,Entire home/apt,153.92,2,36,2026-04-14,1.12,1,86,$150-250,False,143.0,Sometimes Available
1004151,Hotel room in Astoria,500551,Host551,f,Queens,Astoria,40.724877,-73.775533,Hotel room,222.52,30,0,,0.0,1,179,$150-250,False,,Sometimes Available
1004152,Private room in Long Island City,500552,Host552,f,Queens,Long Island City,40.70468,-73.7821,Private room,45.46,7,8,2026-05-17,0.24,2,203,$0-75,False,110.0,Highly Available
1004153,Private room in Crown Heights,500553,Host553,f,Brooklyn,Crown Heights,40.68676,-73.908514,Private room,84.72,5,37,2026-02-11,1.99,1,151,$75-150,False,205.0,Sometimes Available
1004154,Private room in Chelsea,500554,Host554,f,Manhattan,Chelsea,40.754242,-73.946961,Private room,81.4,14,21,2026-06-12,0.48,1,138,$75-150,False,84.0,Sometimes Available
1004155,Entire home/apt in Financial District,500555,Host555,f,Manhattan,Financial District,40.78898,-73.99303,Entire home/apt,309.16,1,17,2026-05-14,0.61,1,54,$250-400,False,113.0,Sometimes Available
1004156,Entire home/apt in Jamaica,500556,Host556,f,Queens,Jamaica,40.759072,-73.786089,Entire home/apt,266.87,3,64,2025-06-01,8.51,1,254,$250-400,False,460.0,Highly Available
1004157,Shared room in Long Island City,500557,Host557,f,Queens,Long Island City,40.709844,-73.79925,Shared room,86.07,5,17,2026-06-22,0.53,1,178,$75-150,False,74.0,Sometimes Available
1004158,Private room in Ridgewood,500558,Host558,f,Queens,Ridgewood,40.736778,-73.786057,Private room,110.37,3,8,2026-07-05,0.51,2,141,$75-150,False,61.0,Sometimes Available
1004159,Entire home/apt in Bedford-Stuyvesant,500559,Host559,f,Brooklyn,Bedford-Stuyvesant,40.673794,-73.954689,Entire home/apt,253.1,1,18,2026-04-24,1.0,1,36,$250-400,False,133.0,Sometimes Available
1004160,Shared room in Chelsea,500560,Host560,t,Manhattan,Chelsea,40.791202,-74.002922,Shared room,49.7,3,6,2026-04-18,0.16,1,230,$0-75,True,139.0,Highly Available
1004161,Private room in Midtown,500561,Host561,t,Manhattan,Midtown,40.730593,-73.9663,Private room,120.37,1,0,,0.0,3,42,$75-150,True,,Sometimes Available
1004162,Private room in Crown Heights,500562,Host562,f,Brooklyn,Crown Heights,40.659581,-73.933401,Private room,155.01,3,1,2025-10-30,0.04,1,137,$150-250,False,309.0,Sometimes Available
1004163,Private room in Hell's Kitchen,500563,Host563,f,Manhattan,Hell's Kitchen,40.789182,-73.984542,Private room,93.34,2,12,2026-07-09,0.67,1,243,$75-150,False,57.0,Highly Available
1004164,Private room in East Village,500564,Host564,f,Manhattan,East Village,40.779411,-73.95655,Private room,218.52,1,22,2026-03-21,0.5,1,8,$150-250,False,167.0,Rarely Available
1004165,Entire home/apt in Flushing,500565,Host565,f,Queens,Flushing,40.735257,-73.834372,Entire home/apt,78.65,5,25,2025-12-21,0.52,1,141,$75-150,False,257.0,Sometimes Available
1004166,Shared room in Long Island City,500566,Host566,f,Queens,Long Island City,40.741313,-73.77495,Shared room,30.52,7,10,2026-06-06,0.25,1,171,$0-75,False,90.0,Sometimes Available
1004167,Entire home/apt in Astoria,500567,Host567,f,Queens,Astoria,40.718223,-73.783783,Entire home/apt,132.99,2,2,2026-06-23,0.05,1,76,$75-150,False,73.0,Sometimes Available
1004168,Entire home/apt in Jamaica,500568,Host568,t,Queens,Jamaica,40.675412,-73.83009,Entire home/apt,59.65,1,80,2026-07-09,2.25,1,297,$0-75,True,57.0,Highly Available
1004169,Private room in Park Slope,500569,Host569,t,Brooklyn,Park Slope,40.71374,-73.957939,Private room,74.07,2,2,2026-05-25,0.13,1,114,$0-75,True,102.0,Sometimes Available
1004170,Entire home/apt in Midtown,500570,Host570,f,Manhattan,Midtown,40.742872,-73.977664,Entire home/apt,553.4843000000001,14,35,2026-05-01,0.86,1,200,$400+,False,126.0,Highly Available
1004171,Private room in Tottenville,500571,Host571,f,Staten Island,Tottenville,40.594401,-74.174794,Private room,37.3,3,56,2026-06-01,2.06,1,193,$0-75,False,95.0,Highly Available
1004172,Entire home/apt in Greenpoint,500572,Host572,f,Brooklyn,Greenpoint,40.657751,-73.945705,Entire home/apt,162.01,1,23,2026-04-17,0.51,1,250,$150-250,False,140.0,Highly Available
1004173,Entire home/apt in Crown Heights,500573,Host573,f,Brooklyn,Crown Heights,40.677037,-73.926165,Entire home/apt,97.71,1,37,2026-06-23,1.95,1,294,$75-150,False,73.0,Highly Available
1004174,Entire home/apt in Midtown,500574,Host574,f,Manhattan,Midtown,40.775652,-73.947792,Entire home/apt,159.96,1,41,2025-12-14,1.75,1,0,$150-250,False,264.0,Rarely Available
1004175,Entire home/apt in Astoria,500575,Host575,f,Queens,Astoria,40.723164,-73.786904,Entire home/apt,99.85,5,5,2026-07-10,0.45,10,0,$75-150,False,56.0,Rarely Available
1004176,Entire home/apt in Fordham,500576,Host576,f,Bronx,Fordham,40.84209,-73.867369,Entire home/apt,119.69,1,35,2026-02-16,2.09,1,234,$75-150,False,200.0,Highly Available
1004177,Private room in Jamaica,500577,Host577,f,Queens,Jamaica,40.698413,-73.820422,Private room,88.86,1,20,2026-06-22,1.4,1,240,$75-150,False,74.0,Highly Available
1004178,Entire home/apt in Bushwick,500578,Host578,t,Brooklyn,Bushwick,40.700197,-73.957761,Entire home/apt,168.4,1,10,2026-07-09,0.32,1,183,$150-250,True,57.0,Highly Available
1004179,Entire home/apt in Fordham,500579,Host579,f,Bronx,Fordham,40.829971,-73.911554,Entire home/apt,137.34,2,11,2026-06-01,0.55,1,74,$75-150,False,95.0,Sometimes Available
1004180,Private room in Ridgewood,500580,Host580,f,Queens,Ridgewood,40.660308,-73.793044,Private room,63.45,1,1,2025-10-19,0.05,1,68,$0-75,False,320.0,Sometimes Available
1004181,Private room in Bedford-Stuyvesant,500581,Host581,f,Brooklyn,Bedford-Stuyvesant,40.700176,-73.922943,Private room,161.83,7,3,2026-06-21,0.08,1,106,$150-250,False,75.0,Sometimes Available
1004182,Entire home/apt in DUMBO,500582,Host582,f,Brooklyn,DUMBO,40.65934,-73.933941,Entire home/apt,244.51,3,56,2025-01-06,5.32,1,179,$150-250,False,606.0,Sometimes Available
1004183,Shared room in Midtown,500583,Host583,f,Manhattan,Midtown,40.810952,-73.981824,Shared room,88.54,3,42,2026-02-27,1.16,2,244,$75-150,False,189.0,Highly Available
1004184,Entire home/apt in Hell's Kitchen,500584,Host584,f,Manhattan,Hell's Kitchen,40.790693,-73.953009,Entire home/apt,295.26,1,56,2026-02-09,1.75,1,365,$250-400,False,207.0,Highly Available
1004185,Entire home/apt in Astoria,500585,Host585,f,Queens,Astoria,40.707193,-73.795769,Entire home/apt,115.22,3,16,2026-08-01,0.44,1,205,$75-150,False,34.0,Highly Available
1004186,Private room in Mott Haven,500586,Host586,f,Bronx,Mott Haven,40.85195,-73.875487,Private room,50.73,5,48,2025-12-06,1.44,1,262,$0-75,False,272.0,Highly Available
1004187,Private room in Tottenville,500587,Host587,f,Staten Island,Tottenville,40.571574,-74.143612,Private room,72.4,1,50,2026-07-03,1.05,1,250,$0-75,False,63.0,Highly Available
1004188,Private room in DUMBO,500588,Host588,f,Brooklyn,DUMBO,40.724928,-73.925717,Private room,58.87,1,84,2026-03-22,1.96,1,0,$0-75,False,166.0,Rarely Available
1004189,Entire home/apt in Tottenville,500589,Host589,f,Staten Island,Tottenville,40.564555,-74.15448,Entire home/apt,125.43,7,51,2026-07-17,2.97,2,335,$75-150,False,49.0,Highly Available
1004190,Private room in Astoria,500590,Host590,f,Queens,Astoria,40.720815,-73.804822,Private room,40.25,2,62,2026-05-01,1.51,1,141,$0-75,False,126.0,Sometimes Available
1004191,Entire home/apt in Astoria,500591,Host591,f,Queens,Astoria,40.724555,-73.791674,Entire home/apt,136.87,2,5,2026-07-26,0.16,1,129,$75-150,False,40.0,Sometimes Available
1004192,Entire home/apt in Riverdale,500592,Host592,f,Bronx,Riverdale,40.845265,-73.923483,Entire home/apt,212.53,3,10,2025-10-05,0.59,3,4,$150-250,False,334.0,Rarely Available
1004193,Entire home/apt in Hell's Kitchen,500593,Host593,f,Manhattan,Hell's Kitchen,40.784202,-73.970739,Entire home/apt,553.4843000000001,7,3,2026-04-04,0.15,2,365,$400+,False,153.0,Highly Available
1004194,Entire home/apt in Ridgewood,500594,Host594,t,Queens,Ridgewood,40.745951,-73.801552,Entire home/apt,90.89,2,58,2026-02-23,5.52,1,0,$75-150,True,193.0,Rarely Available
1004195,Entire home/apt in Greenpoint,500595,Host595,f,Brooklyn,Greenpoint,40.69749,-73.971422,Entire home/apt,271.08,1,22,2026-07-27,0.6,1,114,$250-400,False,39.0,Sometimes Available
1004196,Private room in Bedford-Stuyvesant,500596,Host596,f,Brooklyn,Bedford-Stuyvesant,40.681572,-73.945815,Private room,51.09,7,15,2026-03-25,0.68,1,92,$0-75,False,163.0,Sometimes Available
1004197,Private room in Hell's Kitchen,500597,Host597,f,Manhattan,Hell's Kitchen,40.783002,-73.963474,Private room,271.91,1,16,2026-07-17,0.42,1,81,$250-400,False,49.0,Sometimes Available
1004198,Private room in Long Island City,500598,Host598,f,Queens,Long Island City,40.733694,-73.819195,Private room,55.99,7,1,2026-06-23,0.1,1,365,$0-75,False,73.0,Highly Available
1004199,Hotel room in Bedford-Stuyvesant,500599,Host599,f,Brooklyn,Bedford-Stuyvesant,40.669223,-73.933858,Hotel room,280.13,2,0,,0.0,1,14,$250-400,False,,Rarely Available
1004200,Entire home/apt in Harlem,500600,Host600,f,Manhattan,Harlem,40.756542,-73.990674,Entire home/apt,130.98,2,8,2026-07-13,0.27,1,37,$75-150,False,53.0,Sometimes Available
1004201,Entire home/apt in Crown Heights,500601,Host601,f,Brooklyn,Crown Heights,40.657592,-73.919087,Entire home/apt,113.84,1,3,2026-07-05,0.07,1,91,$75-150,False,61.0,Sometimes Available
1004202,Private room in Harlem,500602,Host602,f,Manhattan,Harlem,40.803289,-73.956697,Private room,110.03,1,7,2026-04-29,0.44,2,232,$75-150,False,128.0,Highly Available
1004203,Private room in Harlem,500603,Host603,f,Manhattan,Harlem,40.768996,-73.960462,Private room,152.68,1,17,2025-11-16,0.37,5,0,$150-250,False,292.0,Rarely Available
1004204,Entire home/apt in Crown Heights,500604,Host604,f,Brooklyn,Crown Heights,40.672783,-73.981886,Entire home/apt,269.27,1,22,2025-11-02,2.95,1,49,$250-400,False,306.0,Sometimes Available
1004205,Entire home/apt in Upper West Side,500605,Host605,f,Manhattan,Upper West Side,40.74492,-73.951177,Entire home/apt,248.02,1,16,2026-05-22,1.08,1,84,$150-250,False,105.0,Sometimes Available
1004206,Entire home/apt in Upper West Side,500606,Host606,f,Manhattan,Upper West Side,40.778496,-73.956026,Entire home/apt,162.41,5,3,2026-06-29,0.19,1,134,$150-250,False,67.0,Sometimes Available
1004207,Private room in Greenpoint,500607,Host607,f,Brooklyn,Greenpoint,40.685647,-73.965872,Private room,75.2,3,82,2026-06-06,2.39,1,120,$75-150,False,90.0,Sometimes Available
1004208,Shared room in Harlem,500608,Host608,f,Manhattan,Harlem,40.752985,-73.990002,Shared room,94.48,1,11,2026-05-29,0.56,1,320,$75-150,False,98.0,Highly Available
1004209,Entire home/apt in Riverdale,500609,Host609,f,Bronx,Riverdale,40.808065,-73.867208,Entire home/apt,130.66,1,1,2025-12-17,0.06,1,131,$75-150,False,261.0,Sometimes Available
1004210,Private room in Crown Heights,500610,Host610,f,Brooklyn,Crown Heights,40.669586,-73.966785,Private room,64.91,30,18,2026-04-12,0.5,1,205,$0-75,False,145.0,Highly Available
1004211,Private room in Upper West Side,500611,Host611,t,Manhattan,Upper West Side,40.757184,-73.971327,Private room,169.58,7,13,2026-06-23,2.07,1,365,$150-250,True,73.0,Highly Available
1004212,Entire home/apt in Ridgewood,500612,Host612,t,Queens,Ridgewood,40.733632,-73.776857,Entire home/apt,28.64,2,42,2026-03-15,3.86,1,161,$0-75,True,173.0,Sometimes Available
1004213,Entire home/apt in Greenpoint,500613,Host613,f,Brooklyn,Greenpoint,40.701266,-73.932071,Entire home/apt,127.3,1,10,2026-07-11,0.39,1,194,$75-150,False,55.0,Highly Available
1004214,Entire home/apt in Williamsburg,500614,Host614,t,Brooklyn,Williamsburg,40.66865,-73.906319,Entire home/apt,118.75,5,7,2026-03-16,0.7,1,162,$75-150,True,172.0,Sometimes Available
1004215,Private room in Ridgewood,500615,Host615,f,Queens,Ridgewood,40.708695,-73.819199,Private room,83.24,30,4,2026-07-20,0.11,1,117,$75-150,False,46.0,Sometimes Available
1004216,Entire home/apt in Bedford-Stuyvesant,500616,Host616,t,Brooklyn,Bedford-Stuyvesant,40.655864,-73.974738,Entire home/apt,138.1,30,42,2026-05-14,2.56,1,274,$75-150,True,113.0,Highly Available
1004217,Entire home/apt in Bedford-Stuyvesant,500617,Host617,t,Brooklyn,Bedford-Stuyvesant,40.682414,-73.921599,Entire home/apt,75.53,2,40,2026-05-21,5.32,1,0,$75-150,True,106.0,Rarely Available
1004218,Entire home/apt in Williamsburg,500618,Host618,f,Brooklyn,Williamsburg,40.731704,-73.918045,Entire home/apt,218.35,2,12,2026-05-13,0.26,1,314,$150-250,False,114.0,Highly Available
1004219,Entire home/apt in East Village,500619,Host619,f,Manhattan,East Village,40.770687,-73.980659,Entire home/apt,240.19,1,24,2025-06-18,1.2,1,45,$150-250,False,443.0,Sometimes Available
1004220,Entire home/apt in Chelsea,500620,Host620,f,Manhattan,Chelsea,40.766536,-73.988151,Entire home/apt,128.57,7,12,2026-06-16,0.53,1,146,$75-150,False,80.0,Sometimes Available
1004221,Entire home/apt in Mott Haven,500621,Host621,f,Bronx,Mott Haven,40.857702,-73.922063,Entire home/apt,29.72,14,24,2025-08-22,1.3,1,134,$0-75,False,378.0,Sometimes Available
1004222,Entire home/apt in Flushing,500622,Host622,f,Queens,Flushing,40.704286,-73.789335,Entire home/apt,121.99,2,11,2026-05-30,0.24,2,0,$75-150,False,97.0,Rarely Available
1004223,Entire home/apt in Riverdale,500623,Host623,f,Bronx,Riverdale,40.801367,-73.871722,Entire home/apt,80.36,3,43,2025-01-13,1.46,1,231,$75-150,False,599.0,Highly Available
1004224,Private room in Financial District,500624,Host624,f,Manhattan,Financial District,40.788265,-73.940314,Private room,130.51,30,37,2026-04-07,0.9,5,17,$75-150,False,150.0,Rarely Available
1004225,Private room in Bedford-Stuyvesant,500625,Host625,f,Brooklyn,Bedford-Stuyvesant,40.674816,-73.952414,Private room,30.92,3,46,2025-06-17,6.27,1,239,$0-75,False,444.0,Highly Available
1004226,Private room in Midtown,500626,Host626,f,Manhattan,Midtown,40.75988,-73.979155,Private room,320.06,1,35,2026-02-17,0.9,3,217,$250-400,False,199.0,Highly Available
1004227,Private room in St. George,500627,Host627,f,Staten Island,St. George,40.563224,-74.138893,Private room,87.75,1,11,2026-03-09,0.23,1,201,$75-150,False,179.0,Highly Available
1004228,Entire home/apt in Bedford-Stuyvesant,500628,Host628,f,Brooklyn,Bedford-Stuyvesant,40.713765,-73.934729,Entire home/apt,553.4843000000001,2,17,2026-07-08,1.01,1,194,$400+,False,58.0,Highly Available
1004229,Private room in Hell's Kitchen,500629,Host629,f,Manhattan,Hell's Kitchen,40.778526,-73.957692,Private room,85.66,1,83,2026-06-10,4.54,3,170,$75-150,False,86.0,Sometimes Available
1004230,Entire home/apt in Long Island City,500630,Host630,f,Queens,Long Island City,40.718327,-73.783938,Entire home/apt,142.44,3,26,2026-06-16,0.9,1,124,$75-150,False,80.0,Sometimes Available
1004231,Entire home/apt in Upper West Side,500631,Host631,f,Manhattan,Upper West Side,40.804788,-73.947709,Entire home/apt,223.45,1,1,2026-06-18,0.06,1,207,$150-250,False,78.0,Highly Available
1004232,Private room in Bushwick,500632,Host632,t,Brooklyn,Bushwick,40.659165,-73.920227,Private room,92.56,2,44,2026-07-11,0.98,1,242,$75-150,True,55.0,Highly Available
1004233,Private room in Jamaica,500633,Host633,f,Queens,Jamaica,40.724671,-73.812248,Private room,98.75,2,22,2026-04-30,0.47,1,294,$75-150,False,127.0,Highly Available
1004234,Entire home/apt in Harlem,500634,Host634,t,Manhattan,Harlem,40.780875,-73.970285,Entire home/apt,107.07,3,6,2026-06-13,0.19,3,0,$75-150,True,83.0,Rarely Available
1004235,Entire home/apt in DUMBO,500635,Host635,f,Brooklyn,DUMBO,40.632233,-73.933846,Entire home/apt,116.29,5,31,2026-04-09,1.6,3,227,$75-150,False,148.0,Highly Available
1004236,Private room in Riverdale,500636,Host636,f,Bronx,Riverdale,40.811158,-73.906579,Private room,37.66,3,102,2026-05-28,2.74,1,234,$0-75,False,99.0,Highly Available
1004237,Entire home/apt in Long Island City,500637,Host637,f,Queens,Long Island City,40.734469,-73.816173,Entire home/apt,97.74,1,16,2026-05-13,0.52,1,147,$75-150,False,114.0,Sometimes Available
1004238,Entire home/apt in Bushwick,500638,Host638,f,Brooklyn,Bushwick,40.67054,-73.927673,Entire home/apt,234.11,1,16,2026-06-08,0.64,1,165,$150-250,False,88.0,Sometimes Available
1004239,Entire home/apt in Williamsburg,500639,Host639,t,Brooklyn,Williamsburg,40.679428,-73.991472,Entire home/apt,303.8,5,15,2025-06-20,1.98,1,235,$250-400,True,441.0,Highly Available
1004240,Private room in Upper West Side,500640,Host640,f,Manhattan,Upper West Side,40.805312,-73.959391,Private room,160.5,1,63,2026-05-15,9.36,1,114,$150-250,False,112.0,Sometimes Available
1004241,Private room in Hell's Kitchen,500641,Host641,f,Manhattan,Hell's Kitchen,40.784972,-73.954467,Private room,214.27,1,36,2026-06-09,2.34,2,245,$150-250,False,87.0,Highly Available
1004242,Private room in Williamsburg,500642,Host642,f,Brooklyn,Williamsburg,40.66974,-73.977152,Private room,97.14,1,71,2025-11-09,2.7,1,167,$75-150,False,299.0,Sometimes Available
1004243,Entire home/apt in Riverdale,500643,Host643,f,Bronx,Riverdale,40.811475,-73.87711,Entire home/apt,55.53,1,0,,0.0,1,271,$0-75,False,,Highly Available
1004244,Entire home/apt in Crown Heights,500644,Host644,f,Brooklyn,Crown Heights,40.702262,-73.933263,Entire home/apt,124.03,2,16,2026-07-17,1.54,1,154,$75-150,False,49.0,Sometimes Available
1004245,Entire home/apt in East Village,500645,Host645,f,Manhattan,East Village,40.751026,-73.973677,Entire home/apt,216.27,5,49,2026-01-20,2.5,1,139,$150-250,False,227.0,Sometimes Available
1004246,Private room in Bedford-Stuyvesant,500646,Host646,f,Brooklyn,Bedford-Stuyvesant,40.665534,-73.988733,Private room,166.76,5,9,2026-05-05,0.21,1,0,$150-250,False,122.0,Rarely Available
1004247,Private room in DUMBO,500647,Host647,f,Brooklyn,DUMBO,40.705637,-73.956024,Private room,68.98,7,26,2026-06-28,1.01,5,173,$0-75,False,68.0,Sometimes Available
1004248,Entire home/apt in Midtown,500648,Host648,f,Manhattan,Midtown,40.777461,-73.96675,Entire home/apt,137.36,1,66,2025-11-29,1.77,1,115,$75-150,False,279.0,Sometimes Available
1004249,Entire home/apt in Hell's Kitchen,500649,Host649,t,Manhattan,Hell's Kitchen,40.792401,-73.94639,Entire home/apt,375.51,3,36,2025-10-26,2.12,5,281,$250-400,True,313.0,Highly Available
1004250,Entire home/apt in East Village,500650,Host650,f,Manhattan,East Village,40.768264,-73.935941,Entire home/apt,122.82,2,17,2026-05-14,0.46,1,262,$75-150,False,113.0,Highly Available
1004251,Entire home/apt in Bushwick,500651,Host651,t,Brooklyn,Bushwick,40.680122,-73.957101,Entire home/apt,137.78,1,38,2026-05-26,1.64,1,0,$75-150,True,101.0,Rarely Available
1004252,Entire home/apt in Williamsburg,500652,Host652,t,Brooklyn,Williamsburg,40.739536,-73.959258,Entire home/apt,167.16,1,7,2026-07-19,0.18,1,181,$150-250,True,47.0,Highly Available
1004253,Entire home/apt in Astoria,500653,Host653,f,Queens,Astoria,40.732152,-73.772019,Entire home/apt,73.59,2,0,,0.0,1,195,$0-75,False,,Highly Available
1004254,Entire home/apt in Upper West Side,500654,Host654,f,Manhattan,Upper West Side,40.759804,-73.971504,Entire home/apt,210.58,1,1,2026-05-27,0.06,1,0,$150-250,False,100.0,Rarely Available
1004255,Private room in Greenpoint,500655,Host655,f,Brooklyn,Greenpoint,40.646702,-73.930069,Private room,67.74,5,10,2025-11-27,0.29,2,113,$0-75,False,281.0,Sometimes Available
1004256,Entire home/apt in Financial District,500656,Host656,f,Manhattan,Financial District,40.759386,-73.964157,Entire home/apt,128.71,3,14,2026-04-28,0.4,1,38,$75-150,False,129.0,Sometimes Available
1004257,Entire home/apt in Bedford-Stuyvesant,500657,Host657,t,Brooklyn,Bedford-Stuyvesant,40.708781,-73.940871,Entire home/apt,257.47,3,9,2026-03-22,0.51,1,172,$250-400,True,166.0,Sometimes Available
1004258,Entire home/apt in Harlem,500658,Host658,f,Manhattan,Harlem,40.784892,-73.986205,Entire home/apt,351.79,2,9,2026-07-31,0.28,1,29,$250-400,False,35.0,Rarely Available
1004259,Entire home/apt in Riverdale,500659,Host659,f,Bronx,Riverdale,40.866268,-73.87226,Entire home/apt,64.75,7,9,2026-05-01,0.43,1,49,$0-75,False,126.0,Sometimes Available
1004260,Entire home/apt in Greenpoint,500660,Host660,t,Brooklyn,Greenpoint,40.684946,-73.943089,Entire home/apt,189.53,14,39,2026-03-20,2.05,1,307,$150-250,True,168.0,Highly Available
1004261,Private room in East Village,500661,Host661,t,Manhattan,East Village,40.781568,-73.963287,Private room,86.84,2,11,2026-03-03,0.3,1,46,$75-150,True,185.0,Sometimes Available
1004262,Private room in Financial District,500662,Host662,f,Manhattan,Financial District,40.786974,-73.959736,Private room,156.34,5,5,2025-07-25,0.23,1,175,$150-250,False,406.0,Sometimes Available
1004263,Entire home/apt in Greenpoint,500663,Host663,f,Brooklyn,Greenpoint,40.678496,-73.893455,Entire home/apt,211.96,5,59,2026-07-10,1.7,1,258,$150-250,False,56.0,Highly Available
1004264,Entire home/apt in Upper West Side,500664,Host664,f,Manhattan,Upper West Side,40.763829,-73.941644,Entire home/apt,357.46,1,16,2026-04-04,0.86,1,89,$250-400,False,153.0,Sometimes Available
1004265,Entire home/apt in Upper West Side,500665,Host665,f,Manhattan,Upper West Side,40.778024,-73.943283,Entire home/apt,243.33,30,2,2026-03-14,0.08,1,116,$150-250,False,174.0,Sometimes Available
1004266,Hotel room in DUMBO,500666,Host666,f,Brooklyn,DUMBO,40.683301,-73.936065,Hotel room,290.89,2,0,,0.0,1,0,$250-400,False,,Rarely Available
1004267,Entire home/apt in Greenpoint,500667,Host667,t,Brooklyn,Greenpoint,40.680403,-73.921856,Entire home/apt,172.85,1,44,2025-09-29,7.32,3,139,$150-250,True,340.0,Sometimes Available
1004268,Entire home/apt in Jamaica,500668,Host668,f,Queens,Jamaica,40.73358,-73.788075,Entire home/apt,61.33,2,29,2025-09-06,1.77,1,219,$0-75,False,363.0,Highly Available
1004269,Private room in Astoria,500669,Host669,t,Queens,Astoria,40.760046,-73.787341,Private room,93.16,3,87,2026-02-27,2.53,2,217,$75-150,True,189.0,Highly Available
1004270,Private room in Crown Heights,500670,Host670,f,Brooklyn,Crown Heights,40.637748,-73.936354,Private room,174.3,3,53,2025-12-12,4.39,2,64,$150-250,False,266.0,Sometimes Available
1004271,Private room in Fordham,500671,Host671,f,Bronx,Fordham,40.862534,-73.908356,Private room,54.37,7,22,2026-07-01,0.47,1,89,$0-75,False,65.0,Sometimes Available
1004272,Private room in Park Slope,500672,Host672,f,Brooklyn,Park Slope,40.697077,-73.959511,Private room,174.85,3,10,2026-04-30,0.25,1,45,$150-250,False,127.0,Sometimes Available
1004273,Entire home/apt in DUMBO,500673,Host673,f,Brooklyn,DUMBO,40.685172,-73.968608,Entire home/apt,148.79,1,51,2026-07-28,1.41,1,279,$75-150,False,38.0,Highly Available
1004274,Private room in Greenpoint,500674,Host674,f,Brooklyn,Greenpoint,40.705482,-73.94698,Private room,28.14,1,42,2026-07-07,1.79,1,76,$0-75,False,59.0,Sometimes Available
1004275,Entire home/apt in Upper West Side,500675,Host675,t,Manhattan,Upper West Side,40.78478,-73.959443,Entire home/apt,39.65,1,7,2026-04-16,1.01,1,0,$0-75,True,141.0,Rarely Available
1004276,Entire home/apt in Long Island City,500676,Host676,t,Queens,Long Island City,40.72684,-73.787374,Entire home/apt,206.08,1,52,2026-07-10,2.15,2,110,$150-250,True,56.0,Sometimes Available
1004277,Private room in Flushing,500677,Host677,f,Queens,Flushing,40.757294,-73.804465,Private room,97.47,1,57,2026-04-27,1.3,1,55,$75-150,False,130.0,Sometimes Available
1004278,Entire home/apt in Ridgewood,500678,Host678,f,Queens,Ridgewood,40.710828,-73.812749,Entire home/apt,124.67,1,0,,0.0,2,303,$75-150,False,,Highly Available
1004279,Private room in Riverdale,500679,Host679,f,Bronx,Riverdale,40.819312,-73.829444,Private room,55.34,3,56,2026-04-08,1.36,2,263,$0-75,False,149.0,Highly Available
1004280,Private room in Ridgewood,500680,Host680,t,Queens,Ridgewood,40.684858,-73.794642,Private room,172.16,1,22,2026-04-27,0.73,1,182,$150-250,True,130.0,Highly Available
1004281,Shared room in Ridgewood,500681,Host681,f,Queens,Ridgewood,40.742733,-73.784049,Shared room,31.11,1,30,2026-06-07,2.04,1,0,$0-75,False,89.0,Rarely Available
1004282,Hotel room in DUMBO,500682,Host682,f,Brooklyn,DUMBO,40.662053,-73.924423,Hotel room,119.12,1,26,2025-09-11,0.83,5,278,$75-150,False,358.0,Highly Available
1004283,Private room in Harlem,500683,Host683,f,Manhattan,Harlem,40.78901,-73.98402,Private room,217.78,7,42,2026-07-08,3.78,1,272,$150-250,False,58.0,Highly Available
1004284,Private room in Bushwick,500684,Host684,f,Brooklyn,Bushwick,40.669486,-73.920144,Private room,169.3,1,32,2026-07-11,1.38,1,31,$150-250,False,55.0,Sometimes Available
1004285,Private room in Riverdale,500685,Host685,t,Bronx,Riverdale,40.835316,-73.877384,Private room,66.5,3,38,2026-03-29,2.33,5,162,$0-75,True,159.0,Sometimes Available
1004286,Entire home/apt in Long Island City,500686,Host686,f,Queens,Long Island City,40.724353,-73.82404,Entire home/apt,76.07,5,5,2026-06-23,0.52,1,31,$75-150,False,73.0,Sometimes Available
1004287,Private room in Flushing,500687,Host687,f,Queens,Flushing,40.725996,-73.820864,Private room,42.21,2,22,2026-06-28,0.63,1,336,$0-75,False,68.0,Highly Available
1004288,Private room in Long Island City,500688,Host688,f,Queens,Long Island City,40.717812,-73.799986,Private room,70.3,30,43,2026-06-28,0.95,1,220,$0-75,False,68.0,Highly Available
1004289,Private room in Hell's Kitchen,500689,Host689,f,Manhattan,Hell's Kitchen,40.796236,-73.974444,Private room,51.86,1,46,2025-12-07,1.02,1,15,$0-75,False,271.0,Rarely Available
1004290,Entire home/apt in DUMBO,500690,Host690,f,Brooklyn,DUMBO,40.674142,-73.925367,Entire home/apt,135.62,3,56,2026-03-11,4.11,1,263,$75-150,False,177.0,Highly Available
1004291,Entire home/apt in Fordham,500691,Host691,f,Bronx,Fordham,40.86814,-73.912209,Entire home/apt,80.75,7,30,2026-03-15,1.56,3,102,$75-150,False,173.0,Sometimes Available
1004292,Private room in Harlem,500692,Host692,f,Manhattan,Harlem,40.754441,-73.964964,Private room,121.53,3,29,2026-04-03,1.65,1,157,$75-150,False,154.0,Sometimes Available
1004293,Private room in Upper West Side,500693,Host693,f,Manhattan,Upper West Side,40.758422,-73.978655,Private room,105.79,14,36,2026-06-23,0.91,1,83,$75-150,False,73.0,Sometimes Available
1004294,Private room in Harlem,500694,Host694,f,Manhattan,Harlem,40.771558,-73.927683,Private room,386.55,1,6,2025-09-19,0.14,1,106,$250-400,False,350.0,Sometimes Available
1004295,Entire home/apt in Park Slope,500695,Host695,f,Brooklyn,Park Slope,40.685075,-73.945293,Entire home/apt,59.25,3,1,2026-01-24,0.03,1,127,$0-75,False,223.0,Sometimes Available
1004296,Entire home/apt in Crown Heights,500696,Host696,f,Brooklyn,Crown Heights,40.683314,-73.951718,Entire home/apt,162.63,1,12,2025-11-12,0.78,1,199,$150-250,False,296.0,Highly Available
1004297,Hotel room in Chelsea,500697,Host697,t,Manhattan,Chelsea,40.811146,-73.960464,Hotel room,389.34,1,23,2026-04-25,1.45,1,134,$250-400,True,132.0,Sometimes Available
1004298,Private room in Financial District,500698,Host698,f,Manhattan,Financial District,40.738047,-73.982572,Private room,140.26,1,1,2026-03-04,0.04,1,174,$75-150,False,184.0,Sometimes Available
1004299,Private room in Riverdale,500699,Host699,f,Bronx,Riverdale,40.799028,-73.864393,Private room,41.86,1,94,2026-06-30,9.79,1,164,$0-75,False,66.0,Sometimes Available
1004300,Shared room in Harlem,500700,Host700,f,Manhattan,Harlem,40.764272,-73.998897,Shared room,83.32,3,34,2026-02-08,1.13,1,158,$75-150,False,208.0,Sometimes Available
1004301,Private room in Astoria,500701,Host701,f,Queens,Astoria,40.740407,-73.810344,Private room,57.51,1,50,2026-03-20,1.08,1,0,$0-75,False,168.0,Rarely Available
1004302,Private room in DUMBO,500702,Host702,f,Brooklyn,DUMBO,40.673903,-73.928456,Private room,53.78,1,8,2026-01-26,0.25,10,128,$0-75,False,221.0,Sometimes Available
1004303,Private room in Midtown,500703,Host703,f,Manhattan,Midtown,40.768085,-73.980777,Private room,26.45,5,14,2026-04-27,1.38,1,128,$0-75,False,130.0,Sometimes Available
1004304,Entire home/apt in DUMBO,500704,Host704,f,Brooklyn,DUMBO,40.672378,-73.931382,Entire home/apt,138.82,3,15,2026-04-24,0.33,3,72,$75-150,False,133.0,Sometimes Available
1004305,Entire home/apt in Williamsburg,500705,Host705,f,Brooklyn,Williamsburg,40.675671,-73.921675,Entire home/apt,111.7,1,40,2026-04-24,0.92,10,153,$75-150,False,133.0,Sometimes Available
1004306,Entire home/apt in Bushwick,500706,Host706,f,Brooklyn,Bushwick,40.699078,-73.956371,Entire home/apt,109.65,2,2,2026-06-27,0.23,1,129,$75-150,False,69.0,Sometimes Available
1004307,Entire home/apt in Fordham,500707,Host707,f,Bronx,Fordham,40.816483,-73.869893,Entire home/apt,66.65,7,2,2026-07-09,0.23,1,45,$0-75,False,57.0,Sometimes Available
1004308,Entire home/apt in Bedford-Stuyvesant,500708,Host708,f,Brooklyn,Bedford-Stuyvesant,40.666964,-73.945135,Entire home/apt,253.97,1,39,2025-10-02,1.06,1,178,$250-400,False,337.0,Sometimes Available
1004309,Entire home/apt in Bedford-Stuyvesant,500709,Host709,f,Brooklyn,Bedford-Stuyvesant,40.712594,-73.972982,Entire home/apt,152.87,5,3,2026-05-02,0.08,1,90,$150-250,False,125.0,Sometimes Available
1004310,Private room in Tottenville,500710,Host710,f,Staten Island,Tottenville,40.552722,-74.197809,Private room,26.99,3,31,2025-06-02,0.71,1,134,$0-75,False,459.0,Sometimes Available
1004311,Private room in Financial District,500711,Host711,f,Manhattan,Financial District,40.781519,-73.95877,Private room,415.67,5,2,2026-06-18,0.17,1,302,$400+,False,78.0,Highly Available
1004312,Shared room in Harlem,500712,Host712,t,Manhattan,Harlem,40.745636,-73.952301,Shared room,142.99,2,8,2026-05-04,1.05,1,178,$75-150,True,123.0,Sometimes Available
1004313,Entire home/apt in Ridgewood,500713,Host713,f,Queens,Ridgewood,40.715423,-73.791396,Entire home/apt,121.82,2,16,2026-06-13,1.29,1,112,$75-150,False,83.0,Sometimes Available
1004314,Shared room in Midtown,500714,Host714,f,Manhattan,Midtown,40.791991,-73.979089,Shared room,167.85,5,9,2026-03-13,1.02,5,104,$150-250,False,175.0,Sometimes Available
1004315,Entire home/apt in St. George,500715,Host715,t,Staten Island,St. George,40.594389,-74.176627,Entire home/apt,219.33,3,34,2026-01-25,3.26,1,0,$150-250,True,222.0,Rarely Available
1004316,Entire home/apt in Bedford-Stuyvesant,500716,Host716,t,Brooklyn,Bedford-Stuyvesant,40.650375,-73.93139,Entire home/apt,219.05,14,37,2026-06-09,0.83,1,17,$150-250,True,87.0,Rarely Available
1004317,Entire home/apt in Bushwick,500717,Host717,f,Brooklyn,Bushwick,40.687633,-73.946831,Entire home/apt,227.49,1,7,2026-05-31,0.21,1,166,$150-250,False,96.0,Sometimes Available
1004318,Shared room in Financial District,500718,Host718,t,Manhattan,Financial District,40.756409,-73.969794,Shared room,159.23,1,25,2025-11-24,0.63,10,98,$150-250,True,284.0,Sometimes Available
1004319,Private room in Ridgewood,500719,Host719,t,Queens,Ridgewood,40.755769,-73.795147,Private room,90.24,1,1,2026-07-02,0.04,1,62,$75-150,True,64.0,Sometimes Available
1004320,Entire home/apt in Mott Haven,500720,Host720,f,Bronx,Mott Haven,40.825073,-73.869704,Entire home/apt,104.08,14,12,2026-07-02,0.37,2,190,$75-150,False,64.0,Highly Available
1004321,Entire home/apt in Ridgewood,500721,Host721,t,Queens,Ridgewood,40.749011,-73.808433,Entire home/apt,44.41,5,42,2026-03-20,4.99,1,192,$0-75,True,168.0,Highly Available
1004322,Entire home/apt in Hell's Kitchen,500722,Host722,f,Manhattan,Hell's Kitchen,40.732263,-73.946899,Entire home/apt,471.17,5,17,2025-12-12,0.46,1,146,$400+,False,266.0,Sometimes Available
1004323,Entire home/apt in Financial District,500723,Host723,t,Manhattan,Financial District,40.759584,-74.008325,Entire home/apt,278.99,1,21,2026-02-19,0.57,1,238,$250-400,True,197.0,Highly Available
1004324,Hotel room in DUMBO,500724,Host724,f,Brooklyn,DUMBO,40.678642,-73.968732,Hotel room,423.45,1,94,2026-05-18,5.2,1,172,$400+,False,109.0,Sometimes Available
1004325,Private room in Financial District,500725,Host725,f,Manhattan,Financial District,40.748898,-73.975853,Private room,81.84,3,1,2026-07-13,0.15,5,174,$75-150,False,53.0,Sometimes Available
1004326,Shared room in Hell's Kitchen,500726,Host726,t,Manhattan,Hell's Kitchen,40.769543,-73.974406,Shared room,107.93,14,27,2025-03-09,0.9,1,52,$75-150,True,544.0,Sometimes Available
1004327,Shared room in Bedford-Stuyvesant,500727,Host727,f,Brooklyn,Bedford-Stuyvesant,40.701819,-73.925678,Shared room,87.03,2,9,2026-07-20,0.27,1,213,$75-150,False,46.0,Highly Available
1004328,Entire home/apt in Upper West Side,500728,Host728,t,Manhattan,Upper West Side,40.773993,-73.966113,Entire home/apt,230.42,2,0,,0.0,1,47,$150-250,True,,Sometimes Available
1004329,Private room in Jamaica,500729,Host729,t,Queens,Jamaica,40.735252,-73.794591,Private room,64.24,2,2,2026-02-22,0.04,3,142,$0-75,True,194.0,Sometimes Available
1004330,Entire home/apt in East Village,500730,Host730,f,Manhattan,East Village,40.802463,-73.967488,Entire home/apt,462.96,3,34,2026-08-01,0.75,1,143,$400+,False,34.0,Sometimes Available
1004331,Private room in Jamaica,500731,Host731,f,Queens,Jamaica,40.740187,-73.78779,Private room,112.01,1,5,2026-01-26,0.19,1,158,$75-150,False,221.0,Sometimes Available
1004332,Entire home/apt in Greenpoint,500732,Host732,t,Brooklyn,Greenpoint,40.678407,-73.939353,Entire home/apt,58.16,1,127,2026-07-21,2.76,5,236,$0-75,True,45.0,Highly Available
1004333,Private room in Ridgewood,500733,Host733,t,Queens,Ridgewood,40.755831,-73.803409,Private room,119.74,1,16,2026-06-14,0.84,1,213,$75-150,True,82.0,Highly Available
1004334,Private room in Harlem,500734,Host734,f,Manhattan,Harlem,40.778191,-73.971265,Private room,212.36,1,15,2025-08-29,0.45,2,213,$150-250,False,371.0,Highly Available
1004335,Entire home/apt in DUMBO,500735,Host735,t,Brooklyn,DUMBO,40.661084,-73.939374,Entire home/apt,410.43,3,4,2026-06-04,0.15,1,0,$400+,True,92.0,Rarely Available
1004336,Entire home/apt in Upper West Side,500736,Host736,t,Manhattan,Upper West Side,40.753602,-73.960639,Entire home/apt,81.18,2,39,2026-07-26,3.2,1,185,$75-150,True,40.0,Highly Available
1004337,Private room in Williamsburg,500737,Host737,f,Brooklyn,Williamsburg,40.687321,-73.9475,Private room,53.64,1,6,2026-07-31,0.29,1,334,$0-75,False,35.0,Highly Available
1004338,Private room in Financial District,500738,Host738,f,Manhattan,Financial District,40.78016,-73.983027,Private room,24.56,3,29,2024-11-23,0.79,2,224,$0-75,False,650.0,Highly Available
1004339,Entire home/apt in St. George,500739,Host739,f,Staten Island,St. George,40.581701,-74.158505,Entire home/apt,219.03,2,72,2026-04-10,2.27,2,270,$150-250,False,147.0,Highly Available
1004340,Entire home/apt in Crown Heights,500740,Host740,f,Brooklyn,Crown Heights,40.689048,-73.935536,Entire home/apt,256.05,2,29,2026-03-17,1.35,1,100,$250-400,False,171.0,Sometimes Available
1004341,Private room in Upper West Side,500741,Host741,t,Manhattan,Upper West Side,40.768815,-73.940715,Private room,296.42,14,28,2026-01-23,2.35,1,115,$250-400,True,224.0,Sometimes Available
1004342,Entire home/apt in Crown Heights,500742,Host742,f,Brooklyn,Crown Heights,40.671099,-73.989173,Entire home/apt,510.33,3,12,2026-05-25,0.51,1,166,$400+,False,102.0,Sometimes Available
1004343,Private room in Hell's Kitchen,500743,Host743,f,Manhattan,Hell's Kitchen,40.75007,-73.98171,Private room,102.69,2,7,2025-03-13,0.22,1,44,$75-150,False,540.0,Sometimes Available
1004344,Shared room in Riverdale,500744,Host744,f,Bronx,Riverdale,40.867076,-73.892655,Shared room,29.52,5,0,,0.0,2,273,$0-75,False,,Highly Available
1004345,Shared room in Park Slope,500745,Host745,f,Brooklyn,Park Slope,40.685794,-73.934969,Shared room,136.86,1,37,2026-04-18,1.6,1,58,$75-150,False,139.0,Sometimes Available
1004346,Entire home/apt in Long Island City,500746,Host746,t,Queens,Long Island City,40.72776,-73.825561,Entire home/apt,153.86,7,61,2026-05-02,1.36,1,241,$150-250,True,125.0,Highly Available
1004347,Private room in Bedford-Stuyvesant,500747,Host747,f,Brooklyn,Bedford-Stuyvesant,40.652614,-73.950269,Private room,23.28,1,7,2025-12-15,0.69,1,0,$0-75,False,263.0,Rarely Available
1004348,Private room in Flushing,500748,Host748,f,Queens,Flushing,40.728869,-73.795895,Private room,52.96,2,51,2026-07-20,5.67,1,0,$0-75,False,46.0,Rarely Available
1004349,Private room in Upper West Side,500749,Host749,f,Manhattan,Upper West Side,40.762654,-73.958498,Private room,104.62,14,1,2026-04-26,0.08,5,150,$75-150,False,131.0,Sometimes Available
1004350,Entire home/apt in Midtown,500750,Host750,f,Manhattan,Midtown,40.780781,-73.970185,Entire home/apt,307.54,1,56,2026-08-01,2.25,5,0,$250-400,False,34.0,Rarely Available
1004351,Private room in Greenpoint,500751,Host751,f,Brooklyn,Greenpoint,40.649401,-73.948386,Private room,119.72,2,6,2026-07-13,0.13,1,66,$75-150,False,53.0,Sometimes Available
1004352,Entire home/apt in East Village,500752,Host752,t,Manhattan,East Village,40.771773,-73.975906,Entire home/apt,477.44,2,0,,0.0,5,231,$400+,True,,Highly Available
1004353,Private room in Riverdale,500753,Host753,f,Bronx,Riverdale,40.844433,-73.881757,Private room,45.09,1,3,2025-11-01,0.27,1,195,$0-75,False,307.0,Highly Available
1004354,Private room in Bedford-Stuyvesant,500754,Host754,f,Brooklyn,Bedford-Stuyvesant,40.694037,-73.941828,Private room,82.64,1,123,2026-07-14,3.39,1,104,$75-150,False,52.0,Sometimes Available
1004355,Private room in St. George,500755,Host755,f,Staten Island,St. George,40.565625,-74.159504,Private room,56.21,1,41,2026-04-11,1.12,1,140,$0-75,False,146.0,Sometimes Available
1004356,Entire home/apt in Park Slope,500756,Host756,f,Brooklyn,Park Slope,40.695622,-73.949424,Entire home/apt,180.72,1,1,2026-05-16,0.03,1,266,$150-250,False,111.0,Highly Available
1004357,Entire home/apt in Bedford-Stuyvesant,500757,Host757,t,Brooklyn,Bedford-Stuyvesant,40.647591,-73.953264,Entire home/apt,111.56,3,12,2026-07-12,0.97,1,128,$75-150,True,54.0,Sometimes Available
1004358,Private room in Riverdale,500758,Host758,f,Bronx,Riverdale,40.848011,-73.903381,Private room,96.16,7,13,2026-03-22,0.62,1,0,$75-150,False,166.0,Rarely Available
1004359,Private room in East Village,500759,Host759,f,Manhattan,East Village,40.788006,-73.957318,Private room,67.86,14,4,2026-05-18,0.23,1,0,$0-75,False,109.0,Rarely Available
1004360,Entire home/apt in Park Slope,500760,Host760,f,Brooklyn,Park Slope,40.67976,-73.971981,Entire home/apt,106.09,30,21,2026-07-27,0.48,1,3,$75-150,False,39.0,Rarely Available
1004361,Entire home/apt in Bushwick,500761,Host761,t,Brooklyn,Bushwick,40.689876,-73.947727,Entire home/apt,227.7,3,6,2026-04-01,0.13,1,200,$150-250,True,156.0,Highly Available
1004362,Private room in Park Slope,500762,Host762,f,Brooklyn,Park Slope,40.689504,-73.922921,Private room,174.45,2,2,2026-03-23,0.12,2,170,$150-250,False,165.0,Sometimes Available
1004363,Private room in Flushing,500763,Host763,f,Queens,Flushing,40.737059,-73.808551,Private room,41.69,1,17,2026-07-16,0.76,1,254,$0-75,False,50.0,Highly Available
1004364,Entire home/apt in East Village,500764,Host764,f,Manhattan,East Village,40.786647,-73.989943,Entire home/apt,254.47,5,31,2026-03-25,0.7,1,56,$250-400,False,163.0,Sometimes Available
1004365,Entire home/apt in Bushwick,500765,Host765,t,Brooklyn,Bushwick,40.707942,-73.92284,Entire home/apt,115.09,2,48,2026-06-03,1.24,1,261,$75-150,True,93.0,Highly Available
1004366,Private room in Hell's Kitchen,500766,Host766,f,Manhattan,Hell's Kitchen,40.794687,-73.970564,Private room,141.67,30,44,2026-03-02,3.45,1,0,$75-150,False,186.0,Rarely Available
1004367,Private room in Chelsea,500767,Host767,f,Manhattan,Chelsea,40.770754,-73.995016,Private room,93.42,3,19,2026-02-28,1.52,1,75,$75-150,False,188.0,Sometimes Available
1004368,Private room in DUMBO,500768,Host768,f,Brooklyn,DUMBO,40.674894,-73.942914,Private room,106.7,1,31,2026-02-02,3.51,1,159,$75-150,False,214.0,Sometimes Available
1004369,Entire home/apt in Upper West Side,500769,Host769,f,Manhattan,Upper West Side,40.769246,-73.927211,Entire home/apt,324.46,3,13,2026-05-15,1.78,2,111,$250-400,False,112.0,Sometimes Available
1004370,Entire home/apt in Upper West Side,500770,Host770,t,Manhattan,Upper West Side,40.768777,-74.000438,Entire home/apt,309.7,1,58,2026-06-26,1.44,2,319,$250-400,True,70.0,Highly Available
1004371,Private room in Upper West Side,500771,Host771,f,Manhattan,Upper West Side,40.806685,-73.999094,Private room,125.9,3,6,2026-04-28,0.33,2,365,$75-150,False,129.0,Highly Available
1004372,Private room in Bedford-Stuyvesant,500772,Host772,f,Brooklyn,Bedford-Stuyvesant,40.681143,-73.973499,Private room,72.01,2,2,2026-04-22,0.05,1,0,$0-75,False,135.0,Rarely Available
1004373,Entire home/apt in Jamaica,500773,Host773,f,Queens,Jamaica,40.722757,-73.788302,Entire home/apt,271.79,5,7,2026-02-01,0.22,2,125,$250-400,False,215.0,Sometimes Available
1004374,Entire home/apt in East Village,500774,Host774,f,Manhattan,East Village,40.800159,-74.032415,Entire home/apt,293.63,3,50,2026-05-12,4.25,1,265,$250-400,False,115.0,Highly Available
1004375,Private room in Harlem,500775,Host775,f,Manhattan,Harlem,40.762028,-73.960361,Private room,86.65,1,10,2026-07-24,0.26,1,88,$75-150,False,42.0,Sometimes Available
1004376,Entire home/apt in Flushing,500776,Host776,f,Queens,Flushing,40.735448,-73.783402,Entire home/apt,100.49,2,52,2026-07-27,2.92,1,241,$75-150,False,39.0,Highly Available
1004377,Entire home/apt in Chelsea,500777,Host777,t,Manhattan,Chelsea,40.775041,-73.959058,Entire home/apt,157.35,1,7,2026-03-30,0.16,1,145,$150-250,True,158.0,Sometimes Available
1004378,Shared room in Greenpoint,500778,Host778,f,Brooklyn,Greenpoint,40.660588,-73.949858,Shared room,29.16,5,16,2026-07-20,0.8,1,143,$0-75,False,46.0,Sometimes Available
1004379,Private room in Jamaica,500779,Host779,f,Queens,Jamaica,40.710069,-73.807383,Private room,83.99,2,4,2026-07-12,0.24,1,82,$75-150,False,54.0,Sometimes Available
1004380,Entire home/apt in Fordham,500780,Host780,f,Bronx,Fordham,40.845025,-73.914791,Entire home/apt,42.08,14,12,2026-06-14,0.26,1,60,$0-75,False,82.0,Sometimes Available
1004381,Private room in Tottenville,500781,Host781,f,Staten Island,Tottenville,40.598606,-74.135893,Private room,43.66,2,39,2025-09-21,2.31,1,255,$0-75,False,348.0,Highly Available
1004382,Private room in Midtown,500782,Host782,f,Manhattan,Midtown,40.769691,-73.958233,Private room,159.34,3,90,2026-07-16,3.56,10,178,$150-250,False,50.0,Sometimes Available
1004383,Private room in Long Island City,500783,Host783,f,Queens,Long Island City,40.68359,-73.763198,Private room,84.74,3,2,2026-05-20,0.12,2,75,$75-150,False,107.0,Sometimes Available
1004384,Private room in Ridgewood,500784,Host784,t,Queens,Ridgewood,40.726231,-73.803074,Private room,78.64,2,25,2025-11-21,1.27,1,315,$75-150,True,287.0,Highly Available
1004385,Private room in Bedford-Stuyvesant,500785,Host785,f,Brooklyn,Bedford-Stuyvesant,40.674362,-73.95378,Private room,158.42,1,7,2025-12-27,0.17,1,348,$150-250,False,251.0,Highly Available
1004386,Entire home/apt in Long Island City,500786,Host786,f,Queens,Long Island City,40.752463,-73.813047,Entire home/apt,147.69,7,61,2026-01-02,1.36,1,130,$75-150,False,245.0,Sometimes Available
1004387,Private room in Harlem,500787,Host787,f,Manhattan,Harlem,40.771227,-73.952884,Private room,140.34,3,25,2026-07-12,1.7,2,29,$75-150,False,54.0,Rarely Available
1004388,Private room in Astoria,500788,Host788,f,Queens,Astoria,40.711007,-73.816548,Private room,66.46,14,4,2026-05-01,0.17,1,117,$0-75,False,126.0,Sometimes Available
1004389,Entire home/apt in Greenpoint,500789,Host789,f,Brooklyn,Greenpoint,40.66775,-73.958739,Entire home/apt,126.88,1,23,2026-02-02,0.89,3,193,$75-150,False,214.0,Highly Available
1004390,Entire home/apt in Crown Heights,500790,Host790,f,Brooklyn,Crown Heights,40.670247,-73.975281,Entire home/apt,127.3,3,21,2026-07-20,0.88,1,150,$75-150,False,46.0,Sometimes Available
1004391,Hotel room in Bedford-Stuyvesant,500791,Host791,t,Brooklyn,Bedford-Stuyvesant,40.681083,-73.945405,Hotel room,169.33,1,10,2026-04-10,0.71,1,356,$150-250,True,147.0,Highly Available
1004392,Private room in Flushing,500792,Host792,f,Queens,Flushing,40.736118,-73.796456,Private room,68.93,30,39,2024-10-09,1.74,1,160,$0-75,False,695.0,Sometimes Available
1004393,Entire home/apt in Riverdale,500793,Host793,f,Bronx,Riverdale,40.84291,-73.903638,Entire home/apt,192.34,2,4,2026-01-26,0.14,1,132,$150-250,False,221.0,Sometimes Available
1004394,Entire home/apt in Jamaica,500794,Host794,f,Queens,Jamaica,40.715485,-73.791702,Entire home/apt,95.83,1,1,2026-07-08,0.03,1,37,$75-150,False,58.0,Sometimes Available
1004395,Entire home/apt in Fordham,500795,Host795,f,Bronx,Fordham,40.835248,-73.875731,Entire home/apt,126.98,3,21,2025-12-26,0.55,1,0,$75-150,False,252.0,Rarely Available
1004396,Entire home/apt in Financial District,500796,Host796,f,Manhattan,Financial District,40.766474,-73.953838,Entire home/apt,553.4843000000001,3,4,2026-06-05,0.17,1,108,$400+,False,91.0,Sometimes Available
1004397,Private room in Williamsburg,500797,Host797,t,Brooklyn,Williamsburg,40.698943,-73.947605,Private room,108.35,3,40,2026-04-12,1.04,1,149,$75-150,True,145.0,Sometimes Available
1004398,Entire home/apt in Harlem,500798,Host798,f,Manhattan,Harlem,40.739487,-73.967309,Entire home/apt,190.99,2,33,2026-07-22,3.13,10,0,$150-250,False,44.0,Rarely Available
1004399,Private room in Hell's Kitchen,500799,Host799,f,Manhattan,Hell's Kitchen,40.796228,-73.997292,Private room,113.52,7,14,2026-04-22,1.67,1,168,$75-150,False,135.0,Sometimes Available
1004400,Entire home/apt in Park Slope,500800,Host800,t,Brooklyn,Park Slope,40.662177,-73.973124,Entire home/apt,126.87,1,29,2026-07-19,1.76,1,74,$75-150,True,47.0,Sometimes Available
1004401,Entire home/apt in Mott Haven,500801,Host801,t,Bronx,Mott Haven,40.872488,-73.889699,Entire home/apt,37.93,3,11,2026-07-28,0.31,1,228,$0-75,True,38.0,Highly Available
1004402,Private room in Tottenville,500802,Host802,f,Staten Island,Tottenville,40.586533,-74.137836,Private room,138.33,7,50,2026-07-17,1.11,1,130,$75-150,False,49.0,Sometimes Available
1004403,Private room in Bedford-Stuyvesant,500803,Host803,f,Brooklyn,Bedford-Stuyvesant,40.653409,-73.956597,Private room,65.31,2,22,2026-04-25,1.0,1,209,$0-75,False,132.0,Highly Available
1004404,Private room in Financial District,500804,Host804,f,Manhattan,Financial District,40.762165,-73.99704,Private room,134.5,1,6,2026-04-28,0.14,1,0,$75-150,False,129.0,Rarely Available
1004405,Entire home/apt in Greenpoint,500805,Host805,f,Brooklyn,Greenpoint,40.680929,-73.96004,Entire home/apt,466.76,2,40,2026-05-21,1.0,10,144,$400+,False,106.0,Sometimes Available
1004406,Private room in Harlem,500806,Host806,f,Manhattan,Harlem,40.817124,-74.002175,Private room,179.54,1,60,2026-07-31,1.62,1,0,$150-250,False,35.0,Rarely Available
1004407,Private room in Flushing,500807,Host807,f,Queens,Flushing,40.704463,-73.784815,Private room,118.49,3,34,2025-10-31,1.98,5,235,$75-150,False,308.0,Highly Available
1004408,Private room in Long Island City,500808,Host808,t,Queens,Long Island City,40.72112,-73.776818,Private room,71.23,3,20,2025-07-17,0.47,3,148,$0-75,True,414.0,Sometimes Available
1004409,Entire home/apt in Jamaica,500809,Host809,f,Queens,Jamaica,40.709636,-73.835223,Entire home/apt,192.73,2,19,2026-06-28,1.5,1,12,$150-250,False,68.0,Rarely Available
1004410,Entire home/apt in Bedford-Stuyvesant,500810,Host810,t,Brooklyn,Bedford-Stuyvesant,40.679314,-73.950242,Entire home/apt,207.94,1,27,2026-08-01,0.74,5,204,$150-250,True,34.0,Highly Available
1004411,Private room in Bushwick,500811,Host811,f,Brooklyn,Bushwick,40.662786,-73.941251,Private room,243.71,5,2,2026-07-22,0.12,1,0,$150-250,False,44.0,Rarely Available
1004412,Entire home/apt in Flushing,500812,Host812,f,Queens,Flushing,40.75889,-73.761178,Entire home/apt,162.62,2,13,2026-04-02,0.6,1,283,$150-250,False,155.0,Highly Available
1004413,Entire home/apt in Chelsea,500813,Host813,f,Manhattan,Chelsea,40.759436,-73.959698,Entire home/apt,295.84,3,98,2026-05-08,2.68,1,189,$250-400,False,119.0,Highly Available
1004414,Entire home/apt in Bedford-Stuyvesant,500814,Host814,f,Brooklyn,Bedford-Stuyvesant,40.705893,-73.939811,Entire home/apt,200.9,1,45,2026-07-27,0.99,1,163,$150-250,False,39.0,Sometimes Available
1004415,Private room in DUMBO,500815,Host815,f,Brooklyn,DUMBO,40.663974,-73.923129,Private room,58.84,2,20,2026-05-11,0.52,1,0,$0-75,False,116.0,Rarely Available
1004416,Private room in Williamsburg,500816,Host816,f,Brooklyn,Williamsburg,40.66834,-73.958447,Private room,74.92,1,17,2026-04-23,0.49,1,297,$0-75,False,134.0,Highly Available
1004417,Entire home/apt in Williamsburg,500817,Host817,t,Brooklyn,Williamsburg,40.677063,-73.88205,Entire home/apt,239.77,2,27,2026-04-03,0.61,1,307,$150-250,True,154.0,Highly Available
1004418,Private room in Greenpoint,500818,Host818,f,Brooklyn,Greenpoint,40.676377,-73.912169,Private room,136.65,14,20,2026-07-03,1.55,1,135,$75-150,False,63.0,Sometimes Available
1004419,Entire home/apt in Tottenville,500819,Host819,f,Staten Island,Tottenville,40.574982,-74.141849,Entire home/apt,59.43,1,44,2026-01-05,1.09,1,160,$0-75,False,242.0,Sometimes Available
1004420,Entire home/apt in East Village,500820,Host820,t,Manhattan,East Village,40.737065,-73.943133,Entire home/apt,309.93,14,4,2026-07-21,0.12,1,286,$250-400,True,45.0,Highly Available
1004421,Private room in Greenpoint,500821,Host821,f,Brooklyn,Greenpoint,40.67254,-73.907829,Private room,75.13,2,9,2026-03-27,0.21,10,253,$75-150,False,161.0,Highly Available
1004422,Entire home/apt in Bushwick,500822,Host822,f,Brooklyn,Bushwick,40.673917,-73.930174,Entire home/apt,143.61,2,22,2026-06-05,0.8,1,133,$75-150,False,91.0,Sometimes Available
1004423,Entire home/apt in Midtown,500823,Host823,f,Manhattan,Midtown,40.729172,-73.936987,Entire home/apt,261.58,1,29,2026-07-23,1.0,1,112,$250-400,False,43.0,Sometimes Available
1004424,Entire home/apt in Harlem,500824,Host824,f,Manhattan,Harlem,40.769709,-73.989806,Entire home/apt,179.37,2,75,2026-06-21,4.64,1,6,$150-250,False,75.0,Rarely Available
1004425,Private room in Hell's Kitchen,500825,Host825,t,Manhattan,Hell's Kitchen,40.77502,-73.96174,Private room,165.85,1,17,2026-07-28,2.15,1,57,$150-250,True,38.0,Sometimes Available
1004426,Private room in Astoria,500826,Host826,f,Queens,Astoria,40.740303,-73.813193,Private room,139.89,7,54,2026-02-06,6.54,1,1,$75-150,False,210.0,Rarely Available
1004427,Entire home/apt in Astoria,500827,Host827,f,Queens,Astoria,40.715541,-73.788379,Entire home/apt,176.79,5,6,2026-08-01,0.16,1,215,$150-250,False,34.0,Highly Available
1004428,Private room in Flushing,500828,Host828,t,Queens,Flushing,40.719528,-73.786858,Private room,79.0,3,40,2026-04-16,3.1,2,353,$75-150,True,141.0,Highly Available
1004429,Private room in Park Slope,500829,Host829,t,Brooklyn,Park Slope,40.693554,-73.935544,Private room,143.39,1,17,2026-06-26,1.73,1,221,$75-150,True,70.0,Highly Available
1004430,Entire home/apt in DUMBO,500830,Host830,f,Brooklyn,DUMBO,40.680167,-73.957515,Entire home/apt,187.45,3,20,2026-04-05,0.82,1,51,$150-250,False,152.0,Sometimes Available
1004431,Entire home/apt in Bushwick,500831,Host831,f,Brooklyn,Bushwick,40.683934,-73.901078,Entire home/apt,185.47,30,49,2025-09-19,2.81,1,0,$150-250,False,350.0,Rarely Available
1004432,Private room in Greenpoint,500832,Host832,f,Brooklyn,Greenpoint,40.655452,-73.961538,Private room,51.79,7,12,2026-02-20,1.04,1,215,$0-75,False,196.0,Highly Available
1004433,Entire home/apt in Mott Haven,500833,Host833,f,Bronx,Mott Haven,40.837178,-73.905077,Entire home/apt,109.46,5,3,2026-04-19,0.14,1,85,$75-150,False,138.0,Sometimes Available
1004434,Private room in Park Slope,500834,Host834,f,Brooklyn,Park Slope,40.651025,-73.916151,Private room,105.35,1,46,2026-07-18,1.49,1,45,$75-150,False,48.0,Sometimes Available
1004435,Private room in Williamsburg,500835,Host835,f,Brooklyn,Williamsburg,40.666515,-73.957991,Private room,198.55,3,54,2026-06-25,2.25,1,324,$150-250,False,71.0,Highly Available
1004436,Private room in Bedford-Stuyvesant,500836,Host836,f,Brooklyn,Bedford-Stuyvesant,40.650475,-73.94302,Private room,93.7,1,5,2026-07-16,0.29,1,161,$75-150,False,50.0,Sometimes Available
1004437,Entire home/apt in Fordham,500837,Host837,f,Bronx,Fordham,40.822786,-73.891522,Entire home/apt,144.06,14,51,2026-04-29,3.78,1,214,$75-150,False,128.0,Highly Available
1004438,Entire home/apt in Flushing,500838,Host838,t,Queens,Flushing,40.76936,-73.815913,Entire home/apt,149.5,3,25,2025-06-28,0.52,1,225,$75-150,True,433.0,Highly Available
1004439,Shared room in Astoria,500839,Host839,f,Queens,Astoria,40.764757,-73.804479,Shared room,40.98,14,12,2026-06-16,0.76,2,180,$0-75,False,80.0,Sometimes Available
1004440,Private room in Astoria,500840,Host840,f,Queens,Astoria,40.739401,-73.787383,Private room,61.4,5,36,2026-07-10,1.4,1,44,$0-75,False,56.0,Sometimes Available
1004441,Entire home/apt in Chelsea,500841,Host841,f,Manhattan,Chelsea,40.790018,-73.9427,Entire home/apt,127.97,5,19,2025-11-09,1.13,1,320,$75-150,False,299.0,Highly Available
1004442,Private room in Hell's Kitchen,500842,Host842,f,Manhattan,Hell's Kitchen,40.780234,-73.952647,Private room,186.05,2,4,2026-01-11,0.44,1,226,$150-250,False,236.0,Highly Available
1004443,Private room in Tottenville,500843,Host843,f,Staten Island,Tottenville,40.550559,-74.165427,Private room,90.9,1,1,2026-06-21,0.03,1,105,$75-150,False,75.0,Sometimes Available
1004444,Entire home/apt in Hell's Kitchen,500844,Host844,t,Manhattan,Hell's Kitchen,40.796991,-73.973677,Entire home/apt,62.75,2,14,2026-07-08,2.3,1,105,$0-75,True,58.0,Sometimes Available
1004445,Entire home/apt in Park Slope,500845,Host845,f,Brooklyn,Park Slope,40.697915,-73.955143,Entire home/apt,186.68,3,36,2026-05-25,5.84,1,313,$150-250,False,102.0,Highly Available
1004446,Entire home/apt in Bushwick,500846,Host846,t,Brooklyn,Bushwick,40.689503,-73.925396,Entire home/apt,305.19,5,60,2025-07-02,6.43,2,109,$250-400,True,429.0,Sometimes Available
1004447,Entire home/apt in Bedford-Stuyvesant,500847,Host847,f,Brooklyn,Bedford-Stuyvesant,40.67322,-73.898119,Entire home/apt,120.56,1,16,2026-05-26,0.4,10,0,$75-150,False,101.0,Rarely Available
1004448,Private room in Upper West Side,500848,Host848,f,Manhattan,Upper West Side,40.770354,-73.949419,Private room,243.42,1,24,2026-02-16,0.61,3,165,$150-250,False,200.0,Sometimes Available
1004449,Entire home/apt in Midtown,500849,Host849,f,Manhattan,Midtown,40.79959,-73.963722,Entire home/apt,503.66,30,4,2025-11-02,0.13,2,199,$400+,False,306.0,Highly Available
1004450,Entire home/apt in Chelsea,500850,Host850,f,Manhattan,Chelsea,40.806777,-73.954687,Entire home/apt,51.9,1,65,2026-07-18,8.92,2,244,$0-75,False,48.0,Highly Available
1004451,Private room in Williamsburg,500851,Host851,f,Brooklyn,Williamsburg,40.666842,-73.977377,Private room,162.93,1,41,2025-09-24,2.19,2,163,$150-250,False,345.0,Sometimes Available
1004452,Entire home/apt in Hell's Kitchen,500852,Host852,f,Manhattan,Hell's Kitchen,40.766208,-73.998107,Entire home/apt,449.46,2,7,2026-04-16,0.54,1,137,$400+,False,141.0,Sometimes Available
1004453,Entire home/apt in Williamsburg,500853,Host853,f,Brooklyn,Williamsburg,40.679198,-73.967764,Entire home/apt,114.41,14,26,2026-06-11,0.57,5,69,$75-150,False,85.0,Sometimes Available
1004454,Private room in Midtown,500854,Host854,f,Manhattan,Midtown,40.780097,-73.964246,Private room,75.39,1,6,2026-07-05,0.13,3,145,$75-150,False,61.0,Sometimes Available
1004455,Private room in Upper West Side,500855,Host855,f,Manhattan,Upper West Side,40.762107,-73.976782,Private room,172.4,2,1,2025-09-11,0.02,10,302,$150-250,False,358.0,Highly Available
1004456,Entire home/apt in Riverdale,500856,Host856,f,Bronx,Riverdale,40.839055,-73.887242,Entire home/apt,174.04,5,1,2026-03-22,0.02,1,145,$150-250,False,166.0,Sometimes Available
1004457,Entire home/apt in Bushwick,500857,Host857,f,Brooklyn,Bushwick,40.677336,-73.916976,Entire home/apt,238.34,30,5,2026-05-23,0.12,1,125,$150-250,False,104.0,Sometimes Available
1004458,Shared room in East Village,500858,Host858,f,Manhattan,East Village,40.804121,-73.972884,Shared room,135.5,1,20,2026-03-10,0.69,1,365,$75-150,False,178.0,Highly Available
1004459,Entire home/apt in Bedford-Stuyvesant,500859,Host859,f,Brooklyn,Bedford-Stuyvesant,40.656105,-73.943001,Entire home/apt,162.7,1,2,2026-07-21,0.08,1,34,$150-250,False,45.0,Sometimes Available
1004460,Private room in Midtown,500860,Host860,f,Manhattan,Midtown,40.789059,-73.947762,Private room,209.64,3,2,2026-07-24,0.07,3,88,$150-250,False,42.0,Sometimes Available
1004461,Private room in Bedford-Stuyvesant,500861,Host861,f,Brooklyn,Bedford-Stuyvesant,40.683096,-73.934146,Private room,61.33,5,35,2026-07-06,1.55,3,278,$0-75,False,60.0,Highly Available
1004462,Private room in Riverdale,500862,Host862,f,Bronx,Riverdale,40.818955,-73.889337,Private room,57.96,1,79,2026-07-05,3.72,1,121,$0-75,False,61.0,Sometimes Available
1004463,Entire home/apt in Financial District,500863,Host863,f,Manhattan,Financial District,40.751073,-73.97996,Entire home/apt,265.59,2,12,2026-01-24,0.26,1,163,$250-400,False,223.0,Sometimes Available
1004464,Private room in Jamaica,500864,Host864,f,Queens,Jamaica,40.75286,-73.802211,Private room,67.03,2,45,2026-04-17,2.93,1,0,$0-75,False,140.0,Rarely Available
1004465,Entire home/apt in East Village,500865,Host865,f,Manhattan,East Village,40.752051,-73.974033,Entire home/apt,292.27,1,11,2026-07-28,0.48,1,316,$250-400,False,38.0,Highly Available
1004466,Entire home/apt in Upper West Side,500866,Host866,f,Manhattan,Upper West Side,40.795033,-73.985924,Entire home/apt,453.53,2,25,2026-04-03,1.04,2,115,$400+,False,154.0,Sometimes Available
1004467,Private room in Fordham,500867,Host867,f,Bronx,Fordham,40.858795,-73.906557,Private room,27.87,1,58,2026-07-02,3.7,3,149,$0-75,False,64.0,Sometimes Available
1004468,Entire home/apt in Park Slope,500868,Host868,f,Brooklyn,Park Slope,40.702904,-73.938191,Entire home/apt,205.61,5,1,2026-01-13,0.07,5,234,$150-250,False,234.0,Highly Available
1004469,Entire home/apt in Flushing,500869,Host869,t,Queens,Flushing,40.7311,-73.763446,Entire home/apt,128.73,2,10,2026-07-28,0.3,1,0,$75-150,True,38.0,Rarely Available
1004470,Entire home/apt in Park Slope,500870,Host870,f,Brooklyn,Park Slope,40.646429,-73.91986,Entire home/apt,172.99,1,8,2026-07-24,0.31,1,284,$150-250,False,42.0,Highly Available
1004471,Entire home/apt in Harlem,500871,Host871,f,Manhattan,Harlem,40.777537,-73.94926,Entire home/apt,404.47,1,18,2026-07-19,0.47,1,335,$400+,False,47.0,Highly Available
1004472,Entire home/apt in Fordham,500872,Host872,f,Bronx,Fordham,40.851626,-73.880432,Entire home/apt,158.03,2,52,2026-07-12,2.63,1,223,$150-250,False,54.0,Highly Available
1004473,Private room in Harlem,500873,Host873,f,Manhattan,Harlem,40.785189,-73.984875,Private room,89.4,2,47,2026-07-28,1.14,2,0,$75-150,False,38.0,Rarely Available
1004474,Entire home/apt in Park Slope,500874,Host874,f,Brooklyn,Park Slope,40.687391,-73.96769,Entire home/apt,269.45,1,15,2025-09-05,0.46,3,256,$250-400,False,364.0,Highly Available
1004475,Private room in Long Island City,500875,Host875,f,Queens,Long Island City,40.711014,-73.774887,Private room,74.86,3,17,2026-04-15,0.62,1,53,$0-75,False,142.0,Sometimes Available
1004476,Private room in Mott Haven,500876,Host876,f,Bronx,Mott Haven,40.839717,-73.88958,Private room,50.87,1,5,2026-03-07,0.49,1,152,$0-75,False,181.0,Sometimes Available
1004477,Private room in Williamsburg,500877,Host877,f,Brooklyn,Williamsburg,40.674866,-73.944472,Private room,101.71,7,4,2026-06-16,0.26,1,194,$75-150,False,80.0,Highly Available
1004478,Entire home/apt in Long Island City,500878,Host878,f,Queens,Long Island City,40.727183,-73.775004,Entire home/apt,90.43,7,55,2026-07-05,7.82,1,133,$75-150,False,61.0,Sometimes Available
1004479,Entire home/apt in Park Slope,500879,Host879,f,Brooklyn,Park Slope,40.685083,-73.950553,Entire home/apt,44.15,1,22,2026-02-13,0.65,2,365,$0-75,False,203.0,Highly Available
1004480,Private room in Bushwick,500880,Host880,f,Brooklyn,Bushwick,40.684894,-73.949227,Private room,51.24,30,20,2025-04-25,0.65,1,59,$0-75,False,497.0,Sometimes Available
1004481,Entire home/apt in Hell's Kitchen,500881,Host881,f,Manhattan,Hell's Kitchen,40.792037,-73.974618,Entire home/apt,553.4843000000001,30,60,2025-04-18,2.68,1,213,$400+,False,504.0,Highly Available
1004482,Entire home/apt in Upper West Side,500882,Host882,f,Manhattan,Upper West Side,40.774,-73.946278,Entire home/apt,92.41,1,24,2026-02-13,0.51,2,244,$75-150,False,203.0,Highly Available
1004483,Private room in DUMBO,500883,Host883,f,Brooklyn,DUMBO,40.721368,-73.960064,Private room,97.43,1,15,2026-07-18,2.18,1,165,$75-150,False,48.0,Sometimes Available
1004484,Entire home/apt in Crown Heights,500884,Host884,f,Brooklyn,Crown Heights,40.637057,-73.954922,Entire home/apt,185.86,3,24,2025-11-21,0.98,1,66,$150-250,False,287.0,Sometimes Available
1004485,Entire home/apt in Crown Heights,500885,Host885,f,Brooklyn,Crown Heights,40.641717,-73.915295,Entire home/apt,357.45,1,32,2026-07-16,5.06,2,147,$250-400,False,50.0,Sometimes Available
1004486,Entire home/apt in Crown Heights,500886,Host886,f,Brooklyn,Crown Heights,40.686861,-73.960795,Entire home/apt,246.43,1,16,2025-08-23,0.7,2,46,$150-250,False,377.0,Sometimes Available
1004487,Hotel room in Bedford-Stuyvesant,500887,Host887,f,Brooklyn,Bedford-Stuyvesant,40.677923,-73.932007,Hotel room,539.42,1,3,2026-07-24,0.08,2,91,$400+,False,42.0,Sometimes Available
1004488,Private room in Financial District,500888,Host888,f,Manhattan,Financial District,40.776011,-74.020051,Private room,119.95,1,20,2025-12-01,0.48,2,132,$75-150,False,277.0,Sometimes Available
1004489,Entire home/apt in Williamsburg,500889,Host889,f,Brooklyn,Williamsburg,40.66985,-73.955608,Entire home/apt,98.23,2,2,2026-05-08,0.22,1,97,$75-150,False,119.0,Sometimes Available
1004490,Entire home/apt in Financial District,500890,Host890,f,Manhattan,Financial District,40.778818,-73.941211,Entire home/apt,553.4843000000001,2,30,2026-07-24,1.14,3,260,$400+,False,42.0,Highly Available
1004491,Private room in Jamaica,500891,Host891,f,Queens,Jamaica,40.759336,-73.760767,Private room,54.48,3,7,2026-07-31,0.28,1,0,$0-75,False,35.0,Rarely Available
1004492,Private room in Bushwick,500892,Host892,f,Brooklyn,Bushwick,40.657748,-73.985881,Private room,44.36,1,44,2026-01-27,1.48,2,31,$0-75,False,220.0,Sometimes Available
1004493,Private room in Hell's Kitchen,500893,Host893,f,Manhattan,Hell's Kitchen,40.785123,-73.988004,Private room,83.61,14,24,2026-07-11,0.76,1,207,$75-150,False,55.0,Highly Available
1004494,Entire home/apt in Riverdale,500894,Host894,f,Bronx,Riverdale,40.826188,-73.917966,Entire home/apt,150.34,7,24,2025-07-10,0.6,1,150,$150-250,False,421.0,Sometimes Available
1004495,Entire home/apt in Bushwick,500895,Host895,f,Brooklyn,Bushwick,40.682558,-73.93316,Entire home/apt,126.91,2,0,,0.0,3,271,$75-150,False,,Highly Available
1004496,Private room in Bedford-Stuyvesant,500896,Host896,f,Brooklyn,Bedford-Stuyvesant,40.672379,-73.958449,Private room,207.86,5,10,2026-04-26,1.12,1,0,$150-250,False,131.0,Rarely Available
1004497,Private room in Bushwick,500897,Host897,f,Brooklyn,Bushwick,40.682372,-73.913701,Private room,109.63,2,11,2026-05-18,0.26,1,349,$75-150,False,109.0,Highly Available
1004498,Private room in Crown Heights,500898,Host898,f,Brooklyn,Crown Heights,40.687405,-73.969292,Private room,140.5,14,9,2026-06-14,0.37,1,241,$75-150,False,82.0,Highly Available
1004499,Entire home/apt in Flushing,500899,Host899,f,Queens,Flushing,40.722793,-73.798371,Entire home/apt,59.61,30,1,2026-03-13,0.03,2,128,$0-75,False,175.0,Sometimes Available
1004500,Entire home/apt in Riverdale,500900,Host900,f,Bronx,Riverdale,40.835647,-73.887027,Entire home/apt,188.44,1,2,2026-05-22,0.09,1,140,$150-250,False,105.0,Sometimes Available
1004501,Entire home/apt in Riverdale,500901,Host901,t,Bronx,Riverdale,40.814817,-73.873423,Entire home/apt,86.48,1,16,2026-07-21,0.38,2,128,$75-150,True,45.0,Sometimes Available
1004502,Entire home/apt in Jamaica,500902,Host902,f,Queens,Jamaica,40.761457,-73.811823,Entire home/apt,100.57,14,51,2026-07-02,1.13,1,308,$75-150,False,64.0,Highly Available
1004503,Entire home/apt in Greenpoint,500903,Host903,f,Brooklyn,Greenpoint,40.685889,-73.944641,Entire home/apt,112.52,5,14,2026-05-03,0.99,1,209,$75-150,False,124.0,Highly Available
1004504,Entire home/apt in Greenpoint,500904,Host904,t,Brooklyn,Greenpoint,40.694171,-73.928703,Entire home/apt,106.28,1,42,2026-05-04,1.53,1,123,$75-150,True,123.0,Sometimes Available
1004505,Entire home/apt in Upper West Side,500905,Host905,f,Manhattan,Upper West Side,40.781245,-73.976026,Entire home/apt,139.53,1,2,2026-03-26,0.14,10,94,$75-150,False,162.0,Sometimes Available
1004506,Entire home/apt in East Village,500906,Host906,f,Manhattan,East Village,40.767696,-73.92935,Entire home/apt,355.04,1,27,2026-05-28,1.16,1,242,$250-400,False,99.0,Highly Available
1004507,Private room in Midtown,500907,Host907,t,Manhattan,Midtown,40.763269,-73.958651,Private room,95.36,1,14,2026-05-19,0.51,3,73,$75-150,True,108.0,Sometimes Available
1004508,Private room in Hell's Kitchen,500908,Host908,f,Manhattan,Hell's Kitchen,40.76864,-73.980095,Private room,59.82,1,32,2026-04-27,0.96,1,89,$0-75,False,130.0,Sometimes Available
1004509,Private room in Mott Haven,500909,Host909,f,Bronx,Mott Haven,40.872712,-73.930928,Private room,71.79,5,11,2025-04-07,0.84,1,166,$0-75,False,515.0,Sometimes Available
1004510,Entire home/apt in East Village,500910,Host910,f,Manhattan,East Village,40.79944,-73.952473,Entire home/apt,170.02,5,48,2026-06-22,1.38,1,197,$150-250,False,74.0,Highly Available
1004511,Entire home/apt in Williamsburg,500911,Host911,t,Brooklyn,Williamsburg,40.706055,-73.958889,Entire home/apt,349.09,5,3,2026-06-10,0.07,2,126,$250-400,True,86.0,Sometimes Available
1004512,Entire home/apt in Mott Haven,500912,Host912,f,Bronx,Mott Haven,40.865885,-73.838245,Entire home/apt,129.45,1,35,2026-07-04,1.45,3,306,$75-150,False,62.0,Highly Available
1004513,Entire home/apt in Fordham,500913,Host913,f,Bronx,Fordham,40.834817,-73.859623,Entire home/apt,105.35,2,13,2026-05-03,0.71,1,210,$75-150,False,124.0,Highly Available
1004514,Entire home/apt in Astoria,500914,Host914,f,Queens,Astoria,40.709983,-73.772915,Entire home/apt,160.9,2,67,2026-07-15,2.74,1,251,$150-250,False,51.0,Highly Available
1004515,Entire home/apt in Mott Haven,500915,Host915,f,Bronx,Mott Haven,40.821711,-73.858909,Entire home/apt,115.43,2,47,2026-06-19,1.34,2,0,$75-150,False,77.0,Rarely Available
1004516,Entire home/apt in Park Slope,500916,Host916,t,Brooklyn,Park Slope,40.662219,-73.931673,Entire home/apt,150.28,3,10,2026-07-06,0.31,1,63,$150-250,True,60.0,Sometimes Available
1004517,Entire home/apt in Bedford-Stuyvesant,500917,Host917,f,Brooklyn,Bedford-Stuyvesant,40.648073,-73.93855,Entire home/apt,397.91,2,127,2026-06-20,3.07,1,112,$250-400,False,76.0,Sometimes Available
1004518,Entire home/apt in Hell's Kitchen,500918,Host918,f,Manhattan,Hell's Kitchen,40.770955,-73.970367,Entire home/apt,367.32,7,3,2026-06-16,0.14,1,251,$250-400,False,80.0,Highly Available
1004519,Private room in Park Slope,500919,Host919,f,Brooklyn,Park Slope,40.632967,-73.992485,Private room,92.57,5,19,2025-12-27,0.47,1,172,$75-150,False,251.0,Sometimes Available
1004520,Private room in Bedford-Stuyvesant,500920,Host920,f,Brooklyn,Bedford-Stuyvesant,40.682506,-73.917392,Private room,76.38,5,16,2026-06-13,0.7,1,268,$75-150,False,83.0,Highly Available
1004521,Entire home/apt in East Village,500921,Host921,f,Manhattan,East Village,40.771244,-73.98534,Entire home/apt,54.46,2,1,2026-03-28,0.03,3,187,$0-75,False,160.0,Highly Available
1004522,Entire home/apt in Williamsburg,500922,Host922,f,Brooklyn,Williamsburg,40.690762,-73.986066,Entire home/apt,302.87,5,1,2025-04-23,0.02,1,193,$250-400,False,499.0,Highly Available
1004523,Private room in Astoria,500923,Host923,f,Queens,Astoria,40.754568,-73.797575,Private room,152.48,1,35,2026-06-29,1.93,1,102,$150-250,False,67.0,Sometimes Available
1004524,Entire home/apt in Greenpoint,500924,Host924,f,Brooklyn,Greenpoint,40.661592,-73.953844,Entire home/apt,201.66,2,5,2026-06-27,0.36,1,0,$150-250,False,69.0,Rarely Available
1004525,Entire home/apt in Greenpoint,500925,Host925,f,Brooklyn,Greenpoint,40.660211,-73.902442,Entire home/apt,146.7,1,17,2026-07-31,1.22,3,176,$75-150,False,35.0,Sometimes Available
1004526,Entire home/apt in Ridgewood,500926,Host926,f,Queens,Ridgewood,40.706749,-73.805082,Entire home/apt,241.84,1,11,2026-07-22,0.49,1,237,$150-250,False,44.0,Highly Available
1004527,Private room in Jamaica,500927,Host927,f,Queens,Jamaica,40.729982,-73.774881,Private room,64.17,1,24,2026-06-27,0.83,1,102,$0-75,False,69.0,Sometimes Available
1004528,Private room in Midtown,500928,Host928,t,Manhattan,Midtown,40.782434,-73.948662,Private room,129.77,3,7,2026-07-23,1.02,2,283,$75-150,True,43.0,Highly Available
1004529,Private room in Crown Heights,500929,Host929,f,Brooklyn,Crown Heights,40.667113,-73.968316,Private room,104.26,2,16,2026-04-19,1.42,3,348,$75-150,False,138.0,Highly Available
1004530,Private room in Riverdale,500930,Host930,t,Bronx,Riverdale,40.851872,-73.885066,Private room,68.93,1,35,2026-05-10,0.86,2,70,$0-75,True,117.0,Sometimes Available
1004531,Entire home/apt in Riverdale,500931,Host931,f,Bronx,Riverdale,40.834335,-73.85931,Entire home/apt,32.08,2,40,2026-02-27,0.89,1,224,$0-75,False,189.0,Highly Available
1004532,Entire home/apt in Bushwick,500932,Host932,f,Brooklyn,Bushwick,40.681011,-73.965696,Entire home/apt,80.43,1,64,2026-07-11,1.57,1,116,$75-150,False,55.0,Sometimes Available
1004533,Private room in Chelsea,500933,Host933,f,Manhattan,Chelsea,40.749601,-73.947853,Private room,104.94,1,30,2026-07-09,1.61,1,191,$75-150,False,57.0,Highly Available
1004534,Entire home/apt in Bedford-Stuyvesant,500934,Host934,f,Brooklyn,Bedford-Stuyvesant,40.709518,-73.931274,Entire home/apt,205.08,14,30,2026-02-17,3.62,1,107,$150-250,False,199.0,Sometimes Available
1004535,Private room in East Village,500935,Host935,f,Manhattan,East Village,40.744868,-73.969905,Private room,146.58,3,2,2026-07-14,0.29,1,109,$75-150,False,52.0,Sometimes Available
1004536,Private room in Williamsburg,500936,Host936,f,Brooklyn,Williamsburg,40.681719,-73.945067,Private room,159.44,14,93,2026-07-19,2.66,1,339,$150-250,False,47.0,Highly Available
1004537,Shared room in Greenpoint,500937,Host937,t,Brooklyn,Greenpoint,40.65725,-73.952038,Shared room,60.1,1,49,2026-04-12,1.1,1,256,$0-75,True,145.0,Highly Available
1004538,Private room in Fordham,500938,Host938,f,Bronx,Fordham,40.83031,-73.908101,Private room,63.27,2,10,2026-01-26,0.37,1,205,$0-75,False,221.0,Highly Available
1004539,Private room in Chelsea,500939,Host939,f,Manhattan,Chelsea,40.792112,-73.956487,Private room,52.93,2,39,2026-03-18,1.0,2,284,$0-75,False,170.0,Highly Available
1004540,Private room in Harlem,500940,Host940,f,Manhattan,Harlem,40.8086,-73.97116,Private room,193.82,1,41,2026-06-30,3.44,1,315,$150-250,False,66.0,Highly Available
1004541,Entire home/apt in Park Slope,500941,Host941,f,Brooklyn,Park Slope,40.687957,-73.949533,Entire home/apt,165.64,1,7,2025-12-09,0.25,1,157,$150-250,False,269.0,Sometimes Available
1004542,Entire home/apt in Park Slope,500942,Host942,f,Brooklyn,Park Slope,40.663461,-73.960507,Entire home/apt,229.55,7,70,2026-07-20,1.55,2,164,$150-250,False,46.0,Sometimes Available
1004543,Entire home/apt in Harlem,500943,Host943,f,Manhattan,Harlem,40.766085,-73.985807,Entire home/apt,168.47,1,50,2026-06-30,6.78,1,118,$150-250,False,66.0,Sometimes Available
1004544,Entire home/apt in Flushing,500944,Host944,t,Queens,Flushing,40.756431,-73.830025,Entire home/apt,111.44,3,73,2026-07-19,7.69,1,177,$75-150,True,47.0,Sometimes Available
1004545,Entire home/apt in Astoria,500945,Host945,t,Queens,Astoria,40.728662,-73.768448,Entire home/apt,73.87,1,3,2026-04-11,0.08,5,36,$0-75,True,146.0,Sometimes Available
1004546,Private room in Midtown,500946,Host946,f,Manhattan,Midtown,40.802639,-73.972135,Private room,129.21,7,9,2026-04-27,0.5,1,181,$75-150,False,130.0,Highly Available
1004547,Private room in East Village,500947,Host947,f,Manhattan,East Village,40.7634,-74.000842,Private room,205.03,2,27,2025-10-21,1.16,1,268,$150-250,False,318.0,Highly Available
1004548,Private room in DUMBO,500948,Host948,f,Brooklyn,DUMBO,40.690953,-73.934424,Private room,47.75,1,37,2026-01-10,4.13,1,297,$0-75,False,237.0,Highly Available
1004549,Private room in Greenpoint,500949,Host949,f,Brooklyn,Greenpoint,40.67998,-73.932574,Private room,167.74,14,26,2026-05-26,0.67,2,176,$150-250,False,101.0,Sometimes Available
1004550,Private room in East Village,500950,Host950,f,Manhattan,East Village,40.780078,-73.965187,Private room,50.31,1,32,2026-02-16,1.18,1,138,$0-75,False,200.0,Sometimes Available
1004551,Entire home/apt in East Village,500951,Host951,f,Manhattan,East Village,40.784966,-74.012829,Entire home/apt,287.67,1,51,2026-04-21,5.39,1,18,$250-400,False,136.0,Rarely Available
1004552,Entire home/apt in Ridgewood,500952,Host952,f,Queens,Ridgewood,40.732543,-73.77997,Entire home/apt,94.54,2,3,2026-06-08,0.07,2,343,$75-150,False,88.0,Highly Available
1004553,Private room in Hell's Kitchen,500953,Host953,f,Manhattan,Hell's Kitchen,40.758566,-73.964414,Private room,249.56,1,88,2026-04-01,10.95,1,192,$150-250,False,156.0,Highly Available
1004554,Entire home/apt in Harlem,500954,Host954,f,Manhattan,Harlem,40.741459,-74.008345,Entire home/apt,158.41,5,24,2026-07-25,0.61,1,0,$150-250,False,41.0,Rarely Available
1004555,Private room in Greenpoint,500955,Host955,t,Brooklyn,Greenpoint,40.644768,-73.926186,Private room,54.55,2,24,2026-06-17,1.67,1,176,$0-75,True,79.0,Sometimes Available
1004556,Private room in East Village,500956,Host956,t,Manhattan,East Village,40.791548,-73.979772,Private room,161.29,1,20,2026-06-12,0.42,1,153,$150-250,True,84.0,Sometimes Available
1004557,Entire home/apt in Crown Heights,500957,Host957,t,Brooklyn,Crown Heights,40.698506,-73.958617,Entire home/apt,463.14,1,19,2026-05-21,2.5,1,239,$400+,True,106.0,Highly Available
1004558,Entire home/apt in DUMBO,500958,Host958,f,Brooklyn,DUMBO,40.681348,-73.922556,Entire home/apt,186.86,7,36,2026-03-19,0.94,1,0,$150-250,False,169.0,Rarely Available
1004559,Private room in DUMBO,500959,Host959,f,Brooklyn,DUMBO,40.697893,-73.920451,Private room,186.58,2,48,2026-04-30,1.43,1,171,$150-250,False,127.0,Sometimes Available
1004560,Entire home/apt in Harlem,500960,Host960,t,Manhattan,Harlem,40.788832,-73.937498,Entire home/apt,225.96,1,4,2026-05-25,0.11,1,227,$150-250,True,102.0,Highly Available
1004561,Entire home/apt in Harlem,500961,Host961,f,Manhattan,Harlem,40.783562,-73.933181,Entire home/apt,437.64,2,6,2026-06-04,0.52,1,79,$400+,False,92.0,Sometimes Available
1004562,Entire home/apt in Crown Heights,500962,Host962,f,Brooklyn,Crown Heights,40.663911,-73.941551,Entire home/apt,359.18,14,78,2026-06-22,1.78,1,163,$250-400,False,74.0,Sometimes Available
1004563,Entire home/apt in East Village,500963,Host963,f,Manhattan,East Village,40.806331,-73.930219,Entire home/apt,341.96,1,52,2026-07-24,5.77,1,197,$250-400,False,42.0,Highly Available
1004564,Entire home/apt in St. George,500964,Host964,f,Staten Island,St. George,40.57086,-74.149667,Entire home/apt,162.55,1,22,2026-07-17,1.78,3,153,$150-250,False,49.0,Sometimes Available
1004565,Entire home/apt in Flushing,500965,Host965,t,Queens,Flushing,40.712171,-73.821172,Entire home/apt,255.55,1,19,2026-01-15,0.46,1,162,$250-400,True,232.0,Sometimes Available
1004566,Private room in Midtown,500966,Host966,t,Manhattan,Midtown,40.79859,-73.975535,Private room,46.18,2,29,2026-07-20,0.69,2,199,$0-75,True,46.0,Highly Available
1004567,Entire home/apt in Financial District,500967,Host967,f,Manhattan,Financial District,40.788974,-73.940572,Entire home/apt,152.96,30,50,2026-07-02,1.15,2,80,$150-250,False,64.0,Sometimes Available
1004568,Private room in Hell's Kitchen,500968,Host968,f,Manhattan,Hell's Kitchen,40.761029,-73.952165,Private room,33.6,1,19,2026-03-25,0.45,1,97,$0-75,False,163.0,Sometimes Available
1004569,Entire home/apt in Bedford-Stuyvesant,500969,Host969,f,Brooklyn,Bedford-Stuyvesant,40.65326,-73.946471,Entire home/apt,159.6,2,13,2026-03-30,0.41,1,75,$150-250,False,158.0,Sometimes Available
1004570,Private room in Jamaica,500970,Host970,t,Queens,Jamaica,40.686492,-73.801206,Private room,44.78,2,25,2026-06-09,2.88,1,165,$0-75,True,87.0,Sometimes Available
1004571,Entire home/apt in Park Slope,500971,Host971,f,Brooklyn,Park Slope,40.639222,-73.952483,Entire home/apt,144.09,1,6,2026-06-15,0.13,1,58,$75-150,False,81.0,Sometimes Available
1004572,Private room in Mott Haven,500972,Host972,f,Bronx,Mott Haven,40.821968,-73.926661,Private room,119.62,3,16,2026-05-02,0.58,2,0,$75-150,False,125.0,Rarely Available
1004573,Private room in Crown Heights,500973,Host973,t,Brooklyn,Crown Heights,40.655523,-73.934555,Private room,100.09,2,39,2026-04-21,4.61,1,26,$75-150,True,136.0,Rarely Available
1004574,Private room in Midtown,500974,Host974,f,Manhattan,Midtown,40.816867,-73.962376,Private room,57.28,2,25,2026-04-01,0.56,1,0,$0-75,False,156.0,Rarely Available
1004575,Entire home/apt in Jamaica,500975,Host975,t,Queens,Jamaica,40.72912,-73.799414,Entire home/apt,169.78,2,2,2026-01-26,0.05,1,0,$150-250,True,221.0,Rarely Available
1004576,Entire home/apt in Long Island City,500976,Host976,f,Queens,Long Island City,40.694506,-73.808312,Entire home/apt,69.23,2,7,2026-07-05,0.83,2,12,$0-75,False,61.0,Rarely Available
1004577,Entire home/apt in East Village,500977,Host977,f,Manhattan,East Village,40.769825,-73.975302,Entire home/apt,206.83,7,7,2026-06-30,0.66,1,207,$150-250,False,66.0,Highly Available
1004578,Private room in Flushing,500978,Host978,f,Queens,Flushing,40.752852,-73.802736,Private room,74.72,2,26,2026-03-28,0.89,1,252,$0-75,False,160.0,Highly Available
1004579,Private room in Financial District,500979,Host979,f,Manhattan,Financial District,40.757432,-73.988959,Private room,113.07,2,20,2026-07-17,2.19,10,201,$75-150,False,49.0,Highly Available
1004580,Entire home/apt in Bushwick,500980,Host980,f,Brooklyn,Bushwick,40.684431,-73.964686,Entire home/apt,356.92,3,78,2026-05-09,3.02,1,28,$250-400,False,118.0,Rarely Available
1004581,Entire home/apt in Williamsburg,500981,Host981,t,Brooklyn,Williamsburg,40.698334,-73.947194,Entire home/apt,276.58,1,9,2025-10-13,0.5,1,183,$250-400,True,326.0,Highly Available
1004582,Private room in Astoria,500982,Host982,f,Queens,Astoria,40.725732,-73.844996,Private room,100.42,1,0,,0.0,1,154,$75-150,False,,Sometimes Available
1004583,Entire home/apt in Long Island City,500983,Host983,f,Queens,Long Island City,40.72573,-73.801118,Entire home/apt,193.07,3,45,2026-06-02,2.13,1,119,$150-250,False,94.0,Sometimes Available
1004584,Entire home/apt in DUMBO,500984,Host984,f,Brooklyn,DUMBO,40.660728,-73.980562,Entire home/apt,276.64,14,5,2026-02-19,0.12,1,199,$250-400,False,197.0,Highly Available
1004585,Private room in Hell's Kitchen,500985,Host985,t,Manhattan,Hell's Kitchen,40.79298,-73.989512,Private room,203.06,1,32,2026-07-06,3.1,3,103,$150-250,True,60.0,Sometimes Available
1004586,Private room in Midtown,500986,Host986,f,Manhattan,Midtown,40.731632,-73.950137,Private room,250.98,5,12,2026-07-29,1.15,1,3,$250-400,False,37.0,Rarely Available
1004587,Entire home/apt in Williamsburg,500987,Host987,t,Brooklyn,Williamsburg,40.685828,-73.920937,Entire home/apt,63.63,30,22,2026-05-06,0.54,1,101,$0-75,True,121.0,Sometimes Available
1004588,Shared room in DUMBO,500988,Host988,f,Brooklyn,DUMBO,40.612084,-73.947037,Shared room,31.98,1,13,2026-05-07,0.36,1,157,$0-75,False,120.0,Sometimes Available
1004589,Entire home/apt in Bedford-Stuyvesant,500989,Host989,f,Brooklyn,Bedford-Stuyvesant,40.638691,-73.93257,Entire home/apt,93.9,5,5,2026-06-26,0.13,1,175,$75-150,False,70.0,Sometimes Available
1004590,Private room in Financial District,500990,Host990,f,Manhattan,Financial District,40.799367,-73.975037,Private room,167.58,1,35,2026-05-31,0.85,1,182,$150-250,False,96.0,Highly Available
1004591,Private room in Bushwick,500991,Host991,f,Brooklyn,Bushwick,40.693088,-73.951126,Private room,151.58,2,11,2026-05-22,0.59,1,54,$150-250,False,105.0,Sometimes Available
1004592,Private room in Upper West Side,500992,Host992,f,Manhattan,Upper West Side,40.731025,-73.942079,Private room,52.01,3,28,2026-01-31,2.2,1,0,$0-75,False,216.0,Rarely Available
1004593,Entire home/apt in Crown Heights,500993,Host993,f,Brooklyn,Crown Heights,40.632453,-73.920617,Entire home/apt,239.2,1,34,2026-01-30,1.9,1,280,$150-250,False,217.0,Highly Available
1004594,Private room in Financial District,500994,Host994,f,Manhattan,Financial District,40.770472,-73.978609,Private room,208.99,7,5,2026-02-10,0.2,1,365,$150-250,False,206.0,Highly Available
1004595,Private room in Riverdale,500995,Host995,f,Bronx,Riverdale,40.835904,-73.853827,Private room,92.82,7,12,2025-11-20,0.36,1,350,$75-150,False,288.0,Highly Available
1004596,Private room in East Village,500996,Host996,t,Manhattan,East Village,40.730694,-73.970682,Private room,209.44,30,45,2026-07-02,3.5,1,200,$150-250,True,64.0,Highly Available
1004597,Entire home/apt in Riverdale,500997,Host997,f,Bronx,Riverdale,40.850473,-73.904229,Entire home/apt,130.94,7,17,2026-07-23,2.3,2,78,$75-150,False,43.0,Sometimes Available
1004598,Private room in Tottenville,500998,Host998,f,Staten Island,Tottenville,40.575019,-74.15703,Private room,179.58,2,56,2026-04-19,1.31,1,72,$150-250,False,138.0,Sometimes Available
1004599,Private room in Midtown,500999,Host999,f,Manhattan,Midtown,40.780412,-74.027725,Private room,189.4,2,13,2026-07-03,0.51,1,172,$150-250,False,63.0,Sometimes Available
1004600,Entire home/apt in Hell's Kitchen,501000,Host1000,f,Manhattan,Hell's Kitchen,40.728894,-73.966794,Entire home/apt,232.1,5,0,,0.0,1,83,$150-250,False,,Sometimes Available
1004601,Entire home/apt in St. George,501001,Host1001,f,Staten Island,St. George,40.567736,-74.115577,Entire home/apt,63.87,3,27,2025-09-25,0.93,2,174,$0-75,False,344.0,Sometimes Available
1004602,Private room in Harlem,501002,Host1002,f,Manhattan,Harlem,40.771732,-73.951913,Private room,115.75,3,2,2026-05-04,0.04,1,147,$75-150,False,123.0,Sometimes Available
1004603,Entire home/apt in Crown Heights,501003,Host1003,f,Brooklyn,Crown Heights,40.668646,-73.947311,Entire home/apt,217.19,1,27,2026-02-19,1.68,5,93,$150-250,False,197.0,Sometimes Available
1004604,Entire home/apt in Bedford-Stuyvesant,501004,Host1004,f,Brooklyn,Bedford-Stuyvesant,40.667928,-73.946342,Entire home/apt,116.09,1,4,2026-03-27,0.1,2,185,$75-150,False,161.0,Highly Available
1004605,Entire home/apt in Bushwick,501005,Host1005,f,Brooklyn,Bushwick,40.64458,-73.917443,Entire home/apt,253.78,2,44,2026-03-18,1.6,1,176,$250-400,False,170.0,Sometimes Available
1004606,Private room in Ridgewood,501006,Host1006,f,Queens,Ridgewood,40.717553,-73.786071,Private room,41.81,3,41,2026-04-14,1.6,1,121,$0-75,False,143.0,Sometimes Available
1004607,Entire home/apt in Long Island City,501007,Host1007,t,Queens,Long Island City,40.735255,-73.801592,Entire home/apt,123.15,5,2,2025-11-23,0.07,1,246,$75-150,True,285.0,Highly Available
1004608,Entire home/apt in Mott Haven,501008,Host1008,f,Bronx,Mott Haven,40.802278,-73.879487,Entire home/apt,56.56,1,35,2025-12-16,0.83,1,0,$0-75,False,262.0,Rarely Available
1004609,Private room in Harlem,501009,Host1009,f,Manhattan,Harlem,40.768036,-73.967518,Private room,115.46,2,13,2026-07-24,0.31,1,79,$75-150,False,42.0,Sometimes Available
1004610,Private room in Ridgewood,501010,Host1010,f,Queens,Ridgewood,40.75167,-73.753605,Private room,103.84,1,43,2026-04-17,0.94,1,123,$75-150,False,140.0,Sometimes Available
1004611,Entire home/apt in Chelsea,501011,Host1011,f,Manhattan,Chelsea,40.773409,-73.949616,Entire home/apt,230.48,2,43,2026-03-30,2.4,1,57,$150-250,False,158.0,Sometimes Available
1004612,Entire home/apt in Chelsea,501012,Host1012,f,Manhattan,Chelsea,40.786409,-73.976229,Entire home/apt,349.8,14,9,2026-04-27,0.6,1,51,$250-400,False,130.0,Sometimes Available
1004613,Entire home/apt in Bedford-Stuyvesant,501013,Host1013,f,Brooklyn,Bedford-Stuyvesant,40.685296,-73.942567,Entire home/apt,301.31,1,3,2025-12-03,0.08,1,269,$250-400,False,275.0,Highly Available
1004614,Entire home/apt in Williamsburg,501014,Host1014,f,Brooklyn,Williamsburg,40.691434,-73.931089,Entire home/apt,112.8,1,32,2025-11-28,1.93,1,142,$75-150,False,280.0,Sometimes Available
1004615,Private room in Long Island City,501015,Host1015,f,Queens,Long Island City,40.738157,-73.821934,Private room,84.82,2,42,2026-05-10,0.94,10,139,$75-150,False,117.0,Sometimes Available
1004616,Shared room in Chelsea,501016,Host1016,f,Manhattan,Chelsea,40.802226,-73.97301,Shared room,32.09,2,96,2025-12-03,5.77,1,0,$0-75,False,275.0,Rarely Available
1004617,Private room in Jamaica,501017,Host1017,f,Queens,Jamaica,40.728013,-73.762722,Private room,97.89,1,51,2026-07-23,2.54,3,189,$75-150,False,43.0,Highly Available
1004618,Entire home/apt in Tottenville,501018,Host1018,f,Staten Island,Tottenville,40.58846,-74.167281,Entire home/apt,104.88,14,33,2026-04-04,0.71,1,365,$75-150,False,153.0,Highly Available
1004619,Private room in Chelsea,501019,Host1019,f,Manhattan,Chelsea,40.773027,-73.980407,Private room,87.02,2,14,2026-07-22,0.38,5,102,$75-150,False,44.0,Sometimes Available
1004620,Private room in Jamaica,501020,Host1020,f,Queens,Jamaica,40.715391,-73.81504,Private room,83.61,1,10,2026-06-14,0.21,1,182,$75-150,False,82.0,Highly Available
1004621,Entire home/apt in Harlem,501021,Host1021,f,Manhattan,Harlem,40.762082,-73.949632,Entire home/apt,323.35,2,37,2025-06-22,1.8,1,1,$250-400,False,439.0,Rarely Available
1004622,Private room in East Village,501022,Host1022,f,Manhattan,East Village,40.78182,-73.980951,Private room,226.9,1,18,2025-08-15,2.57,1,3,$150-250,False,385.0,Rarely Available
1004623,Entire home/apt in Chelsea,501023,Host1023,f,Manhattan,Chelsea,40.764247,-73.951365,Entire home/apt,230.98,2,21,2026-05-17,0.44,1,56,$150-250,False,110.0,Sometimes Available
1004624,Entire home/apt in Williamsburg,501024,Host1024,t,Brooklyn,Williamsburg,40.676833,-73.950424,Entire home/apt,143.54,1,10,2026-07-23,0.34,1,365,$75-150,True,43.0,Highly Available
1004625,Private room in Bushwick,501025,Host1025,f,Brooklyn,Bushwick,40.688472,-73.96727,Private room,93.03,2,3,2026-07-01,0.18,1,193,$75-150,False,65.0,Highly Available
1004626,Entire home/apt in Mott Haven,501026,Host1026,f,Bronx,Mott Haven,40.852745,-73.886023,Entire home/apt,84.0,1,4,2026-06-03,0.29,1,165,$75-150,False,93.0,Sometimes Available
1004627,Entire home/apt in Tottenville,501027,Host1027,t,Staten Island,Tottenville,40.556111,-74.173891,Entire home/apt,145.17,1,13,2025-10-01,0.42,1,21,$75-150,True,338.0,Rarely Available
1004628,Entire home/apt in Greenpoint,501028,Host1028,f,Brooklyn,Greenpoint,40.685782,-73.965222,Entire home/apt,228.22,1,11,2026-04-07,0.24,1,195,$150-250,False,150.0,Highly Available
1004629,Private room in Park Slope,501029,Host1029,f,Brooklyn,Park Slope,40.684144,-73.949657,Private room,67.87,3,41,2026-03-02,0.97,1,301,$0-75,False,186.0,Highly Available
1004630,Entire home/apt in Hell's Kitchen,501030,Host1030,f,Manhattan,Hell's Kitchen,40.794401,-73.967019,Entire home/apt,415.69,30,54,2026-02-21,1.54,1,206,$400+,False,195.0,Highly Available
1004631,Entire home/apt in Financial District,501031,Host1031,f,Manhattan,Financial District,40.811272,-73.957789,Entire home/apt,506.21,7,9,2026-06-27,0.22,1,214,$400+,False,69.0,Highly Available
1004632,Entire home/apt in Williamsburg,501032,Host1032,f,Brooklyn,Williamsburg,40.669754,-73.960765,Entire home/apt,48.08,7,33,2026-07-21,0.86,1,186,$0-75,False,45.0,Highly Available
1004633,Entire home/apt in Bedford-Stuyvesant,501033,Host1033,f,Brooklyn,Bedford-Stuyvesant,40.694155,-73.938913,Entire home/apt,249.02,3,71,2026-06-13,5.83,3,86,$150-250,False,83.0,Sometimes Available
1004634,Entire home/apt in Bushwick,501034,Host1034,t,Brooklyn,Bushwick,40.670524,-73.92488,Entire home/apt,219.22,3,56,2026-07-21,5.1,1,222,$150-250,True,45.0,Highly Available
1004635,Entire home/apt in Chelsea,501035,Host1035,f,Manhattan,Chelsea,40.758705,-73.940706,Entire home/apt,144.87,1,22,2026-07-10,0.89,1,120,$75-150,False,56.0,Sometimes Available
1004636,Private room in DUMBO,501036,Host1036,t,Brooklyn,DUMBO,40.666012,-73.947061,Private room,80.63,2,0,,0.0,1,243,$75-150,True,,Highly Available
1004637,Private room in Tottenville,501037,Host1037,f,Staten Island,Tottenville,40.6019,-74.12478,Private room,37.88,14,26,2026-07-23,2.8,1,249,$0-75,False,43.0,Highly Available
1004638,Entire home/apt in Riverdale,501038,Host1038,f,Bronx,Riverdale,40.852063,-73.869095,Entire home/apt,45.9,5,0,,0.0,1,353,$0-75,False,,Highly Available
1004639,Private room in Bushwick,501039,Host1039,f,Brooklyn,Bushwick,40.662742,-73.941904,Private room,49.21,3,20,2026-04-19,0.5,1,202,$0-75,False,138.0,Highly Available
1004640,Private room in Greenpoint,501040,Host1040,f,Brooklyn,Greenpoint,40.682893,-73.936372,Private room,45.99,1,10,2026-03-13,0.26,1,219,$0-75,False,175.0,Highly Available
1004641,Entire home/apt in DUMBO,501041,Host1041,t,Brooklyn,DUMBO,40.682675,-73.96307,Entire home/apt,144.55,1,6,2026-03-25,0.44,3,162,$75-150,True,163.0,Sometimes Available
1004642,Hotel room in Crown Heights,501042,Host1042,f,Brooklyn,Crown Heights,40.686298,-73.96131,Hotel room,260.01,1,19,2026-06-24,0.41,5,100,$250-400,False,72.0,Sometimes Available
1004643,Private room in Flushing,501043,Host1043,f,Queens,Flushing,40.71473,-73.80779,Private room,54.24,7,0,,0.0,1,157,$0-75,False,,Sometimes Available
1004644,Shared room in Jamaica,501044,Host1044,f,Queens,Jamaica,40.706088,-73.768923,Shared room,49.49,1,7,2026-06-04,0.15,1,281,$0-75,False,92.0,Highly Available
1004645,Private room in Flushing,501045,Host1045,t,Queens,Flushing,40.736557,-73.805058,Private room,62.65,1,56,2026-03-17,3.41,5,216,$0-75,True,171.0,Highly Available
1004646,Entire home/apt in Park Slope,501046,Host1046,f,Brooklyn,Park Slope,40.687073,-73.958745,Entire home/apt,175.0,1,32,2026-07-21,1.62,1,365,$150-250,False,45.0,Highly Available
1004647,Private room in Williamsburg,501047,Host1047,f,Brooklyn,Williamsburg,40.648182,-73.920361,Private room,62.15,2,49,2026-02-27,1.06,1,181,$0-75,False,189.0,Highly Available
1004648,Entire home/apt in Bushwick,501048,Host1048,f,Brooklyn,Bushwick,40.705758,-73.932965,Entire home/apt,233.39,1,17,2026-07-15,0.46,1,246,$150-250,False,51.0,Highly Available
1004649,Entire home/apt in Riverdale,501049,Host1049,f,Bronx,Riverdale,40.869488,-73.863265,Entire home/apt,70.14,2,12,2026-07-04,1.93,1,312,$0-75,False,62.0,Highly Available
1004650,Entire home/apt in Ridgewood,501050,Host1050,f,Queens,Ridgewood,40.749683,-73.790491,Entire home/apt,43.56,3,32,2025-12-29,0.7,1,308,$0-75,False,249.0,Highly Available
1004651,Entire home/apt in Flushing,501051,Host1051,t,Queens,Flushing,40.727653,-73.791307,Entire home/apt,81.73,2,2,2025-12-31,0.1,5,192,$75-150,True,247.0,Highly Available
1004652,Private room in Riverdale,501052,Host1052,f,Bronx,Riverdale,40.836633,-73.878884,Private room,54.67,2,70,2025-02-07,1.48,3,173,$0-75,False,574.0,Sometimes Available
1004653,Private room in Hell's Kitchen,501053,Host1053,f,Manhattan,Hell's Kitchen,40.773055,-74.011547,Private room,214.59,1,8,2026-06-16,0.31,1,0,$150-250,False,80.0,Rarely Available
1004654,Private room in DUMBO,501054,Host1054,t,Brooklyn,DUMBO,40.685748,-73.941537,Private room,233.57,3,4,2026-07-16,0.14,1,104,$150-250,True,50.0,Sometimes Available
1004655,Private room in Hell's Kitchen,501055,Host1055,f,Manhattan,Hell's Kitchen,40.798487,-73.966189,Private room,219.84,7,50,2026-07-08,8.18,1,300,$150-250,False,58.0,Highly Available
1004656,Entire home/apt in Crown Heights,501056,Host1056,f,Brooklyn,Crown Heights,40.650015,-73.938445,Entire home/apt,128.26,3,10,2026-07-06,0.3,1,0,$75-150,False,60.0,Rarely Available
1004657,Entire home/apt in DUMBO,501057,Host1057,f,Brooklyn,DUMBO,40.650475,-73.945806,Entire home/apt,99.64,3,44,2026-01-14,1.33,2,155,$75-150,False,233.0,Sometimes Available
1004658,Private room in Williamsburg,501058,Host1058,f,Brooklyn,Williamsburg,40.672157,-73.925247,Private room,164.45,2,1,2025-08-27,0.05,2,251,$150-250,False,373.0,Highly Available
1004659,Entire home/apt in Bedford-Stuyvesant,501059,Host1059,f,Brooklyn,Bedford-Stuyvesant,40.653254,-73.965744,Entire home/apt,182.55,1,8,2025-10-10,0.34,2,60,$150-250,False,329.0,Sometimes Available
1004660,Entire home/apt in Bedford-Stuyvesant,501060,Host1060,f,Brooklyn,Bedford-Stuyvesant,40.705965,-73.953309,Entire home/apt,100.15,2,41,2026-06-19,1.42,1,134,$75-150,False,77.0,Sometimes Available
1004661,Private room in Chelsea,501061,Host1061,f,Manhattan,Chelsea,40.770704,-73.958948,Private room,263.68,2,22,2026-03-24,0.67,2,169,$250-400,False,164.0,Sometimes Available
1004662,Private room in Harlem,501062,Host1062,t,Manhattan,Harlem,40.778176,-73.981084,Private room,224.55,7,1,2026-06-29,0.08,3,90,$150-250,True,67.0,Sometimes Available
1004663,Entire home/apt in Williamsburg,501063,Host1063,f,Brooklyn,Williamsburg,40.665746,-73.954236,Entire home/apt,65.82,1,104,2026-05-02,5.4,1,3,$0-75,False,125.0,Rarely Available
1004664,Private room in St. George,501064,Host1064,f,Staten Island,St. George,40.630306,-74.154266,Private room,36.28,1,56,2026-05-15,1.51,1,235,$0-75,False,112.0,Highly Available
1004665,Private room in DUMBO,501065,Host1065,t,Brooklyn,DUMBO,40.667279,-73.927339,Private room,55.27,1,37,2026-03-28,1.41,1,236,$0-75,True,160.0,Highly Available
1004666,Private room in Upper West Side,501066,Host1066,t,Manhattan,Upper West Side,40.779058,-73.961287,Private room,157.15,1,2,2025-02-05,0.08,3,316,$150-250,True,576.0,Highly Available
1004667,Private room in Mott Haven,501067,Host1067,t,Bronx,Mott Haven,40.842189,-73.926783,Private room,65.48,7,8,2026-05-11,0.48,1,365,$0-75,True,116.0,Highly Available
1004668,Entire home/apt in DUMBO,501068,Host1068,f,Brooklyn,DUMBO,40.681695,-73.927266,Entire home/apt,249.09,5,34,2026-07-26,0.74,1,365,$150-250,False,40.0,Highly Available
1004669,Private room in Ridgewood,501069,Host1069,f,Queens,Ridgewood,40.706061,-73.809345,Private room,57.64,2,60,2025-08-24,1.41,1,0,$0-75,False,376.0,Rarely Available
1004670,Entire home/apt in Chelsea,501070,Host1070,f,Manhattan,Chelsea,40.769679,-73.936411,Entire home/apt,188.87,2,7,2026-06-26,0.28,1,69,$150-250,False,70.0,Sometimes Available
1004671,Entire home/apt in DUMBO,501071,Host1071,f,Brooklyn,DUMBO,40.704246,-73.928696,Entire home/apt,123.83,1,37,2026-03-05,2.37,5,249,$75-150,False,183.0,Highly Available
1004672,Private room in Bedford-Stuyvesant,501072,Host1072,f,Brooklyn,Bedford-Stuyvesant,40.663649,-73.931349,Private room,84.99,1,8,2026-05-27,0.22,1,365,$75-150,False,100.0,Highly Available
1004673,Private room in Midtown,501073,Host1073,f,Manhattan,Midtown,40.747174,-73.984068,Private room,132.36,1,40,2026-06-23,2.84,5,337,$75-150,False,73.0,Highly Available
1004674,Private room in Park Slope,501074,Host1074,f,Brooklyn,Park Slope,40.669063,-73.918391,Private room,64.08,14,71,2026-05-25,5.64,1,193,$0-75,False,102.0,Highly Available
1004675,Private room in Flushing,501075,Host1075,f,Queens,Flushing,40.729601,-73.80468,Private room,50.96,2,5,2026-01-15,0.39,1,57,$0-75,False,232.0,Sometimes Available
1004676,Entire home/apt in Financial District,501076,Host1076,t,Manhattan,Financial District,40.763713,-73.984115,Entire home/apt,164.42,5,67,2026-07-02,1.56,1,214,$150-250,True,64.0,Highly Available
1004677,Entire home/apt in DUMBO,501077,Host1077,t,Brooklyn,DUMBO,40.693199,-73.961144,Entire home/apt,123.98,3,25,2026-06-24,1.71,1,279,$75-150,True,72.0,Highly Available
1004678,Entire home/apt in Bedford-Stuyvesant,501078,Host1078,f,Brooklyn,Bedford-Stuyvesant,40.676058,-73.957955,Entire home/apt,260.79,14,7,2026-05-22,0.73,2,168,$250-400,False,105.0,Sometimes Available
1004679,Entire home/apt in Upper West Side,501079,Host1079,f,Manhattan,Upper West Side,40.793009,-73.95372,Entire home/apt,324.3,2,14,2025-10-19,0.41,1,102,$250-400,False,320.0,Sometimes Available
1004680,Entire home/apt in Fordham,501080,Host1080,f,Bronx,Fordham,40.842275,-73.865339,Entire home/apt,148.67,2,1,2026-01-17,0.03,1,123,$75-150,False,230.0,Sometimes Available
1004681,Private room in Midtown,501081,Host1081,t,Manhattan,Midtown,40.707602,-73.973199,Private room,117.84,3,7,2026-03-01,0.15,1,139,$75-150,True,187.0,Sometimes Available
1004682,Private room in Long Island City,501082,Host1082,t,Queens,Long Island City,40.704854,-73.780974,Private room,21.53,7,12,2026-07-12,1.11,1,125,$0-75,True,54.0,Sometimes Available
1004683,Private room in Greenpoint,501083,Host1083,f,Brooklyn,Greenpoint,40.687424,-73.940922,Private room,116.02,1,25,2026-07-21,0.57,3,37,$75-150,False,45.0,Sometimes Available
1004684,Private room in Williamsburg,501084,Host1084,f,Brooklyn,Williamsburg,40.64113,-73.919111,Private room,148.8,1,14,2026-07-23,0.39,1,0,$75-150,False,43.0,Rarely Available
1004685,Entire home/apt in Financial District,501085,Host1085,f,Manhattan,Financial District,40.774423,-73.968138,Entire home/apt,268.97,2,26,2026-06-08,1.19,2,225,$250-400,False,88.0,Highly Available
1004686,Entire home/apt in Jamaica,501086,Host1086,f,Queens,Jamaica,40.718617,-73.821108,Entire home/apt,87.58,5,8,2026-04-24,0.23,3,283,$75-150,False,133.0,Highly Available
1004687,Private room in Williamsburg,501087,Host1087,f,Brooklyn,Williamsburg,40.679183,-73.97564,Private room,122.28,2,24,2026-07-04,1.83,1,146,$75-150,False,62.0,Sometimes Available
1004688,Private room in Greenpoint,501088,Host1088,t,Brooklyn,Greenpoint,40.658918,-73.911374,Private room,50.33,1,15,2026-04-28,0.38,2,183,$0-75,True,129.0,Highly Available
1004689,Entire home/apt in Fordham,501089,Host1089,t,Bronx,Fordham,40.822483,-73.882098,Entire home/apt,39.04,5,44,2026-02-09,1.17,1,355,$0-75,True,207.0,Highly Available
1004690,Private room in Financial District,501090,Host1090,f,Manhattan,Financial District,40.770132,-73.990282,Private room,175.25,1,19,2026-06-03,0.6,1,338,$150-250,False,93.0,Highly Available
1004691,Private room in Upper West Side,501091,Host1091,f,Manhattan,Upper West Side,40.796511,-73.981845,Private room,122.07,3,12,2026-02-21,0.29,1,102,$75-150,False,195.0,Sometimes Available
1004692,Entire home/apt in Astoria,501092,Host1092,f,Queens,Astoria,40.752583,-73.812899,Entire home/apt,223.51,14,22,2026-04-04,0.68,1,23,$150-250,False,153.0,Rarely Available
1004693,Private room in Harlem,501093,Host1093,t,Manhattan,Harlem,40.754884,-73.952305,Private room,69.38,1,35,2026-05-23,1.3,3,0,$0-75,True,104.0,Rarely Available
1004694,Private room in Chelsea,501094,Host1094,t,Manhattan,Chelsea,40.780204,-73.943003,Private room,228.55,7,6,2026-07-26,0.16,1,365,$150-250,True,40.0,Highly Available
1004695,Private room in Crown Heights,501095,Host1095,f,Brooklyn,Crown Heights,40.677446,-73.939033,Private room,170.55,5,0,,0.0,1,0,$150-250,False,,Rarely Available
1004696,Entire home/apt in Chelsea,501096,Host1096,f,Manhattan,Chelsea,40.776974,-73.96987,Entire home/apt,469.18,30,41,2026-07-10,1.8,1,289,$400+,False,56.0,Highly Available
1004697,Hotel room in Flushing,501097,Host1097,t,Queens,Flushing,40.706649,-73.801176,Hotel room,356.02,7,14,2026-05-10,0.36,2,327,$250-400,True,117.0,Highly Available
1004698,Private room in Financial District,501098,Host1098,f,Manhattan,Financial District,40.759201,-73.958015,Private room,134.87,1,38,2026-04-20,1.72,1,0,$75-150,False,137.0,Rarely Available
1004699,Hotel room in Crown Heights,501099,Host1099,f,Brooklyn,Crown Heights,40.703818,-73.950053,Hotel room,85.75,1,17,2026-07-22,0.43,3,138,$75-150,False,44.0,Sometimes Available
1004700,Private room in DUMBO,501100,Host1100,f,Brooklyn,DUMBO,40.625402,-73.917506,Private room,44.78,3,3,2026-08-01,0.22,3,195,$0-75,False,34.0,Highly Available
1004701,Entire home/apt in Riverdale,501101,Host1101,f,Bronx,Riverdale,40.827671,-73.883491,Entire home/apt,183.48,1,0,,0.0,1,75,$150-250,False,,Sometimes Available
1004702,Entire home/apt in Chelsea,501102,Host1102,f,Manhattan,Chelsea,40.769239,-73.987716,Entire home/apt,222.83,1,8,2026-07-08,1.05,1,317,$150-250,False,58.0,Highly Available
1004703,Entire home/apt in Fordham,501103,Host1103,f,Bronx,Fordham,40.834902,-73.868875,Entire home/apt,163.68,1,16,2025-07-19,0.62,10,115,$150-250,False,412.0,Sometimes Available
1004704,Private room in Fordham,501104,Host1104,f,Bronx,Fordham,40.795983,-73.871041,Private room,111.31,14,5,2026-05-13,0.2,3,163,$75-150,False,114.0,Sometimes Available
1004705,Entire home/apt in Riverdale,501105,Host1105,f,Bronx,Riverdale,40.838894,-73.902601,Entire home/apt,101.15,2,12,2026-04-16,0.35,2,224,$75-150,False,141.0,Highly Available
1004706,Entire home/apt in Jamaica,501106,Host1106,f,Queens,Jamaica,40.747406,-73.825491,Entire home/apt,118.32,2,14,2026-07-22,0.57,10,86,$75-150,False,44.0,Sometimes Available
1004707,Entire home/apt in Ridgewood,501107,Host1107,f,Queens,Ridgewood,40.74141,-73.844775,Entire home/apt,287.13,14,6,2026-07-02,0.24,1,222,$250-400,False,64.0,Highly Available
1004708,Private room in Upper West Side,501108,Host1108,t,Manhattan,Upper West Side,40.804656,-73.958094,Private room,225.54,2,40,2025-10-30,1.26,1,0,$150-250,True,309.0,Rarely Available
1004709,Private room in Flushing,501109,Host1109,f,Queens,Flushing,40.718965,-73.783999,Private room,60.77,1,8,2026-05-24,0.2,2,0,$0-75,False,103.0,Rarely Available
1004710,Hotel room in Ridgewood,501110,Host1110,t,Queens,Ridgewood,40.741459,-73.796329,Hotel room,86.85,1,31,2026-06-21,1.26,1,184,$75-150,True,75.0,Highly Available
1004711,Private room in Bedford-Stuyvesant,501111,Host1111,f,Brooklyn,Bedford-Stuyvesant,40.703703,-73.925809,Private room,138.86,30,12,2026-07-31,0.53,1,338,$75-150,False,35.0,Highly Available
1004712,Private room in St. George,501112,Host1112,f,Staten Island,St. George,40.593549,-74.124951,Private room,74.58,14,25,2026-02-01,1.16,2,160,$0-75,False,215.0,Sometimes Available
1004713,Entire home/apt in Jamaica,501113,Host1113,f,Queens,Jamaica,40.747282,-73.786374,Entire home/apt,151.27,7,6,2026-05-18,0.29,1,165,$150-250,False,109.0,Sometimes Available
1004714,Private room in Fordham,501114,Host1114,f,Bronx,Fordham,40.839267,-73.882132,Private room,43.9,1,62,2026-07-14,1.61,1,224,$0-75,False,52.0,Highly Available
1004715,Private room in Financial District,501115,Host1115,t,Manhattan,Financial District,40.796799,-73.932702,Private room,189.81,3,63,2026-04-03,2.21,2,61,$150-250,True,154.0,Sometimes Available
1004716,Private room in Crown Heights,501116,Host1116,f,Brooklyn,Crown Heights,40.684632,-73.942978,Private room,203.7,3,20,2025-10-08,0.83,1,14,$150-250,False,331.0,Rarely Available
1004717,Entire home/apt in Ridgewood,501117,Host1117,f,Queens,Ridgewood,40.749937,-73.827516,Entire home/apt,89.47,7,6,2026-05-29,0.2,2,72,$75-150,False,98.0,Sometimes Available
1004718,Entire home/apt in Long Island City,501118,Host1118,t,Queens,Long Island City,40.730465,-73.793124,Entire home/apt,224.85,1,10,2025-11-27,1.51,1,57,$150-250,True,281.0,Sometimes Available
1004719,Entire home/apt in Mott Haven,501119,Host1119,t,Bronx,Mott Haven,40.813412,-73.898776,Entire home/apt,129.41,14,70,2026-01-16,4.14,1,18,$75-150,True,231.0,Rarely Available
1004720,Entire home/apt in Ridgewood,501120,Host1120,t,Queens,Ridgewood,40.748951,-73.775164,Entire home/apt,407.96,1,7,2026-07-18,0.47,2,182,$400+,True,48.0,Highly Available
1004721,Private room in Mott Haven,501121,Host1121,t,Bronx,Mott Haven,40.830829,-73.887656,Private room,24.28,1,23,2026-07-29,0.78,1,288,$0-75,True,37.0,Highly Available
1004722,Entire home/apt in Williamsburg,501122,Host1122,t,Brooklyn,Williamsburg,40.690655,-73.929521,Entire home/apt,286.08,1,17,2026-07-27,0.95,1,96,$250-400,True,39.0,Sometimes Available
1004723,Entire home/apt in Chelsea,501123,Host1123,f,Manhattan,Chelsea,40.776035,-73.984574,Entire home/apt,198.95,1,10,2026-06-11,0.23,2,3,$150-250,False,85.0,Rarely Available
1004724,Entire home/apt in Hell's Kitchen,501124,Host1124,f,Manhattan,Hell's Kitchen,40.780869,-73.943583,Entire home/apt,90.77,14,6,2026-07-08,0.15,1,161,$75-150,False,58.0,Sometimes Available
1004725,Entire home/apt in DUMBO,501125,Host1125,f,Brooklyn,DUMBO,40.694215,-73.966543,Entire home/apt,63.64,1,41,2026-05-30,1.03,1,262,$0-75,False,97.0,Highly Available
1004726,Entire home/apt in East Village,501126,Host1126,f,Manhattan,East Village,40.743752,-73.974837,Entire home/apt,537.1,1,18,2026-05-28,0.53,2,0,$400+,False,99.0,Rarely Available
1004727,Private room in Ridgewood,501127,Host1127,f,Queens,Ridgewood,40.715187,-73.77333,Private room,67.96,5,10,2026-05-23,0.24,5,83,$0-75,False,104.0,Sometimes Available
1004728,Entire home/apt in Williamsburg,501128,Host1128,t,Brooklyn,Williamsburg,40.690096,-73.913659,Entire home/apt,138.95,1,0,,0.0,3,96,$75-150,True,,Sometimes Available
1004729,Entire home/apt in Chelsea,501129,Host1129,f,Manhattan,Chelsea,40.780169,-73.950691,Entire home/apt,191.26,7,31,2026-07-04,0.74,1,318,$150-250,False,62.0,Highly Available
1004730,Entire home/apt in Long Island City,501130,Host1130,f,Queens,Long Island City,40.735366,-73.77492,Entire home/apt,67.44,1,3,2026-05-11,0.39,1,180,$0-75,False,116.0,Sometimes Available
1004731,Entire home/apt in Jamaica,501131,Host1131,t,Queens,Jamaica,40.705533,-73.791305,Entire home/apt,142.05,1,77,2026-07-25,3.49,1,196,$75-150,True,41.0,Highly Available
1004732,Shared room in Astoria,501132,Host1132,t,Queens,Astoria,40.720499,-73.805609,Shared room,24.69,1,96,2026-05-02,2.7,1,365,$0-75,True,125.0,Highly Available
1004733,Entire home/apt in Bedford-Stuyvesant,501133,Host1133,f,Brooklyn,Bedford-Stuyvesant,40.632623,-73.927296,Entire home/apt,172.44,2,12,2026-07-02,1.01,1,90,$150-250,False,64.0,Sometimes Available
1004734,Private room in Park Slope,501134,Host1134,t,Brooklyn,Park Slope,40.656797,-73.940306,Private room,206.11,7,15,2026-05-16,0.58,1,172,$150-250,True,111.0,Sometimes Available
1004735,Entire home/apt in Chelsea,501135,Host1135,f,Manhattan,Chelsea,40.776448,-73.967003,Entire home/apt,496.83,3,1,2025-03-01,0.02,10,93,$400+,False,552.0,Sometimes Available
1004736,Private room in Midtown,501136,Host1136,f,Manhattan,Midtown,40.775545,-73.96458,Private room,148.34,30,12,2026-07-04,0.59,2,16,$75-150,False,62.0,Rarely Available
1004737,Entire home/apt in Upper West Side,501137,Host1137,f,Manhattan,Upper West Side,40.821514,-73.956483,Entire home/apt,420.79,7,12,2026-05-30,0.57,1,141,$400+,False,97.0,Sometimes Available
1004738,Private room in Chelsea,501138,Host1138,f,Manhattan,Chelsea,40.744219,-73.953821,Private room,88.18,2,22,2026-05-25,1.59,1,183,$75-150,False,102.0,Highly Available
1004739,Private room in Hell's Kitchen,501139,Host1139,f,Manhattan,Hell's Kitchen,40.788543,-73.970812,Private room,76.66,2,2,2025-12-21,0.06,1,110,$75-150,False,257.0,Sometimes Available
1004740,Entire home/apt in DUMBO,501140,Host1140,t,Brooklyn,DUMBO,40.693417,-73.937129,Entire home/apt,119.32,3,38,2026-06-30,1.34,1,138,$75-150,True,66.0,Sometimes Available
1004741,Private room in Mott Haven,501141,Host1141,f,Bronx,Mott Haven,40.850756,-73.888913,Private room,98.75,1,0,,0.0,1,225,$75-150,False,,Highly Available
1004742,Entire home/apt in East Village,501142,Host1142,f,Manhattan,East Village,40.782635,-73.966076,Entire home/apt,334.55,2,20,2026-02-06,0.46,1,139,$250-400,False,210.0,Sometimes Available
1004743,Shared room in Midtown,501143,Host1143,f,Manhattan,Midtown,40.758996,-73.972341,Shared room,54.85,5,9,2025-10-21,0.45,1,76,$0-75,False,318.0,Sometimes Available
1004744,Entire home/apt in Riverdale,501144,Host1144,f,Bronx,Riverdale,40.849542,-73.897792,Entire home/apt,151.21,2,37,2025-10-05,0.8,1,160,$150-250,False,334.0,Sometimes Available
1004745,Entire home/apt in Greenpoint,501145,Host1145,f,Brooklyn,Greenpoint,40.646447,-73.936325,Entire home/apt,80.47,2,54,2026-01-11,2.66,1,121,$75-150,False,236.0,Sometimes Available
1004746,Entire home/apt in Midtown,501146,Host1146,f,Manhattan,Midtown,40.773147,-73.992308,Entire home/apt,257.38,1,4,2026-07-21,0.51,1,332,$250-400,False,45.0,Highly Available
1004747,Private room in East Village,501147,Host1147,f,Manhattan,East Village,40.780383,-73.937872,Private room,58.32,3,24,2026-03-18,1.09,1,125,$0-75,False,170.0,Sometimes Available
1004748,Entire home/apt in Fordham,501148,Host1148,f,Bronx,Fordham,40.844388,-73.872251,Entire home/apt,129.8,3,72,2026-06-22,1.66,1,0,$75-150,False,74.0,Rarely Available
1004749,Entire home/apt in East Village,501149,Host1149,t,Manhattan,East Village,40.756343,-73.962671,Entire home/apt,337.54,3,17,2026-05-17,1.17,10,104,$250-400,True,110.0,Sometimes Available
1004750,Entire home/apt in Greenpoint,501150,Host1150,t,Brooklyn,Greenpoint,40.695059,-73.928538,Entire home/apt,163.99,5,9,2026-05-04,0.26,3,89,$150-250,True,123.0,Sometimes Available
1004751,Entire home/apt in Financial District,501151,Host1151,f,Manhattan,Financial District,40.753807,-73.945052,Entire home/apt,156.8,1,32,2025-09-03,0.9,1,172,$150-250,False,366.0,Sometimes Available
1004752,Entire home/apt in Williamsburg,501152,Host1152,t,Brooklyn,Williamsburg,40.685512,-73.938362,Entire home/apt,289.55,14,28,2026-06-12,0.59,1,70,$250-400,True,84.0,Sometimes Available
1004753,Entire home/apt in Greenpoint,501153,Host1153,f,Brooklyn,Greenpoint,40.667577,-73.952541,Entire home/apt,350.53,1,26,2026-03-22,2.63,1,247,$250-400,False,166.0,Highly Available
1004754,Entire home/apt in DUMBO,501154,Host1154,t,Brooklyn,DUMBO,40.667388,-73.945362,Entire home/apt,112.89,7,0,,0.0,1,99,$75-150,True,,Sometimes Available
1004755,Entire home/apt in Upper West Side,501155,Host1155,f,Manhattan,Upper West Side,40.790255,-73.977146,Entire home/apt,303.78,30,50,2026-03-20,2.35,1,183,$250-400,False,168.0,Highly Available
1004756,Entire home/apt in Flushing,501156,Host1156,t,Queens,Flushing,40.706824,-73.772285,Entire home/apt,233.57,7,7,2026-01-14,0.28,2,198,$150-250,True,233.0,Highly Available
1004757,Entire home/apt in Mott Haven,501157,Host1157,f,Bronx,Mott Haven,40.789842,-73.899693,Entire home/apt,104.21,2,6,2026-02-14,0.16,1,280,$75-150,False,202.0,Highly Available
1004758,Private room in Chelsea,501158,Host1158,f,Manhattan,Chelsea,40.766506,-73.949292,Private room,205.05,2,17,2026-07-10,0.87,1,107,$150-250,False,56.0,Sometimes Available
1004759,Entire home/apt in Crown Heights,501159,Host1159,f,Brooklyn,Crown Heights,40.681172,-73.940096,Entire home/apt,152.3,14,4,2025-09-04,0.15,5,231,$150-250,False,365.0,Highly Available
1004760,Private room in Tottenville,501160,Host1160,f,Staten Island,Tottenville,40.600495,-74.162897,Private room,133.98,3,133,2024-09-30,7.44,1,188,$75-150,False,704.0,Highly Available
1004761,Entire home/apt in Chelsea,501161,Host1161,f,Manhattan,Chelsea,40.815055,-73.948588,Entire home/apt,188.41,2,13,2026-07-04,0.47,10,36,$150-250,False,62.0,Sometimes Available
1004762,Private room in Midtown,501162,Host1162,f,Manhattan,Midtown,40.759252,-73.987519,Private room,173.77,1,14,2025-05-25,1.34,1,241,$150-250,False,467.0,Highly Available
1004763,Entire home/apt in St. George,501163,Host1163,f,Staten Island,St. George,40.612289,-74.100256,Entire home/apt,69.21,7,57,2026-07-25,1.36,3,312,$0-75,False,41.0,Highly Available
1004764,Entire home/apt in Park Slope,501164,Host1164,t,Brooklyn,Park Slope,40.691832,-73.942338,Entire home/apt,77.4,2,19,2026-05-17,0.67,1,365,$75-150,True,110.0,Highly Available
1004765,Entire home/apt in Bedford-Stuyvesant,501165,Host1165,f,Brooklyn,Bedford-Stuyvesant,40.669597,-73.919437,Entire home/apt,416.0,2,3,2026-06-13,0.27,1,138,$400+,False,83.0,Sometimes Available
1004766,Entire home/apt in Riverdale,501166,Host1166,f,Bronx,Riverdale,40.849688,-73.895071,Entire home/apt,44.3,1,43,2026-06-22,3.63,1,180,$0-75,False,74.0,Sometimes Available
1004767,Entire home/apt in Greenpoint,501167,Host1167,f,Brooklyn,Greenpoint,40.66454,-73.930219,Entire home/apt,140.61,5,7,2026-07-11,0.77,2,206,$75-150,False,55.0,Highly Available
1004768,Entire home/apt in Williamsburg,501168,Host1168,f,Brooklyn,Williamsburg,40.673953,-73.959735,Entire home/apt,487.91,14,5,2026-07-14,0.14,1,29,$400+,False,52.0,Rarely Available
1004769,Entire home/apt in Long Island City,501169,Host1169,t,Queens,Long Island City,40.739126,-73.782615,Entire home/apt,48.94,1,35,2026-06-12,1.25,1,0,$0-75,True,84.0,Rarely Available
1004770,Entire home/apt in Long Island City,501170,Host1170,f,Queens,Long Island City,40.723667,-73.821689,Entire home/apt,154.26,2,40,2026-03-11,5.46,3,0,$150-250,False,177.0,Rarely Available
1004771,Entire home/apt in Williamsburg,501171,Host1171,f,Brooklyn,Williamsburg,40.683225,-73.942701,Entire home/apt,91.14,14,37,2026-01-08,1.43,1,130,$75-150,False,239.0,Sometimes Available
1004772,Private room in Hell's Kitchen,501172,Host1172,f,Manhattan,Hell's Kitchen,40.797354,-73.955711,Private room,193.29,1,12,2025-06-29,0.27,1,241,$150-250,False,432.0,Highly Available
1004773,Hotel room in Upper West Side,501173,Host1173,f,Manhattan,Upper West Side,40.765227,-73.943662,Hotel room,553.4843000000001,3,16,2026-04-08,1.16,5,290,$400+,False,149.0,Highly Available
1004774,Entire home/apt in Midtown,501174,Host1174,f,Manhattan,Midtown,40.757957,-73.959271,Entire home/apt,553.4843000000001,1,62,2026-05-23,1.92,10,203,$400+,False,104.0,Highly Available
1004775,Private room in Upper West Side,501175,Host1175,t,Manhattan,Upper West Side,40.743397,-73.94389,Private room,204.39,2,6,2025-03-14,0.15,1,358,$150-250,True,539.0,Highly Available
1004776,Hotel room in Astoria,501176,Host1176,f,Queens,Astoria,40.742815,-73.785056,Hotel room,159.17,14,11,2026-03-21,0.35,1,0,$150-250,False,167.0,Rarely Available
1004777,Private room in Chelsea,501177,Host1177,f,Manhattan,Chelsea,40.781447,-73.976964,Private room,172.66,1,58,2026-06-03,4.15,1,128,$150-250,False,93.0,Sometimes Available
1004778,Entire home/apt in Midtown,501178,Host1178,f,Manhattan,Midtown,40.829688,-73.991997,Entire home/apt,163.33,1,16,2026-02-24,0.54,1,293,$150-250,False,192.0,Highly Available
1004779,Private room in Midtown,501179,Host1179,f,Manhattan,Midtown,40.761956,-73.987322,Private room,107.94,2,18,2026-06-24,0.45,1,145,$75-150,False,72.0,Sometimes Available
1004780,Private room in Riverdale,501180,Host1180,t,Bronx,Riverdale,40.857121,-73.893061,Private room,28.27,1,29,2025-12-29,1.66,1,5,$0-75,True,249.0,Rarely Available
1004781,Private room in Chelsea,501181,Host1181,f,Manhattan,Chelsea,40.818749,-73.969987,Private room,90.64,1,13,2025-12-26,0.34,1,83,$75-150,False,252.0,Sometimes Available
1004782,Entire home/apt in Astoria,501182,Host1182,f,Queens,Astoria,40.730047,-73.788211,Entire home/apt,91.73,2,10,2026-06-27,0.63,3,163,$75-150,False,69.0,Sometimes Available
1004783,Private room in DUMBO,501183,Host1183,f,Brooklyn,DUMBO,40.643452,-73.9314,Private room,66.18,7,49,2025-08-29,1.42,1,120,$0-75,False,371.0,Sometimes Available
1004784,Private room in Williamsburg,501184,Host1184,f,Brooklyn,Williamsburg,40.691699,-73.9434,Private room,91.11,2,15,2026-07-03,0.56,10,128,$75-150,False,63.0,Sometimes Available
1004785,Entire home/apt in Bedford-Stuyvesant,501185,Host1185,f,Brooklyn,Bedford-Stuyvesant,40.662347,-73.948361,Entire home/apt,172.13,3,32,2026-04-15,1.03,1,365,$150-250,False,142.0,Highly Available
1004786,Entire home/apt in Midtown,501186,Host1186,t,Manhattan,Midtown,40.772855,-73.964961,Entire home/apt,160.56,1,33,2026-05-19,1.38,1,85,$150-250,True,108.0,Sometimes Available
1004787,Shared room in Chelsea,501187,Host1187,f,Manhattan,Chelsea,40.789882,-73.962506,Shared room,44.4,1,2,2025-12-25,0.26,1,91,$0-75,False,253.0,Sometimes Available
1004788,Entire home/apt in Williamsburg,501188,Host1188,f,Brooklyn,Williamsburg,40.69108,-73.979293,Entire home/apt,307.74,1,4,2026-06-23,0.19,1,39,$250-400,False,73.0,Sometimes Available
1004789,Entire home/apt in Financial District,501189,Host1189,t,Manhattan,Financial District,40.788421,-73.955066,Entire home/apt,134.81,1,12,2025-02-10,0.39,2,70,$75-150,True,571.0,Sometimes Available
1004790,Private room in Chelsea,501190,Host1190,t,Manhattan,Chelsea,40.756035,-73.929757,Private room,106.95,2,0,,0.0,1,56,$75-150,True,,Sometimes Available
1004791,Entire home/apt in Crown Heights,501191,Host1191,f,Brooklyn,Crown Heights,40.68995,-73.893665,Entire home/apt,155.57,14,7,2026-06-21,0.19,1,70,$150-250,False,75.0,Sometimes Available
1004792,Shared room in Long Island City,501192,Host1192,f,Queens,Long Island City,40.718148,-73.795164,Shared room,55.23,2,37,2025-08-05,1.01,10,0,$0-75,False,395.0,Rarely Available
1004793,Private room in Mott Haven,501193,Host1193,t,Bronx,Mott Haven,40.837072,-73.882442,Private room,87.7,3,5,2026-05-17,0.16,1,191,$75-150,True,110.0,Highly Available
1004794,Entire home/apt in Williamsburg,501194,Host1194,f,Brooklyn,Williamsburg,40.680916,-73.961237,Entire home/apt,295.97,3,48,2026-04-26,1.24,1,118,$250-400,False,131.0,Sometimes Available
1004795,Entire home/apt in Upper West Side,501195,Host1195,f,Manhattan,Upper West Side,40.750984,-73.972231,Entire home/apt,490.84,1,5,2026-06-15,0.37,1,294,$400+,False,81.0,Highly Available
1004796,Private room in Bedford-Stuyvesant,501196,Host1196,f,Brooklyn,Bedford-Stuyvesant,40.716123,-73.936761,Private room,96.93,1,1,2026-06-03,0.07,1,247,$75-150,False,93.0,Highly Available
1004797,Private room in Bedford-Stuyvesant,501197,Host1197,f,Brooklyn,Bedford-Stuyvesant,40.675015,-73.968222,Private room,35.17,5,25,2026-04-06,0.8,2,24,$0-75,False,151.0,Rarely Available
1004798,Shared room in Jamaica,501198,Host1198,t,Queens,Jamaica,40.714902,-73.785782,Shared room,30.52,1,12,2025-12-29,0.63,1,123,$0-75,True,249.0,Sometimes Available
1004799,Private room in Flushing,501199,Host1199,f,Queens,Flushing,40.735943,-73.779466,Private room,150.59,1,16,2026-07-15,0.43,1,120,$150-250,False,51.0,Sometimes Available
1004800,Private room in Hell's Kitchen,501200,Host1200,f,Manhattan,Hell's Kitchen,40.796159,-73.957174,Private room,115.52,2,27,2026-07-17,1.32,1,38,$75-150,False,49.0,Sometimes Available
1004801,Private room in Crown Heights,501201,Host1201,f,Brooklyn,Crown Heights,40.66443,-73.963683,Private room,151.15,3,49,2025-09-19,2.46,1,48,$150-250,False,350.0,Sometimes Available
1004802,Entire home/apt in Riverdale,501202,Host1202,f,Bronx,Riverdale,40.830015,-73.907541,Entire home/apt,95.42,2,10,2026-07-16,0.28,1,67,$75-150,False,50.0,Sometimes Available
1004803,Entire home/apt in Harlem,501203,Host1203,f,Manhattan,Harlem,40.755793,-73.998343,Entire home/apt,284.63,1,73,2026-03-21,3.11,1,191,$250-400,False,167.0,Highly Available
1004804,Entire home/apt in Mott Haven,501204,Host1204,t,Bronx,Mott Haven,40.829499,-73.891949,Entire home/apt,40.55,14,29,2026-05-10,1.22,1,154,$0-75,True,117.0,Sometimes Available
1004805,Private room in Astoria,501205,Host1205,f,Queens,Astoria,40.709261,-73.793778,Private room,66.88,1,2,2026-06-11,0.08,2,189,$0-75,False,85.0,Highly Available
1004806,Entire home/apt in Upper West Side,501206,Host1206,f,Manhattan,Upper West Side,40.781048,-73.973811,Entire home/apt,402.09,3,21,2026-03-10,3.28,1,49,$400+,False,178.0,Sometimes Available
1004807,Entire home/apt in DUMBO,501207,Host1207,f,Brooklyn,DUMBO,40.670431,-73.887746,Entire home/apt,39.2,1,22,2026-06-08,3.53,1,66,$0-75,False,88.0,Sometimes Available
1004808,Entire home/apt in Bedford-Stuyvesant,501208,Host1208,f,Brooklyn,Bedford-Stuyvesant,40.680497,-73.988079,Entire home/apt,203.22,2,0,,0.0,1,69,$150-250,False,,Sometimes Available
1004809,Private room in Riverdale,501209,Host1209,f,Bronx,Riverdale,40.84945,-73.880283,Private room,76.18,3,12,2026-07-30,0.28,1,169,$75-150,False,36.0,Sometimes Available
1004810,Private room in Greenpoint,501210,Host1210,t,Brooklyn,Greenpoint,40.6767,-73.945422,Private room,418.73,7,11,2025-11-30,1.61,2,188,$400+,True,278.0,Highly Available
1004811,Entire home/apt in Bushwick,501211,Host1211,f,Brooklyn,Bushwick,40.686819,-73.926871,Entire home/apt,72.81,1,0,,0.0,1,168,$0-75,False,,Sometimes Available
1004812,Entire home/apt in Jamaica,501212,Host1212,f,Queens,Jamaica,40.74775,-73.807237,Entire home/apt,83.97,2,45,2026-06-28,2.14,1,365,$75-150,False,68.0,Highly Available
1004813,Private room in Midtown,501213,Host1213,f,Manhattan,Midtown,40.759363,-73.970351,Private room,91.24,1,0,,0.0,2,242,$75-150,False,,Highly Available
1004814,Private room in Park Slope,501214,Host1214,f,Brooklyn,Park Slope,40.684792,-73.925172,Private room,133.13,1,9,2026-05-01,0.28,1,231,$75-150,False,126.0,Highly Available
1004815,Entire home/apt in Mott Haven,501215,Host1215,f,Bronx,Mott Haven,40.840592,-73.895934,Entire home/apt,143.04,1,39,2026-06-12,1.1,1,129,$75-150,False,84.0,Sometimes Available
1004816,Private room in Greenpoint,501216,Host1216,f,Brooklyn,Greenpoint,40.696293,-73.965822,Private room,97.88,7,11,2026-02-28,0.23,3,103,$75-150,False,188.0,Sometimes Available
1004817,Private room in Hell's Kitchen,501217,Host1217,f,Manhattan,Hell's Kitchen,40.793779,-73.989538,Private room,224.46,1,17,2026-07-29,0.37,1,144,$150-250,False,37.0,Sometimes Available
1004818,Private room in Bedford-Stuyvesant,501218,Host1218,f,Brooklyn,Bedford-Stuyvesant,40.707049,-73.932828,Private room,44.72,3,8,2026-08-01,0.54,1,242,$0-75,False,34.0,Highly Available
1004819,Private room in Williamsburg,501219,Host1219,f,Brooklyn,Williamsburg,40.699995,-73.912774,Private room,61.66,14,52,2025-10-04,1.94,3,10,$0-75,False,335.0,Rarely Available
1004820,Entire home/apt in Fordham,501220,Host1220,f,Bronx,Fordham,40.847337,-73.895244,Entire home/apt,181.99,1,51,2026-07-01,1.31,1,218,$150-250,False,65.0,Highly Available
1004821,Entire home/apt in DUMBO,501221,Host1221,t,Brooklyn,DUMBO,40.701119,-73.958419,Entire home/apt,114.83,1,86,2026-06-28,1.94,1,33,$75-150,True,68.0,Sometimes Available
1004822,Private room in Park Slope,501222,Host1222,f,Brooklyn,Park Slope,40.648615,-73.952007,Private room,25.92,2,3,2026-06-24,0.14,1,310,$0-75,False,72.0,Highly Available
1004823,Entire home/apt in Financial District,501223,Host1223,f,Manhattan,Financial District,40.775481,-73.990199,Entire home/apt,173.59,2,10,2026-08-01,0.71,1,192,$150-250,False,34.0,Highly Available
1004824,Entire home/apt in Hell's Kitchen,501224,Host1224,f,Manhattan,Hell's Kitchen,40.806889,-73.975982,Entire home/apt,172.4,2,9,2026-02-23,0.25,1,57,$150-250,False,193.0,Sometimes Available
1004825,Private room in Hell's Kitchen,501225,Host1225,f,Manhattan,Hell's Kitchen,40.763934,-73.959921,Private room,160.67,5,55,2026-04-15,1.2,1,365,$150-250,False,142.0,Highly Available
1004826,Entire home/apt in Astoria,501226,Host1226,t,Queens,Astoria,40.704998,-73.787336,Entire home/apt,77.86,1,14,2026-05-07,0.43,3,261,$75-150,True,120.0,Highly Available
1004827,Private room in Hell's Kitchen,501227,Host1227,f,Manhattan,Hell's Kitchen,40.780819,-73.947131,Private room,80.88,1,26,2025-09-23,2.28,1,174,$75-150,False,346.0,Sometimes Available
1004828,Private room in DUMBO,501228,Host1228,f,Brooklyn,DUMBO,40.654941,-73.959248,Private room,155.68,3,18,2024-06-27,0.43,1,246,$150-250,False,799.0,Highly Available
1004829,Private room in Williamsburg,501229,Host1229,f,Brooklyn,Williamsburg,40.722537,-73.969028,Private room,318.42,7,33,2026-05-29,1.3,1,120,$250-400,False,98.0,Sometimes Available
1004830,Private room in Bedford-Stuyvesant,501230,Host1230,f,Brooklyn,Bedford-Stuyvesant,40.686485,-73.938115,Private room,67.01,7,25,2026-04-11,0.6,5,112,$0-75,False,146.0,Sometimes Available
1004831,Entire home/apt in Financial District,501231,Host1231,t,Manhattan,Financial District,40.767445,-73.940542,Entire home/apt,309.4,1,36,2026-08-01,1.49,3,0,$250-400,True,34.0,Rarely Available
1004832,Entire home/apt in Greenpoint,501232,Host1232,t,Brooklyn,Greenpoint,40.694594,-73.955703,Entire home/apt,345.32,1,38,2025-09-07,0.85,1,211,$250-400,True,362.0,Highly Available
1004833,Private room in DUMBO,501233,Host1233,t,Brooklyn,DUMBO,40.669692,-73.934599,Private room,261.21,2,15,2026-05-08,0.37,1,63,$250-400,True,119.0,Sometimes Available
1004834,Private room in Ridgewood,501234,Host1234,f,Queens,Ridgewood,40.72367,-73.788913,Private room,77.9,5,1,2026-07-30,0.05,2,324,$75-150,False,36.0,Highly Available
1004835,Private room in Financial District,501235,Host1235,f,Manhattan,Financial District,40.763078,-73.960018,Private room,305.37,2,76,2026-05-29,2.67,3,94,$250-400,False,98.0,Sometimes Available
1004836,Private room in Mott Haven,501236,Host1236,f,Bronx,Mott Haven,40.824373,-73.896822,Private room,94.7,1,21,2025-09-17,0.9,1,220,$75-150,False,352.0,Highly Available
1004837,Private room in Riverdale,501237,Host1237,f,Bronx,Riverdale,40.848337,-73.890213,Private room,106.23,2,39,2026-07-28,2.7,1,197,$75-150,False,38.0,Highly Available
1004838,Entire home/apt in Harlem,501238,Host1238,f,Manhattan,Harlem,40.758894,-73.979586,Entire home/apt,296.1,2,3,2026-07-14,0.07,1,0,$250-400,False,52.0,Rarely Available
1004839,Private room in Williamsburg,501239,Host1239,t,Brooklyn,Williamsburg,40.711619,-73.957502,Private room,100.08,1,11,2026-07-01,0.25,1,76,$75-150,True,65.0,Sometimes Available
1004840,Entire home/apt in Chelsea,501240,Host1240,f,Manhattan,Chelsea,40.761647,-73.99111,Entire home/apt,118.77,14,29,2026-01-04,1.03,1,275,$75-150,False,243.0,Highly Available
1004841,Private room in Chelsea,501241,Host1241,f,Manhattan,Chelsea,40.796254,-73.959469,Private room,102.08,2,12,2026-03-14,1.32,1,0,$75-150,False,174.0,Rarely Available
1004842,Private room in Greenpoint,501242,Host1242,f,Brooklyn,Greenpoint,40.700739,-73.940365,Private room,172.2,3,21,2026-06-01,0.45,2,0,$150-250,False,95.0,Rarely Available
1004843,Private room in Park Slope,501243,Host1243,f,Brooklyn,Park Slope,40.682605,-73.918913,Private room,48.63,7,61,2026-07-14,3.29,1,231,$0-75,False,52.0,Highly Available
1004844,Entire home/apt in East Village,501244,Host1244,t,Manhattan,East Village,40.76916,-73.979772,Entire home/apt,160.26,5,29,2026-06-03,1.21,1,61,$150-250,True,93.0,Sometimes Available
1004845,Entire home/apt in East Village,501245,Host1245,f,Manhattan,East Village,40.769197,-73.999534,Entire home/apt,150.9,2,3,2025-08-26,0.11,10,0,$150-250,False,374.0,Rarely Available
1004846,Private room in Midtown,501246,Host1246,t,Manhattan,Midtown,40.740277,-73.996817,Private room,91.61,7,64,2026-01-30,1.74,1,311,$75-150,True,217.0,Highly Available
1004847,Private room in Midtown,501247,Host1247,f,Manhattan,Midtown,40.789623,-74.024127,Private room,143.5,2,11,2026-07-06,1.17,1,105,$75-150,False,60.0,Sometimes Available
1004848,Entire home/apt in Astoria,501248,Host1248,f,Queens,Astoria,40.689044,-73.797609,Entire home/apt,126.23,1,14,2026-06-28,0.71,1,134,$75-150,False,68.0,Sometimes Available
1004849,Private room in East Village,501249,Host1249,f,Manhattan,East Village,40.764578,-73.969829,Private room,292.25,2,14,2025-07-02,0.47,1,162,$250-400,False,429.0,Sometimes Available
1004850,Entire home/apt in Flushing,501250,Host1250,f,Queens,Flushing,40.713272,-73.772228,Entire home/apt,40.53,3,21,2026-06-02,0.46,2,42,$0-75,False,94.0,Sometimes Available
1004851,Entire home/apt in Upper West Side,501251,Host1251,t,Manhattan,Upper West Side,40.76528,-73.978752,Entire home/apt,225.91,1,9,2026-06-26,1.14,1,111,$150-250,True,70.0,Sometimes Available
1004852,Private room in Flushing,501252,Host1252,f,Queens,Flushing,40.692522,-73.793164,Private room,150.7,1,12,2026-04-11,0.42,1,0,$150-250,False,146.0,Rarely Available
1004853,Private room in Chelsea,501253,Host1253,t,Manhattan,Chelsea,40.782255,-73.954052,Private room,78.86,1,57,2026-07-28,7.61,1,8,$75-150,True,38.0,Rarely Available
1004854,Entire home/apt in Park Slope,501254,Host1254,t,Brooklyn,Park Slope,40.675715,-73.962836,Entire home/apt,149.17,30,35,2026-05-10,0.8,1,24,$75-150,True,117.0,Rarely Available
1004855,Entire home/apt in Greenpoint,501255,Host1255,f,Brooklyn,Greenpoint,40.63471,-73.957889,Entire home/apt,415.74,1,17,2026-07-18,0.77,1,207,$400+,False,48.0,Highly Available
1004856,Private room in Park Slope,501256,Host1256,t,Brooklyn,Park Slope,40.662279,-73.935819,Private room,99.39,1,0,,0.0,2,158,$75-150,True,,Sometimes Available
1004857,Private room in Hell's Kitchen,501257,Host1257,t,Manhattan,Hell's Kitchen,40.765086,-73.978706,Private room,126.15,1,6,2026-07-31,0.14,1,205,$75-150,True,35.0,Highly Available
1004858,Entire home/apt in Bedford-Stuyvesant,501258,Host1258,t,Brooklyn,Bedford-Stuyvesant,40.682531,-73.974762,Entire home/apt,161.87,2,10,2026-01-31,1.43,1,272,$150-250,True,216.0,Highly Available
1004859,Shared room in Financial District,501259,Host1259,f,Manhattan,Financial District,40.793505,-73.994671,Shared room,35.92,7,25,2026-07-09,0.63,1,99,$0-75,False,57.0,Sometimes Available
1004860,Private room in Financial District,501260,Host1260,f,Manhattan,Financial District,40.762994,-74.003634,Private room,120.75,2,30,2026-05-14,2.03,3,171,$75-150,False,113.0,Sometimes Available
1004861,Private room in Park Slope,501261,Host1261,f,Brooklyn,Park Slope,40.680803,-73.941119,Private room,104.08,2,53,2025-08-20,1.95,3,348,$75-150,False,380.0,Highly Available
1004862,Entire home/apt in Flushing,501262,Host1262,f,Queens,Flushing,40.733292,-73.779955,Entire home/apt,156.9,7,3,2025-10-03,0.3,5,191,$150-250,False,336.0,Highly Available
1004863,Entire home/apt in Bushwick,501263,Host1263,f,Brooklyn,Bushwick,40.679633,-73.937663,Entire home/apt,44.13,1,86,2026-02-17,4.78,1,178,$0-75,False,199.0,Sometimes Available
1004864,Entire home/apt in Chelsea,501264,Host1264,f,Manhattan,Chelsea,40.782182,-73.953902,Entire home/apt,254.83,2,47,2026-07-26,1.26,1,123,$250-400,False,40.0,Sometimes Available
1004865,Private room in Hell's Kitchen,501265,Host1265,t,Manhattan,Hell's Kitchen,40.769866,-74.002612,Private room,103.03,1,6,2026-02-16,0.13,1,9,$75-150,True,200.0,Rarely Available
1004866,Entire home/apt in Upper West Side,501266,Host1266,f,Manhattan,Upper West Side,40.770025,-73.996549,Entire home/apt,272.84,2,23,2026-05-05,2.28,3,0,$250-400,False,122.0,Rarely Available
1004867,Entire home/apt in East Village,501267,Host1267,f,Manhattan,East Village,40.776197,-73.961395,Entire home/apt,154.82,1,36,2026-03-17,2.8,1,31,$150-250,False,171.0,Sometimes Available
1004868,Entire home/apt in Upper West Side,501268,Host1268,f,Manhattan,Upper West Side,40.731135,-73.997058,Entire home/apt,260.27,7,33,2026-04-09,0.71,1,322,$250-400,False,148.0,Highly Available
1004869,Private room in Bedford-Stuyvesant,501269,Host1269,f,Brooklyn,Bedford-Stuyvesant,40.644782,-73.959542,Private room,45.68,3,54,2026-06-15,4.76,1,151,$0-75,False,81.0,Sometimes Available
1004870,Private room in Upper West Side,501270,Host1270,f,Manhattan,Upper West Side,40.750103,-73.95734,Private room,300.1,1,35,2026-02-17,0.93,3,0,$250-400,False,199.0,Rarely Available
1004871,Shared room in Flushing,501271,Host1271,f,Queens,Flushing,40.739589,-73.838615,Shared room,58.91,5,19,2026-04-24,1.26,1,324,$0-75,False,133.0,Highly Available
1004872,Private room in Ridgewood,501272,Host1272,f,Queens,Ridgewood,40.731006,-73.79037,Private room,64.01,3,0,,0.0,2,0,$0-75,False,,Rarely Available
1004873,Entire home/apt in Fordham,501273,Host1273,t,Bronx,Fordham,40.853587,-73.863213,Entire home/apt,174.0,2,38,2026-05-21,2.4,1,41,$150-250,True,106.0,Sometimes Available
1004874,Shared room in Crown Heights,501274,Host1274,f,Brooklyn,Crown Heights,40.665486,-73.930269,Shared room,136.23,7,9,2026-05-25,0.47,1,184,$75-150,False,102.0,Highly Available
1004875,Entire home/apt in Financial District,501275,Host1275,f,Manhattan,Financial District,40.770253,-73.960239,Entire home/apt,155.36,5,14,2026-07-25,0.29,1,72,$150-250,False,41.0,Sometimes Available
1004876,Private room in Riverdale,501276,Host1276,f,Bronx,Riverdale,40.823594,-73.908026,Private room,74.27,2,7,2026-06-20,0.28,1,112,$0-75,False,76.0,Sometimes Available
1004877,Entire home/apt in East Village,501277,Host1277,f,Manhattan,East Village,40.792797,-73.947117,Entire home/apt,553.4843000000001,14,8,2026-04-29,0.25,1,145,$400+,False,128.0,Sometimes Available
1004878,Private room in Bedford-Stuyvesant,501278,Host1278,f,Brooklyn,Bedford-Stuyvesant,40.695762,-73.937969,Private room,74.56,1,66,2026-04-18,5.65,1,103,$0-75,False,139.0,Sometimes Available
1004879,Private room in Chelsea,501279,Host1279,t,Manhattan,Chelsea,40.734863,-73.977924,Private room,267.59,14,2,2026-06-29,0.1,1,193,$250-400,True,67.0,Highly Available
1004880,Entire home/apt in Mott Haven,501280,Host1280,f,Bronx,Mott Haven,40.82656,-73.864731,Entire home/apt,187.59,3,4,2026-07-29,0.2,3,203,$150-250,False,37.0,Highly Available
1004881,Entire home/apt in East Village,501281,Host1281,f,Manhattan,East Village,40.797187,-73.97187,Entire home/apt,112.4,7,2,2026-07-08,0.05,1,0,$75-150,False,58.0,Rarely Available
1004882,Entire home/apt in Long Island City,501282,Host1282,f,Queens,Long Island City,40.740555,-73.781927,Entire home/apt,211.43,2,32,2026-06-21,0.77,1,70,$150-250,False,75.0,Sometimes Available
1004883,Entire home/apt in East Village,501283,Host1283,f,Manhattan,East Village,40.757479,-73.941882,Entire home/apt,382.62,2,28,2026-06-18,0.63,3,351,$250-400,False,78.0,Highly Available
1004884,Private room in Ridgewood,501284,Host1284,f,Queens,Ridgewood,40.71569,-73.80365,Private room,52.03,1,48,2026-06-16,3.95,1,102,$0-75,False,80.0,Sometimes Available
1004885,Private room in Crown Heights,501285,Host1285,t,Brooklyn,Crown Heights,40.711001,-73.946362,Private room,125.68,1,7,2026-06-29,0.17,1,336,$75-150,True,67.0,Highly Available
1004886,Entire home/apt in DUMBO,501286,Host1286,f,Brooklyn,DUMBO,40.653966,-73.906638,Entire home/apt,162.94,7,26,2025-12-23,1.82,2,0,$150-250,False,255.0,Rarely Available
1004887,Private room in Bushwick,501287,Host1287,f,Brooklyn,Bushwick,40.704948,-73.92683,Private room,86.31,1,8,2026-05-10,0.27,1,159,$75-150,False,117.0,Sometimes Available
1004888,Private room in Jamaica,501288,Host1288,f,Queens,Jamaica,40.727359,-73.812656,Private room,101.48,5,48,2025-12-08,4.09,2,224,$75-150,False,270.0,Highly Available
1004889,Private room in Hell's Kitchen,501289,Host1289,t,Manhattan,Hell's Kitchen,40.789323,-73.958182,Private room,104.27,1,49,2026-04-19,5.34,3,61,$75-150,True,138.0,Sometimes Available
1004890,Private room in Astoria,501290,Host1290,f,Queens,Astoria,40.753115,-73.784192,Private room,20.0,7,26,2026-02-26,1.95,1,134,$0-75,False,190.0,Sometimes Available
1004891,Private room in Crown Heights,501291,Host1291,f,Brooklyn,Crown Heights,40.687039,-73.913488,Private room,20.0,2,41,2026-07-22,2.7,1,168,$0-75,False,44.0,Sometimes Available
1004892,Entire home/apt in Mott Haven,501292,Host1292,f,Bronx,Mott Haven,40.849249,-73.877126,Entire home/apt,72.51,1,96,2026-04-22,2.34,2,310,$0-75,False,135.0,Highly Available
1004893,Private room in Park Slope,501293,Host1293,f,Brooklyn,Park Slope,40.670644,-73.94163,Private room,55.67,2,22,2026-05-26,0.57,3,50,$0-75,False,101.0,Sometimes Available
1004894,Private room in Fordham,501294,Host1294,t,Bronx,Fordham,40.817947,-73.879841,Private room,36.74,3,8,2025-12-14,0.47,1,80,$0-75,True,264.0,Sometimes Available
1004895,Entire home/apt in Bushwick,501295,Host1295,t,Brooklyn,Bushwick,40.661615,-73.962827,Entire home/apt,59.28,5,17,2025-11-22,0.47,1,292,$0-75,True,286.0,Highly Available
1004896,Private room in Hell's Kitchen,501296,Host1296,f,Manhattan,Hell's Kitchen,40.758177,-73.981337,Private room,97.85,1,11,2026-04-08,0.45,1,16,$75-150,False,149.0,Rarely Available
1004897,Shared room in Upper West Side,501297,Host1297,t,Manhattan,Upper West Side,40.790174,-73.962554,Shared room,82.3,1,9,2026-03-06,0.36,2,83,$75-150,True,182.0,Sometimes Available
1004898,Private room in Greenpoint,501298,Host1298,f,Brooklyn,Greenpoint,40.666435,-73.941984,Private room,115.33,5,2,2026-03-25,0.05,1,68,$75-150,False,163.0,Sometimes Available
1004899,Entire home/apt in Bedford-Stuyvesant,501299,Host1299,f,Brooklyn,Bedford-Stuyvesant,40.670104,-73.945953,Entire home/apt,261.84,1,44,2024-10-31,1.83,1,67,$250-400,False,673.0,Sometimes Available
1004900,Entire home/apt in Flushing,501300,Host1300,f,Queens,Flushing,40.767967,-73.786432,Entire home/apt,206.47,14,8,2026-05-05,0.24,1,85,$150-250,False,122.0,Sometimes Available
1004901,Entire home/apt in Astoria,501301,Host1301,f,Queens,Astoria,40.716246,-73.776479,Entire home/apt,102.58,1,17,2025-08-29,1.16,1,365,$75-150,False,371.0,Highly Available
1004902,Entire home/apt in Greenpoint,501302,Host1302,f,Brooklyn,Greenpoint,40.66266,-73.942084,Entire home/apt,118.54,1,8,2026-04-18,0.26,1,230,$75-150,False,139.0,Highly Available
1004903,Entire home/apt in St. George,501303,Host1303,f,Staten Island,St. George,40.541314,-74.148965,Entire home/apt,84.37,1,7,2026-07-15,0.38,1,270,$75-150,False,51.0,Highly Available
1004904,Entire home/apt in Flushing,501304,Host1304,f,Queens,Flushing,40.733439,-73.806286,Entire home/apt,201.03,3,15,2026-08-01,0.34,1,159,$150-250,False,34.0,Sometimes Available
1004905,Private room in Harlem,501305,Host1305,f,Manhattan,Harlem,40.772167,-73.938731,Private room,209.02,1,9,2026-06-03,0.2,1,157,$150-250,False,93.0,Sometimes Available
1004906,Private room in Greenpoint,501306,Host1306,f,Brooklyn,Greenpoint,40.708456,-73.928823,Private room,90.59,1,52,2025-08-13,1.98,1,0,$75-150,False,387.0,Rarely Available
1004907,Entire home/apt in Harlem,501307,Host1307,t,Manhattan,Harlem,40.812262,-73.959899,Entire home/apt,33.19,2,42,2025-08-29,1.21,1,0,$0-75,True,371.0,Rarely Available
1004908,Entire home/apt in Jamaica,501308,Host1308,t,Queens,Jamaica,40.742408,-73.782953,Entire home/apt,114.5,14,18,2026-06-24,0.54,3,157,$75-150,True,72.0,Sometimes Available
1004909,Entire home/apt in Upper West Side,501309,Host1309,f,Manhattan,Upper West Side,40.761404,-73.950381,Entire home/apt,138.47,1,29,2026-06-25,1.33,1,78,$75-150,False,71.0,Sometimes Available
1004910,Private room in DUMBO,501310,Host1310,f,Brooklyn,DUMBO,40.677754,-73.9347,Private room,123.17,2,12,2026-03-03,0.25,1,198,$75-150,False,185.0,Highly Available
1004911,Hotel room in Astoria,501311,Host1311,f,Queens,Astoria,40.751193,-73.807596,Hotel room,242.4,1,28,2026-07-26,2.12,1,21,$150-250,False,40.0,Rarely Available
1004912,Entire home/apt in Financial District,501312,Host1312,f,Manhattan,Financial District,40.77284,-73.975215,Entire home/apt,235.77,2,2,2026-06-27,0.05,10,110,$150-250,False,69.0,Sometimes Available
1004913,Entire home/apt in Hell's Kitchen,501313,Host1313,f,Manhattan,Hell's Kitchen,40.777755,-73.995956,Entire home/apt,275.43,3,18,2026-06-13,0.71,1,0,$250-400,False,83.0,Rarely Available
1004914,Entire home/apt in Park Slope,501314,Host1314,f,Brooklyn,Park Slope,40.65497,-73.974918,Entire home/apt,116.3,30,4,2026-05-13,0.24,1,200,$75-150,False,114.0,Highly Available
1004915,Private room in Greenpoint,501315,Host1315,f,Brooklyn,Greenpoint,40.681627,-73.955796,Private room,152.55,1,20,2026-06-20,0.57,1,158,$150-250,False,76.0,Sometimes Available
1004916,Private room in Long Island City,501316,Host1316,f,Queens,Long Island City,40.736761,-73.806119,Private room,103.33,7,18,2026-06-13,0.38,1,0,$75-150,False,83.0,Rarely Available
1004917,Private room in Long Island City,501317,Host1317,f,Queens,Long Island City,40.719724,-73.820595,Private room,50.44,2,8,2026-05-04,0.25,1,47,$0-75,False,123.0,Sometimes Available
1004918,Entire home/apt in Chelsea,501318,Host1318,f,Manhattan,Chelsea,40.763679,-73.967103,Entire home/apt,251.19,1,1,2026-08-01,0.03,1,56,$250-400,False,34.0,Sometimes Available
1004919,Entire home/apt in Financial District,501319,Host1319,f,Manhattan,Financial District,40.79963,-73.968203,Entire home/apt,279.48,5,36,2026-03-02,0.94,1,0,$250-400,False,186.0,Rarely Available
1004920,Entire home/apt in Flushing,501320,Host1320,f,Queens,Flushing,40.721372,-73.793001,Entire home/apt,255.89,3,15,2026-02-10,0.71,1,167,$250-400,False,206.0,Sometimes Available
1004921,Private room in Hell's Kitchen,501321,Host1321,f,Manhattan,Hell's Kitchen,40.795169,-73.972887,Private room,234.37,2,16,2026-04-18,0.34,2,200,$150-250,False,139.0,Highly Available
1004922,Hotel room in Astoria,501322,Host1322,f,Queens,Astoria,40.685118,-73.811538,Hotel room,385.04,1,3,2026-03-01,0.17,1,96,$250-400,False,187.0,Sometimes Available
1004923,Entire home/apt in East Village,501323,Host1323,t,Manhattan,East Village,40.763859,-73.953121,Entire home/apt,248.31,5,38,2026-07-13,2.66,2,228,$150-250,True,53.0,Highly Available
1004924,Shared room in Harlem,501324,Host1324,t,Manhattan,Harlem,40.757447,-73.950745,Shared room,92.82,14,44,2026-07-11,2.42,1,38,$75-150,True,55.0,Sometimes Available
1004925,Entire home/apt in Greenpoint,501325,Host1325,f,Brooklyn,Greenpoint,40.695197,-73.992135,Entire home/apt,154.7,1,110,2026-07-05,2.32,1,107,$150-250,False,61.0,Sometimes Available
1004926,Entire home/apt in Long Island City,501326,Host1326,f,Queens,Long Island City,40.737973,-73.777264,Entire home/apt,135.52,2,34,2026-07-19,2.08,3,0,$75-150,False,47.0,Rarely Available
1004927,Entire home/apt in Greenpoint,501327,Host1327,f,Brooklyn,Greenpoint,40.69924,-73.942604,Entire home/apt,257.5,5,24,2025-09-16,2.62,1,109,$250-400,False,353.0,Sometimes Available
1004928,Shared room in Hell's Kitchen,501328,Host1328,f,Manhattan,Hell's Kitchen,40.785511,-73.980663,Shared room,123.16,1,46,2026-05-24,6.87,1,146,$75-150,False,103.0,Sometimes Available
1004929,Entire home/apt in DUMBO,501329,Host1329,f,Brooklyn,DUMBO,40.677298,-73.920145,Entire home/apt,267.99,2,3,2026-04-28,0.18,1,150,$250-400,False,129.0,Sometimes Available
1004930,Private room in Ridgewood,501330,Host1330,f,Queens,Ridgewood,40.716513,-73.772271,Private room,129.17,1,12,2026-06-03,0.82,1,225,$75-150,False,93.0,Highly Available
1004931,Entire home/apt in Hell's Kitchen,501331,Host1331,t,Manhattan,Hell's Kitchen,40.778153,-73.932803,Entire home/apt,422.48,3,29,2026-06-16,2.49,5,191,$400+,True,80.0,Highly Available
1004932,Shared room in Crown Heights,501332,Host1332,f,Brooklyn,Crown Heights,40.683138,-73.905039,Shared room,83.96,1,9,2026-05-27,0.21,1,197,$75-150,False,100.0,Highly Available
1004933,Private room in Greenpoint,501333,Host1333,t,Brooklyn,Greenpoint,40.698721,-73.919233,Private room,81.1,1,14,2026-05-13,0.39,5,151,$75-150,True,114.0,Sometimes Available
1004934,Entire home/apt in Flushing,501334,Host1334,f,Queens,Flushing,40.739335,-73.83519,Entire home/apt,247.62,1,8,2025-09-08,0.53,1,123,$150-250,False,361.0,Sometimes Available
1004935,Entire home/apt in Park Slope,501335,Host1335,f,Brooklyn,Park Slope,40.679512,-73.936968,Entire home/apt,361.69,1,15,2026-04-09,0.51,1,190,$250-400,False,148.0,Highly Available
1004936,Entire home/apt in Park Slope,501336,Host1336,t,Brooklyn,Park Slope,40.665662,-73.939554,Entire home/apt,147.25,5,46,2025-12-11,2.53,1,0,$75-150,True,267.0,Rarely Available
1004937,Entire home/apt in Hell's Kitchen,501337,Host1337,f,Manhattan,Hell's Kitchen,40.760188,-73.929197,Entire home/apt,254.54,1,81,2026-06-24,2.84,1,66,$250-400,False,72.0,Sometimes Available
1004938,Private room in Bedford-Stuyvesant,501338,Host1338,f,Brooklyn,Bedford-Stuyvesant,40.686835,-73.962795,Private room,101.28,1,3,2026-04-02,0.12,1,115,$75-150,False,155.0,Sometimes Available
1004939,Private room in Ridgewood,501339,Host1339,f,Queens,Ridgewood,40.758662,-73.792971,Private room,109.7,2,15,2025-08-22,0.91,1,82,$75-150,False,378.0,Sometimes Available
1004940,Private room in Crown Heights,501340,Host1340,f,Brooklyn,Crown Heights,40.681,-73.951846,Private room,208.09,2,9,2026-05-04,0.4,3,194,$150-250,False,123.0,Highly Available
1004941,Entire home/apt in Flushing,501341,Host1341,t,Queens,Flushing,40.71149,-73.782742,Entire home/apt,76.9,30,13,2026-07-23,0.44,1,0,$75-150,True,43.0,Rarely Available
1004942,Private room in Flushing,501342,Host1342,t,Queens,Flushing,40.730568,-73.785797,Private room,47.74,1,39,2026-05-30,3.26,1,38,$0-75,True,97.0,Sometimes Available
1004943,Entire home/apt in Upper West Side,501343,Host1343,f,Manhattan,Upper West Side,40.70944,-73.972104,Entire home/apt,246.62,1,55,2025-07-16,1.19,1,232,$150-250,False,415.0,Highly Available
1004944,Entire home/apt in Greenpoint,501344,Host1344,f,Brooklyn,Greenpoint,40.669748,-73.940615,Entire home/apt,136.02,1,43,2026-05-26,1.46,2,323,$75-150,False,101.0,Highly Available
1004945,Private room in Bushwick,501345,Host1345,t,Brooklyn,Bushwick,40.6586,-73.931276,Private room,186.75,1,2,2026-02-28,0.23,1,365,$150-250,True,188.0,Highly Available
1004946,Private room in East Village,501346,Host1346,f,Manhattan,East Village,40.795818,-73.942299,Private room,61.25,7,9,2026-07-05,1.45,3,152,$0-75,False,61.0,Sometimes Available
1004947,Private room in Park Slope,501347,Host1347,t,Brooklyn,Park Slope,40.655627,-73.98405,Private room,95.86,2,16,2026-07-04,0.53,1,238,$75-150,True,62.0,Highly Available
1004948,Entire home/apt in Astoria,501348,Host1348,f,Queens,Astoria,40.671259,-73.761942,Entire home/apt,84.78,2,8,2026-07-10,0.38,1,112,$75-150,False,56.0,Sometimes Available
1004949,Private room in Riverdale,501349,Host1349,f,Bronx,Riverdale,40.818276,-73.917302,Private room,86.49,3,7,2026-07-11,0.21,1,91,$75-150,False,55.0,Sometimes Available
1004950,Entire home/apt in Harlem,501350,Host1350,f,Manhattan,Harlem,40.764905,-73.944594,Entire home/apt,116.45,3,17,2026-04-21,1.09,2,0,$75-150,False,136.0,Rarely Available
1004951,Entire home/apt in Mott Haven,501351,Host1351,t,Bronx,Mott Haven,40.836764,-73.891202,Entire home/apt,95.3,1,8,2026-01-04,0.45,1,27,$75-150,True,243.0,Rarely Available
1004952,Entire home/apt in Upper West Side,501352,Host1352,t,Manhattan,Upper West Side,40.787622,-73.979979,Entire home/apt,412.87,1,13,2025-05-22,0.42,5,275,$400+,True,470.0,Highly Available
1004953,Private room in Astoria,501353,Host1353,f,Queens,Astoria,40.720991,-73.772309,Private room,110.34,1,28,2026-05-02,0.6,1,6,$75-150,False,125.0,Rarely Available
1004954,Private room in Tottenville,501354,Host1354,f,Staten Island,Tottenville,40.557213,-74.150772,Private room,20.7,2,42,2025-12-25,2.17,1,197,$0-75,False,253.0,Highly Available
1004955,Private room in Riverdale,501355,Host1355,f,Bronx,Riverdale,40.821402,-73.92201,Private room,55.39,7,46,2026-05-06,1.47,1,103,$0-75,False,121.0,Sometimes Available
1004956,Entire home/apt in Mott Haven,501356,Host1356,t,Bronx,Mott Haven,40.888122,-73.851807,Entire home/apt,52.76,2,0,,0.0,1,126,$0-75,True,,Sometimes Available
1004957,Private room in Financial District,501357,Host1357,t,Manhattan,Financial District,40.791784,-73.966228,Private room,132.23,3,17,2026-06-17,0.44,1,288,$75-150,True,79.0,Highly Available
1004958,Shared room in Riverdale,501358,Host1358,t,Bronx,Riverdale,40.85694,-73.862734,Shared room,48.08,1,22,2026-02-14,0.71,1,42,$0-75,True,202.0,Sometimes Available
1004959,Entire home/apt in Hell's Kitchen,501359,Host1359,f,Manhattan,Hell's Kitchen,40.845431,-73.98756,Entire home/apt,285.17,3,1,2026-06-15,0.06,1,97,$250-400,False,81.0,Sometimes Available
1004960,Hotel room in Bedford-Stuyvesant,501360,Host1360,f,Brooklyn,Bedford-Stuyvesant,40.643173,-73.988925,Hotel room,168.57,2,46,2026-04-10,1.93,1,105,$150-250,False,147.0,Sometimes Available
1004961,Entire home/apt in St. George,501361,Host1361,f,Staten Island,St. George,40.628997,-74.183022,Entire home/apt,49.47,1,13,2026-03-25,0.29,1,25,$0-75,False,163.0,Rarely Available
1004962,Private room in Bushwick,501362,Host1362,f,Brooklyn,Bushwick,40.679381,-73.96517,Private room,52.56,7,5,2026-07-14,0.59,1,270,$0-75,False,52.0,Highly Available
1004963,Entire home/apt in Midtown,501363,Host1363,f,Manhattan,Midtown,40.776963,-73.950553,Entire home/apt,142.22,14,20,2026-04-18,0.67,1,247,$75-150,False,139.0,Highly Available
1004964,Entire home/apt in Williamsburg,501364,Host1364,f,Brooklyn,Williamsburg,40.657921,-73.916175,Entire home/apt,329.92,1,19,2026-07-14,0.95,1,210,$250-400,False,52.0,Highly Available
1004965,Private room in Chelsea,501365,Host1365,f,Manhattan,Chelsea,40.773484,-73.957908,Private room,192.91,1,2,2025-09-28,0.07,1,0,$150-250,False,341.0,Rarely Available
1004966,Entire home/apt in East Village,501366,Host1366,f,Manhattan,East Village,40.78708,-73.909507,Entire home/apt,349.84,1,40,2026-04-10,1.01,10,315,$250-400,False,147.0,Highly Available
1004967,Private room in Williamsburg,501367,Host1367,f,Brooklyn,Williamsburg,40.709671,-73.941141,Private room,156.84,1,0,,0.0,1,97,$150-250,False,,Sometimes Available
1004968,Private room in Flushing,501368,Host1368,f,Queens,Flushing,40.73386,-73.818701,Private room,138.69,3,6,2026-07-16,0.14,1,99,$75-150,False,50.0,Sometimes Available
1004969,Private room in Greenpoint,501369,Host1369,t,Brooklyn,Greenpoint,40.676956,-73.956399,Private room,139.99,1,2,2026-05-04,0.05,3,28,$75-150,True,123.0,Rarely Available
1004970,Hotel room in Chelsea,501370,Host1370,f,Manhattan,Chelsea,40.815251,-73.964723,Hotel room,553.4843000000001,5,23,2026-02-05,1.18,2,97,$400+,False,211.0,Sometimes Available
1004971,Private room in DUMBO,501371,Host1371,f,Brooklyn,DUMBO,40.674237,-73.937421,Private room,114.41,1,22,2026-04-25,1.47,1,268,$75-150,False,132.0,Highly Available
1004972,Entire home/apt in DUMBO,501372,Host1372,f,Brooklyn,DUMBO,40.673082,-73.956275,Entire home/apt,222.75,14,2,2026-03-13,0.13,1,290,$150-250,False,175.0,Highly Available
1004973,Private room in Hell's Kitchen,501373,Host1373,f,Manhattan,Hell's Kitchen,40.722111,-73.970571,Private room,198.7,1,17,2026-04-17,0.91,2,145,$150-250,False,140.0,Sometimes Available
1004974,Entire home/apt in Flushing,501374,Host1374,f,Queens,Flushing,40.705629,-73.778261,Entire home/apt,142.18,1,34,2026-03-04,3.88,1,6,$75-150,False,184.0,Rarely Available
1004975,Private room in East Village,501375,Host1375,f,Manhattan,East Village,40.794854,-73.965078,Private room,160.04,3,28,2026-01-07,1.37,2,47,$150-250,False,240.0,Sometimes Available
1004976,Entire home/apt in Financial District,501376,Host1376,f,Manhattan,Financial District,40.772416,-73.965422,Entire home/apt,177.54,7,12,2026-04-29,0.64,1,0,$150-250,False,128.0,Rarely Available
1004977,Private room in Harlem,501377,Host1377,t,Manhattan,Harlem,40.767828,-74.007501,Private room,139.21,5,7,2025-12-14,0.86,1,153,$75-150,True,264.0,Sometimes Available
1004978,Entire home/apt in Park Slope,501378,Host1378,f,Brooklyn,Park Slope,40.664593,-73.953505,Entire home/apt,326.46,1,15,2026-04-04,1.57,1,277,$250-400,False,153.0,Highly Available
1004979,Private room in Financial District,501379,Host1379,f,Manhattan,Financial District,40.782395,-73.964367,Private room,105.94,1,33,2025-11-29,1.6,10,62,$75-150,False,279.0,Sometimes Available
1004980,Entire home/apt in DUMBO,501380,Host1380,f,Brooklyn,DUMBO,40.670721,-73.926894,Entire home/apt,191.01,2,50,2026-06-06,2.41,1,94,$150-250,False,90.0,Sometimes Available
1004981,Entire home/apt in Park Slope,501381,Host1381,f,Brooklyn,Park Slope,40.663636,-73.958702,Entire home/apt,200.28,1,114,2026-06-02,7.79,1,126,$150-250,False,94.0,Sometimes Available
1004982,Entire home/apt in Bushwick,501382,Host1382,f,Brooklyn,Bushwick,40.667533,-73.919484,Entire home/apt,147.96,30,129,2026-02-19,5.28,1,77,$75-150,False,197.0,Sometimes Available
1004983,Private room in Riverdale,501383,Host1383,f,Bronx,Riverdale,40.805306,-73.880788,Private room,56.23,1,50,2026-01-09,3.11,1,4,$0-75,False,238.0,Rarely Available
1004984,Private room in Flushing,501384,Host1384,f,Queens,Flushing,40.730581,-73.783634,Private room,78.91,1,24,2026-03-28,0.58,1,208,$75-150,False,160.0,Highly Available
1004985,Entire home/apt in Hell's Kitchen,501385,Host1385,f,Manhattan,Hell's Kitchen,40.716371,-73.976363,Entire home/apt,159.58,2,5,2026-06-22,0.21,1,365,$150-250,False,74.0,Highly Available
1004986,Private room in Riverdale,501386,Host1386,f,Bronx,Riverdale,40.838872,-73.907298,Private room,86.08,2,15,2025-11-11,0.54,1,289,$75-150,False,297.0,Highly Available
1004987,Private room in Tottenville,501387,Host1387,f,Staten Island,Tottenville,40.599371,-74.113795,Private room,33.12,2,15,2026-02-04,0.37,1,194,$0-75,False,212.0,Highly Available
1004988,Entire home/apt in Chelsea,501388,Host1388,f,Manhattan,Chelsea,40.782701,-73.948485,Entire home/apt,303.84,14,30,2026-01-05,1.94,1,63,$250-400,False,242.0,Sometimes Available
1004989,Shared room in Midtown,501389,Host1389,f,Manhattan,Midtown,40.751728,-73.938182,Shared room,56.52,7,1,2026-06-27,0.05,1,236,$0-75,False,69.0,Highly Available
1004990,Private room in DUMBO,501390,Host1390,t,Brooklyn,DUMBO,40.684951,-73.958014,Private room,42.46,7,0,,0.0,1,4,$0-75,True,,Rarely Available
1004991,Entire home/apt in Upper West Side,501391,Host1391,t,Manhattan,Upper West Side,40.797125,-73.992379,Entire home/apt,491.25,1,37,2025-11-20,3.21,5,365,$400+,True,288.0,Highly Available
1004992,Entire home/apt in Crown Heights,501392,Host1392,f,Brooklyn,Crown Heights,40.703697,-73.955533,Entire home/apt,446.65,2,9,2026-06-28,0.42,1,61,$400+,False,68.0,Sometimes Available
1004993,Entire home/apt in Upper West Side,501393,Host1393,f,Manhattan,Upper West Side,40.751599,-73.975906,Entire home/apt,292.21,1,21,2026-02-12,1.65,1,134,$250-400,False,204.0,Sometimes Available
1004994,Entire home/apt in Chelsea,501394,Host1394,f,Manhattan,Chelsea,40.760591,-73.980909,Entire home/apt,146.48,2,54,2025-01-27,1.75,1,0,$75-150,False,585.0,Rarely Available
1004995,Entire home/apt in Ridgewood,501395,Host1395,t,Queens,Ridgewood,40.70735,-73.799361,Entire home/apt,130.95,1,17,2025-11-25,1.02,2,317,$75-150,True,283.0,Highly Available
1004996,Private room in Harlem,501396,Host1396,f,Manhattan,Harlem,40.798417,-73.989598,Private room,119.32,7,15,2026-06-12,0.38,5,89,$75-150,False,84.0,Sometimes Available
1004997,Private room in Williamsburg,501397,Host1397,f,Brooklyn,Williamsburg,40.646728,-73.946644,Private room,141.64,30,2,2025-12-17,0.08,3,112,$75-150,False,261.0,Sometimes Available
1004998,Entire home/apt in Jamaica,501398,Host1398,f,Queens,Jamaica,40.748239,-73.783843,Entire home/apt,121.4,7,14,2026-06-22,0.38,1,196,$75-150,False,74.0,Highly Available
1004999,Entire home/apt in Midtown,501399,Host1399,f,Manhattan,Midtown,40.773294,-73.963431,Entire home/apt,149.25,3,51,2026-06-09,1.39,1,198,$75-150,False,87.0,Highly Available
1005000,Private room in Jamaica,501400,Host1400,f,Queens,Jamaica,40.725623,-73.786988,Private room,71.31,7,26,2025-10-03,0.81,3,169,$0-75,False,336.0,Sometimes Available
